-- MariaDB dump 10.19  Distrib 10.5.13-MariaDB, for Linux (x86_64)
--
-- Host: localhost    Database: xs931140_omeka
-- ------------------------------------------------------
-- Server version	10.5.13-MariaDB-log

/*!40101 SET @OLD_CHARACTER_SET_CLIENT=@@CHARACTER_SET_CLIENT */;
/*!40101 SET @OLD_CHARACTER_SET_RESULTS=@@CHARACTER_SET_RESULTS */;
/*!40101 SET @OLD_COLLATION_CONNECTION=@@COLLATION_CONNECTION */;
/*!40101 SET NAMES utf8mb4 */;
/*!40103 SET @OLD_TIME_ZONE=@@TIME_ZONE */;
/*!40103 SET TIME_ZONE='+00:00' */;
/*!40014 SET @OLD_UNIQUE_CHECKS=@@UNIQUE_CHECKS, UNIQUE_CHECKS=0 */;
/*!40014 SET @OLD_FOREIGN_KEY_CHECKS=@@FOREIGN_KEY_CHECKS, FOREIGN_KEY_CHECKS=0 */;
/*!40101 SET @OLD_SQL_MODE=@@SQL_MODE, SQL_MODE='NO_AUTO_VALUE_ON_ZERO' */;
/*!40111 SET @OLD_SQL_NOTES=@@SQL_NOTES, SQL_NOTES=0 */;

--
-- Table structure for table `api_key`
--

DROP TABLE IF EXISTS `api_key`;
/*!40101 SET @saved_cs_client     = @@character_set_client */;
/*!40101 SET character_set_client = utf8 */;
CREATE TABLE `api_key` (
  `id` varchar(32) COLLATE utf8mb4_unicode_ci NOT NULL,
  `owner_id` int(11) NOT NULL,
  `label` varchar(255) COLLATE utf8mb4_unicode_ci NOT NULL,
  `credential_hash` varchar(60) COLLATE utf8mb4_unicode_ci NOT NULL,
  `last_ip` varbinary(16) DEFAULT NULL COMMENT '(DC2Type:ip_address)',
  `last_accessed` datetime DEFAULT NULL,
  `created` datetime NOT NULL,
  PRIMARY KEY (`id`),
  KEY `IDX_C912ED9D7E3C61F9` (`owner_id`),
  CONSTRAINT `FK_C912ED9D7E3C61F9` FOREIGN KEY (`owner_id`) REFERENCES `user` (`id`)
) ENGINE=InnoDB DEFAULT CHARSET=utf8mb4 COLLATE=utf8mb4_unicode_ci;
/*!40101 SET character_set_client = @saved_cs_client */;

--
-- Dumping data for table `api_key`
--

LOCK TABLES `api_key` WRITE;
/*!40000 ALTER TABLE `api_key` DISABLE KEYS */;
INSERT INTO `api_key` VALUES ('0ibxrwX7j986rhn8kOw2SCU5fzwUFdy5',1,'label','$2y$10$Oon76Ixl8ImMFL5ltzP5FOYcQg.o0dnno0807VaIQwrWpd9Vx6Ldi',NULL,NULL,'2021-11-07 15:16:33');
/*!40000 ALTER TABLE `api_key` ENABLE KEYS */;
UNLOCK TABLES;

--
-- Table structure for table `asset`
--

DROP TABLE IF EXISTS `asset`;
/*!40101 SET @saved_cs_client     = @@character_set_client */;
/*!40101 SET character_set_client = utf8 */;
CREATE TABLE `asset` (
  `id` int(11) NOT NULL AUTO_INCREMENT,
  `owner_id` int(11) DEFAULT NULL,
  `name` varchar(255) COLLATE utf8mb4_unicode_ci NOT NULL,
  `media_type` varchar(255) COLLATE utf8mb4_unicode_ci NOT NULL,
  `storage_id` varchar(190) COLLATE utf8mb4_unicode_ci NOT NULL,
  `extension` varchar(255) COLLATE utf8mb4_unicode_ci DEFAULT NULL,
  `alt_text` longtext COLLATE utf8mb4_unicode_ci DEFAULT NULL,
  PRIMARY KEY (`id`),
  UNIQUE KEY `UNIQ_2AF5A5C5CC5DB90` (`storage_id`),
  KEY `IDX_2AF5A5C7E3C61F9` (`owner_id`),
  CONSTRAINT `FK_2AF5A5C7E3C61F9` FOREIGN KEY (`owner_id`) REFERENCES `user` (`id`) ON DELETE SET NULL
) ENGINE=InnoDB DEFAULT CHARSET=utf8mb4 COLLATE=utf8mb4_unicode_ci;
/*!40101 SET character_set_client = @saved_cs_client */;

--
-- Dumping data for table `asset`
--

LOCK TABLES `asset` WRITE;
/*!40000 ALTER TABLE `asset` DISABLE KEYS */;
/*!40000 ALTER TABLE `asset` ENABLE KEYS */;
UNLOCK TABLES;

--
-- Table structure for table `bulk_export`
--

DROP TABLE IF EXISTS `bulk_export`;
/*!40101 SET @saved_cs_client     = @@character_set_client */;
/*!40101 SET character_set_client = utf8 */;
CREATE TABLE `bulk_export` (
  `id` int(11) NOT NULL AUTO_INCREMENT,
  `exporter_id` int(11) DEFAULT NULL,
  `owner_id` int(11) DEFAULT NULL,
  `job_id` int(11) DEFAULT NULL,
  `comment` varchar(190) COLLATE utf8mb4_unicode_ci DEFAULT NULL,
  `writer_params` longtext COLLATE utf8mb4_unicode_ci DEFAULT NULL COMMENT '(DC2Type:json)',
  `filename` varchar(255) COLLATE utf8mb4_unicode_ci DEFAULT NULL,
  PRIMARY KEY (`id`),
  UNIQUE KEY `UNIQ_625A30FDBE04EA9` (`job_id`),
  KEY `IDX_625A30FDB4523DE5` (`exporter_id`),
  KEY `IDX_625A30FD7E3C61F9` (`owner_id`),
  CONSTRAINT `FK_625A30FD7E3C61F9` FOREIGN KEY (`owner_id`) REFERENCES `user` (`id`) ON DELETE SET NULL,
  CONSTRAINT `FK_625A30FDB4523DE5` FOREIGN KEY (`exporter_id`) REFERENCES `bulk_exporter` (`id`) ON DELETE SET NULL,
  CONSTRAINT `FK_625A30FDBE04EA9` FOREIGN KEY (`job_id`) REFERENCES `job` (`id`) ON DELETE SET NULL
) ENGINE=InnoDB DEFAULT CHARSET=utf8mb4 COLLATE=utf8mb4_unicode_ci;
/*!40101 SET character_set_client = @saved_cs_client */;

--
-- Dumping data for table `bulk_export`
--

LOCK TABLES `bulk_export` WRITE;
/*!40000 ALTER TABLE `bulk_export` DISABLE KEYS */;
/*!40000 ALTER TABLE `bulk_export` ENABLE KEYS */;
UNLOCK TABLES;

--
-- Table structure for table `bulk_exporter`
--

DROP TABLE IF EXISTS `bulk_exporter`;
/*!40101 SET @saved_cs_client     = @@character_set_client */;
/*!40101 SET character_set_client = utf8 */;
CREATE TABLE `bulk_exporter` (
  `id` int(11) NOT NULL AUTO_INCREMENT,
  `owner_id` int(11) DEFAULT NULL,
  `label` varchar(190) COLLATE utf8mb4_unicode_ci DEFAULT NULL,
  `writer_class` varchar(190) COLLATE utf8mb4_unicode_ci DEFAULT NULL,
  `writer_config` longtext COLLATE utf8mb4_unicode_ci DEFAULT NULL COMMENT '(DC2Type:json)',
  PRIMARY KEY (`id`),
  KEY `IDX_6093500B7E3C61F9` (`owner_id`),
  CONSTRAINT `FK_6093500B7E3C61F9` FOREIGN KEY (`owner_id`) REFERENCES `user` (`id`) ON DELETE SET NULL
) ENGINE=InnoDB AUTO_INCREMENT=6 DEFAULT CHARSET=utf8mb4 COLLATE=utf8mb4_unicode_ci;
/*!40101 SET character_set_client = @saved_cs_client */;

--
-- Dumping data for table `bulk_exporter`
--

LOCK TABLES `bulk_exporter` WRITE;
/*!40000 ALTER TABLE `bulk_exporter` DISABLE KEYS */;
INSERT INTO `bulk_exporter` VALUES (1,1,'CSV','BulkExport\\Writer\\CsvWriter','{\"delimiter\":\",\",\"enclosure\":\"\\\"\",\"escape\":\"\\\\\",\"separator\":\" | \",\"resource_types\":[\"o:Item\"],\"metadata\":null,\"query\":\"\"}'),(2,1,'OpenDocument spreadsheet (ods)','BulkExport\\Writer\\OpenDocumentSpreadsheetWriter','{\"separator\":\" | \",\"resource_types\":[\"o:Item\"],\"metadata\":null,\"query\":\"\"}'),(3,1,'OpenDocument text (odt)','BulkExport\\Writer\\OpenDocumentTextWriter','{\"format_fields\":\"label\",\"resource_types\":[\"o:Item\"],\"metadata\":null,\"query\":\"\"}'),(4,1,'TSV (tab-separated values)','BulkExport\\Writer\\TsvWriter','{\"separator\":\" | \",\"resource_types\":[\"o:Item\"],\"metadata\":null,\"query\":\"\"}'),(5,1,'Text','BulkExport\\Writer\\TextWriter','{\"format_fields\":\"label\",\"resource_types\":[\"o:Item\"],\"metadata\":null,\"query\":\"\"}');
/*!40000 ALTER TABLE `bulk_exporter` ENABLE KEYS */;
UNLOCK TABLES;

--
-- Table structure for table `bulk_import`
--

DROP TABLE IF EXISTS `bulk_import`;
/*!40101 SET @saved_cs_client     = @@character_set_client */;
/*!40101 SET character_set_client = utf8 */;
CREATE TABLE `bulk_import` (
  `id` int(11) NOT NULL AUTO_INCREMENT,
  `importer_id` int(11) DEFAULT NULL,
  `job_id` int(11) DEFAULT NULL,
  `undo_job_id` int(11) DEFAULT NULL,
  `comment` varchar(190) COLLATE utf8mb4_unicode_ci DEFAULT NULL,
  `reader_params` longtext COLLATE utf8mb4_unicode_ci DEFAULT NULL COMMENT '(DC2Type:json)',
  `processor_params` longtext COLLATE utf8mb4_unicode_ci DEFAULT NULL COMMENT '(DC2Type:json)',
  PRIMARY KEY (`id`),
  UNIQUE KEY `UNIQ_BD98E874BE04EA9` (`job_id`),
  KEY `IDX_BD98E8747FCFE58E` (`importer_id`),
  KEY `FK_BD98E8744C276F75` (`undo_job_id`),
  CONSTRAINT `FK_BD98E8744C276F75` FOREIGN KEY (`undo_job_id`) REFERENCES `job` (`id`) ON DELETE SET NULL,
  CONSTRAINT `FK_BD98E8747FCFE58E` FOREIGN KEY (`importer_id`) REFERENCES `bulk_importer` (`id`) ON DELETE SET NULL,
  CONSTRAINT `FK_BD98E874BE04EA9` FOREIGN KEY (`job_id`) REFERENCES `job` (`id`) ON DELETE SET NULL
) ENGINE=InnoDB DEFAULT CHARSET=utf8mb4 COLLATE=utf8mb4_unicode_ci;
/*!40101 SET character_set_client = @saved_cs_client */;

--
-- Dumping data for table `bulk_import`
--

LOCK TABLES `bulk_import` WRITE;
/*!40000 ALTER TABLE `bulk_import` DISABLE KEYS */;
/*!40000 ALTER TABLE `bulk_import` ENABLE KEYS */;
UNLOCK TABLES;

--
-- Table structure for table `bulk_imported`
--

DROP TABLE IF EXISTS `bulk_imported`;
/*!40101 SET @saved_cs_client     = @@character_set_client */;
/*!40101 SET character_set_client = utf8 */;
CREATE TABLE `bulk_imported` (
  `id` int(11) NOT NULL AUTO_INCREMENT,
  `job_id` int(11) NOT NULL,
  `entity_id` int(11) NOT NULL,
  `resource_type` varchar(255) COLLATE utf8mb4_unicode_ci NOT NULL,
  PRIMARY KEY (`id`),
  KEY `IDX_F60E437CB6A263D9` (`job_id`),
  CONSTRAINT `FK_F60E437CB6A263D9` FOREIGN KEY (`job_id`) REFERENCES `job` (`id`)
) ENGINE=InnoDB DEFAULT CHARSET=utf8mb4 COLLATE=utf8mb4_unicode_ci;
/*!40101 SET character_set_client = @saved_cs_client */;

--
-- Dumping data for table `bulk_imported`
--

LOCK TABLES `bulk_imported` WRITE;
/*!40000 ALTER TABLE `bulk_imported` DISABLE KEYS */;
/*!40000 ALTER TABLE `bulk_imported` ENABLE KEYS */;
UNLOCK TABLES;

--
-- Table structure for table `bulk_importer`
--

DROP TABLE IF EXISTS `bulk_importer`;
/*!40101 SET @saved_cs_client     = @@character_set_client */;
/*!40101 SET character_set_client = utf8 */;
CREATE TABLE `bulk_importer` (
  `id` int(11) NOT NULL AUTO_INCREMENT,
  `owner_id` int(11) DEFAULT NULL,
  `label` varchar(190) COLLATE utf8mb4_unicode_ci DEFAULT NULL,
  `reader_class` varchar(190) COLLATE utf8mb4_unicode_ci DEFAULT NULL,
  `reader_config` longtext COLLATE utf8mb4_unicode_ci DEFAULT NULL COMMENT '(DC2Type:json)',
  `processor_class` varchar(190) COLLATE utf8mb4_unicode_ci DEFAULT NULL,
  `processor_config` longtext COLLATE utf8mb4_unicode_ci DEFAULT NULL COMMENT '(DC2Type:json)',
  PRIMARY KEY (`id`),
  KEY `IDX_2DAF62D7E3C61F9` (`owner_id`),
  CONSTRAINT `FK_2DAF62D7E3C61F9` FOREIGN KEY (`owner_id`) REFERENCES `user` (`id`) ON DELETE SET NULL
) ENGINE=InnoDB AUTO_INCREMENT=15 DEFAULT CHARSET=utf8mb4 COLLATE=utf8mb4_unicode_ci;
/*!40101 SET character_set_client = @saved_cs_client */;

--
-- Dumping data for table `bulk_importer`
--

LOCK TABLES `bulk_importer` WRITE;
/*!40000 ALTER TABLE `bulk_importer` DISABLE KEYS */;
INSERT INTO `bulk_importer` VALUES (1,1,'Omeka S','BulkImport\\Reader\\OmekaSReader','[]','BulkImport\\Processor\\OmekaSProcessor','[]'),(2,1,'CSV - Medias','BulkImport\\Reader\\CsvReader','{\"delimiter\":\",\",\"enclosure\":\"\\\"\",\"escape\":\"\\\\\",\"separator\":\"|\"}','BulkImport\\Processor\\MediaProcessor','{\"o:resource_template\":\"\",\"o:resource_class\":\"\",\"o:owner\":\"current\",\"o:is_public\":null,\"action\":\"create\",\"action_unidentified\":\"skip\",\"identifier_name\":[\"dcterms:identifier\"],\"allow_duplicate_identifiers\":false,\"entries_to_skip\":0,\"entries_by_batch\":\"\",\"resource_type\":\"\"}'),(3,1,'CSV - Item sets','BulkImport\\Reader\\CsvReader','{\"delimiter\":\",\",\"enclosure\":\"\\\"\",\"escape\":\"\\\\\",\"separator\":\"|\"}','BulkImport\\Processor\\ItemSetProcessor','{\"o:resource_template\":\"\",\"o:resource_class\":\"\",\"o:owner\":\"current\",\"o:is_public\":null,\"action\":\"create\",\"action_unidentified\":\"skip\",\"identifier_name\":[\"dcterms:identifier\"],\"allow_duplicate_identifiers\":false,\"entries_to_skip\":0,\"entries_by_batch\":\"\",\"resource_type\":\"\"}'),(4,1,'CSV - Items','BulkImport\\Reader\\CsvReader','{\"delimiter\":\",\",\"enclosure\":\"\\\"\",\"escape\":\"\\\\\",\"separator\":\"|\"}','BulkImport\\Processor\\ItemProcessor','{\"o:resource_template\":\"\",\"o:resource_class\":\"\",\"o:owner\":\"current\",\"o:is_public\":null,\"action\":\"create\",\"action_unidentified\":\"skip\",\"identifier_name\":[\"dcterms:identifier\"],\"allow_duplicate_identifiers\":false,\"entries_to_skip\":0,\"entries_by_batch\":\"\",\"resource_type\":\"\"}'),(5,1,'CSV - Mixed resources','BulkImport\\Reader\\CsvReader','{\"delimiter\":\",\",\"enclosure\":\"\\\"\",\"escape\":\"\\\\\",\"separator\":\"|\"}','BulkImport\\Processor\\ResourceProcessor','{\"o:resource_template\":\"\",\"o:resource_class\":\"\",\"o:owner\":\"current\",\"o:is_public\":null,\"action\":\"create\",\"action_unidentified\":\"skip\",\"identifier_name\":[\"dcterms:identifier\"],\"allow_duplicate_identifiers\":false,\"entries_to_skip\":0,\"entries_by_batch\":\"\",\"resource_type\":\"\"}'),(6,1,'OpenDocument spreadsheet (ods) - Medias','BulkImport\\Reader\\OpenDocumentSpreadsheetReader','{\"separator\":\"|\"}','BulkImport\\Processor\\MediaProcessor','{\"o:resource_template\":\"\",\"o:resource_class\":\"\",\"o:owner\":\"current\",\"o:is_public\":null,\"action\":\"create\",\"action_unidentified\":\"skip\",\"identifier_name\":[\"dcterms:identifier\"],\"allow_duplicate_identifiers\":false,\"entries_to_skip\":0,\"entries_by_batch\":\"\",\"resource_type\":\"\"}'),(7,1,'OpenDocument spreadsheet (ods) - Item sets','BulkImport\\Reader\\OpenDocumentSpreadsheetReader','{\"separator\":\"|\"}','BulkImport\\Processor\\ItemSetProcessor','{\"o:resource_template\":\"\",\"o:resource_class\":\"\",\"o:owner\":\"current\",\"o:is_public\":null,\"action\":\"create\",\"action_unidentified\":\"skip\",\"identifier_name\":[\"dcterms:identifier\"],\"allow_duplicate_identifiers\":false,\"entries_to_skip\":0,\"entries_by_batch\":\"\",\"resource_type\":\"\"}'),(8,1,'OpenDocument spreadsheet (ods) - Items','BulkImport\\Reader\\OpenDocumentSpreadsheetReader','{\"separator\":\"|\"}','BulkImport\\Processor\\ItemProcessor','{\"o:resource_template\":\"\",\"o:resource_class\":\"\",\"o:owner\":\"current\",\"o:is_public\":null,\"action\":\"create\",\"action_unidentified\":\"skip\",\"identifier_name\":[\"dcterms:identifier\"],\"allow_duplicate_identifiers\":false,\"entries_to_skip\":0,\"entries_by_batch\":\"\",\"resource_type\":\"\"}'),(9,1,'OpenDocument spreadsheet (ods) - Mixed resources','BulkImport\\Reader\\OpenDocumentSpreadsheetReader','{\"separator\":\"|\"}','BulkImport\\Processor\\ResourceProcessor','{\"o:resource_template\":\"\",\"o:resource_class\":\"\",\"o:owner\":\"current\",\"o:is_public\":null,\"action\":\"create\",\"action_unidentified\":\"skip\",\"identifier_name\":[\"dcterms:identifier\"],\"allow_duplicate_identifiers\":false,\"entries_to_skip\":0,\"entries_by_batch\":\"\",\"resource_type\":\"\"}'),(10,1,'TSV (tab-separated values) - Medias','BulkImport\\Reader\\TsvReader','{\"separator\":\"|\"}','BulkImport\\Processor\\MediaProcessor','{\"o:resource_template\":\"\",\"o:resource_class\":\"\",\"o:owner\":\"current\",\"o:is_public\":null,\"action\":\"create\",\"action_unidentified\":\"skip\",\"identifier_name\":[\"dcterms:identifier\"],\"allow_duplicate_identifiers\":false,\"entries_to_skip\":0,\"entries_by_batch\":\"\",\"resource_type\":\"\"}'),(11,1,'TSV (tab-separated values) - Item sets','BulkImport\\Reader\\TsvReader','{\"separator\":\"|\"}','BulkImport\\Processor\\ItemSetProcessor','{\"o:resource_template\":\"\",\"o:resource_class\":\"\",\"o:owner\":\"current\",\"o:is_public\":null,\"action\":\"create\",\"action_unidentified\":\"skip\",\"identifier_name\":[\"dcterms:identifier\"],\"allow_duplicate_identifiers\":false,\"entries_to_skip\":0,\"entries_by_batch\":\"\",\"resource_type\":\"\"}'),(12,1,'TSV (tab-separated values) - Items','BulkImport\\Reader\\TsvReader','{\"separator\":\"|\"}','BulkImport\\Processor\\ItemProcessor','{\"o:resource_template\":\"\",\"o:resource_class\":\"\",\"o:owner\":\"current\",\"o:is_public\":null,\"action\":\"create\",\"action_unidentified\":\"skip\",\"identifier_name\":[\"dcterms:identifier\"],\"allow_duplicate_identifiers\":false,\"entries_to_skip\":0,\"entries_by_batch\":\"\",\"resource_type\":\"\"}'),(13,1,'TSV (tab-separated values) - Mixed resources','BulkImport\\Reader\\TsvReader','{\"separator\":\"|\"}','BulkImport\\Processor\\ResourceProcessor','{\"o:resource_template\":\"\",\"o:resource_class\":\"\",\"o:owner\":\"current\",\"o:is_public\":null,\"action\":\"create\",\"action_unidentified\":\"skip\",\"identifier_name\":[\"dcterms:identifier\"],\"allow_duplicate_identifiers\":false,\"entries_to_skip\":0,\"entries_by_batch\":\"\",\"resource_type\":\"\"}'),(14,1,'Xml - Items','BulkImport\\Reader\\XmlReader','{\"xsl_sheet\":\"modules\\/BulkImport\\/data\\/xsl\\/identity.xslt1.xsl\"}','BulkImport\\Processor\\ItemProcessor','{\"o:resource_template\":\"\",\"o:resource_class\":\"\",\"o:owner\":\"current\",\"o:is_public\":null,\"action\":\"create\",\"action_unidentified\":\"skip\",\"identifier_name\":[\"dcterms:identifier\"],\"allow_duplicate_identifiers\":false,\"entries_to_skip\":0,\"entries_by_batch\":\"\",\"resource_type\":\"\"}');
/*!40000 ALTER TABLE `bulk_importer` ENABLE KEYS */;
UNLOCK TABLES;

--
-- Table structure for table `csvimport_entity`
--

DROP TABLE IF EXISTS `csvimport_entity`;
/*!40101 SET @saved_cs_client     = @@character_set_client */;
/*!40101 SET character_set_client = utf8 */;
CREATE TABLE `csvimport_entity` (
  `id` int(11) NOT NULL AUTO_INCREMENT,
  `job_id` int(11) NOT NULL,
  `entity_id` int(11) NOT NULL,
  `resource_type` varchar(255) COLLATE utf8mb4_unicode_ci NOT NULL,
  PRIMARY KEY (`id`),
  KEY `IDX_84D382F4BE04EA9` (`job_id`),
  CONSTRAINT `FK_84D382F4BE04EA9` FOREIGN KEY (`job_id`) REFERENCES `job` (`id`)
) ENGINE=InnoDB AUTO_INCREMENT=240 DEFAULT CHARSET=utf8mb4 COLLATE=utf8mb4_unicode_ci;
/*!40101 SET character_set_client = @saved_cs_client */;

--
-- Dumping data for table `csvimport_entity`
--

LOCK TABLES `csvimport_entity` WRITE;
/*!40000 ALTER TABLE `csvimport_entity` DISABLE KEYS */;
INSERT INTO `csvimport_entity` VALUES (1,34,89,'items'),(2,34,90,'items'),(3,34,91,'items'),(4,34,92,'items'),(5,34,93,'items'),(6,34,94,'items'),(7,34,95,'items'),(8,34,96,'items'),(9,34,97,'items'),(10,34,98,'items'),(11,34,99,'items'),(12,34,100,'items'),(13,34,101,'items'),(14,34,102,'items'),(15,34,103,'items'),(16,34,104,'items'),(17,34,105,'items'),(18,34,106,'items'),(19,34,107,'items'),(20,34,108,'items'),(21,34,109,'items'),(22,34,110,'items'),(23,34,111,'items'),(24,34,112,'items'),(25,34,113,'items'),(26,35,114,'items'),(27,35,115,'items'),(28,35,116,'items'),(29,35,117,'items'),(30,35,118,'items'),(31,35,119,'items'),(32,35,120,'items'),(33,35,121,'items'),(34,35,122,'items'),(35,35,123,'items'),(36,35,124,'items'),(37,35,125,'items'),(38,35,126,'items'),(39,35,127,'items'),(40,35,128,'items'),(41,35,129,'items'),(42,35,130,'items'),(43,35,131,'items'),(44,35,132,'items'),(45,35,133,'items'),(46,35,134,'items'),(47,35,135,'items'),(48,35,136,'items'),(49,35,137,'items'),(50,35,138,'items'),(51,37,139,'items'),(52,37,140,'items'),(53,37,141,'items'),(54,37,142,'items'),(55,37,143,'items'),(56,37,144,'items'),(57,37,145,'items'),(58,37,146,'items'),(59,37,147,'items'),(60,37,148,'items'),(61,37,149,'items'),(62,37,150,'items'),(63,37,151,'items'),(64,37,152,'items'),(65,37,153,'items'),(66,37,154,'items'),(67,37,155,'items'),(68,37,156,'items'),(69,37,157,'items'),(70,37,158,'items'),(71,37,159,'items'),(72,37,160,'items'),(73,37,161,'items'),(74,37,162,'items'),(75,37,163,'items'),(76,38,164,'items'),(77,38,165,'items'),(78,38,166,'items'),(79,38,167,'items'),(80,38,168,'items'),(81,38,169,'items'),(82,38,170,'items'),(83,38,171,'items'),(84,38,172,'items'),(85,38,173,'items'),(86,38,174,'items'),(87,38,175,'items'),(88,38,176,'items'),(89,38,177,'items'),(90,38,178,'items'),(91,38,179,'items'),(92,38,180,'items'),(93,38,181,'items'),(94,38,182,'items'),(95,38,183,'items'),(96,38,184,'items'),(97,38,185,'items'),(98,38,186,'items'),(99,38,187,'items'),(100,38,188,'items'),(101,39,189,'items'),(102,39,190,'items'),(103,39,191,'items'),(104,39,192,'items'),(105,39,193,'items'),(106,39,194,'items'),(107,39,195,'items'),(108,39,196,'items'),(109,39,197,'items'),(110,39,198,'items'),(111,39,199,'items'),(112,39,200,'items'),(113,39,201,'items'),(114,39,202,'items'),(115,39,203,'items'),(116,39,204,'items'),(117,39,205,'items'),(118,39,206,'items'),(119,39,207,'items'),(120,39,208,'items'),(121,39,209,'items'),(122,39,210,'items'),(123,39,211,'items'),(124,39,212,'items'),(125,39,213,'items'),(126,41,214,'items'),(127,41,215,'items'),(128,41,216,'items'),(129,41,217,'items'),(130,41,218,'items'),(131,41,219,'items'),(132,41,220,'items'),(133,41,221,'items'),(134,41,222,'items'),(135,41,223,'items'),(136,41,224,'items'),(137,41,225,'items'),(138,41,226,'items'),(139,41,227,'items'),(140,41,228,'items'),(141,41,229,'items'),(142,41,230,'items'),(143,41,231,'items'),(144,41,232,'items'),(145,41,233,'items'),(146,41,234,'items'),(147,41,235,'items'),(148,41,236,'items'),(149,41,237,'items'),(150,41,238,'items'),(151,42,239,'items'),(152,42,240,'items'),(153,42,241,'items'),(154,42,242,'items'),(155,42,243,'items'),(156,42,244,'items'),(157,42,245,'items'),(158,42,246,'items'),(159,42,247,'items'),(160,42,248,'items'),(161,42,249,'items'),(162,42,250,'items'),(163,42,251,'items'),(164,42,252,'items'),(165,42,253,'items'),(166,42,254,'items'),(167,42,255,'items'),(168,42,256,'items'),(169,42,257,'items'),(170,42,258,'items'),(171,42,259,'items'),(172,42,260,'items'),(173,42,261,'items'),(174,42,262,'items'),(175,42,263,'items'),(176,44,264,'items'),(177,44,265,'items'),(178,44,266,'items'),(179,44,267,'items'),(180,44,268,'items'),(181,44,269,'items'),(182,44,270,'items'),(183,44,271,'items'),(184,44,272,'items'),(185,44,273,'items'),(186,44,274,'items'),(187,44,275,'items'),(188,44,276,'items'),(189,44,277,'items'),(190,44,278,'items'),(191,44,279,'items'),(192,44,280,'items'),(193,44,281,'items'),(194,44,282,'items'),(195,44,283,'items'),(196,44,284,'items'),(197,44,285,'items'),(198,44,286,'items'),(199,44,287,'items'),(200,44,288,'items'),(201,45,289,'items'),(202,45,290,'items'),(203,45,291,'items'),(204,45,292,'items'),(205,45,293,'items'),(206,45,294,'items'),(207,45,295,'items'),(208,45,296,'items'),(209,45,297,'items'),(210,45,298,'items'),(211,45,299,'items'),(212,45,300,'items'),(213,45,301,'items'),(214,45,302,'items'),(215,45,303,'items'),(216,45,304,'items'),(217,45,305,'items'),(218,46,306,'items'),(219,46,307,'items'),(220,46,308,'items'),(221,46,309,'items'),(222,46,310,'items'),(223,46,311,'items'),(224,46,312,'items'),(225,48,319,'items'),(226,48,320,'items'),(227,48,321,'items'),(228,48,322,'items'),(229,48,323,'items'),(230,48,324,'items'),(231,48,325,'items'),(232,48,326,'items'),(233,48,327,'items'),(234,48,328,'items'),(235,48,329,'items'),(236,48,330,'items'),(237,48,331,'items'),(238,48,332,'items'),(239,48,333,'items');
/*!40000 ALTER TABLE `csvimport_entity` ENABLE KEYS */;
UNLOCK TABLES;

--
-- Table structure for table `csvimport_import`
--

DROP TABLE IF EXISTS `csvimport_import`;
/*!40101 SET @saved_cs_client     = @@character_set_client */;
/*!40101 SET character_set_client = utf8 */;
CREATE TABLE `csvimport_import` (
  `id` int(11) NOT NULL AUTO_INCREMENT,
  `job_id` int(11) NOT NULL,
  `undo_job_id` int(11) DEFAULT NULL,
  `comment` varchar(255) COLLATE utf8mb4_unicode_ci DEFAULT NULL,
  `resource_type` varchar(255) COLLATE utf8mb4_unicode_ci NOT NULL,
  `has_err` tinyint(1) NOT NULL,
  `stats` longtext COLLATE utf8mb4_unicode_ci NOT NULL COMMENT '(DC2Type:json_array)',
  PRIMARY KEY (`id`),
  UNIQUE KEY `UNIQ_17B50881BE04EA9` (`job_id`),
  UNIQUE KEY `UNIQ_17B508814C276F75` (`undo_job_id`),
  CONSTRAINT `FK_17B508814C276F75` FOREIGN KEY (`undo_job_id`) REFERENCES `job` (`id`),
  CONSTRAINT `FK_17B50881BE04EA9` FOREIGN KEY (`job_id`) REFERENCES `job` (`id`)
) ENGINE=InnoDB AUTO_INCREMENT=12 DEFAULT CHARSET=utf8mb4 COLLATE=utf8mb4_unicode_ci;
/*!40101 SET character_set_client = @saved_cs_client */;

--
-- Dumping data for table `csvimport_import`
--

LOCK TABLES `csvimport_import` WRITE;
/*!40000 ALTER TABLE `csvimport_import` DISABLE KEYS */;
INSERT INTO `csvimport_import` VALUES (1,34,NULL,'','items',0,'{\"added\":{\"items\":25}}'),(2,35,NULL,'','items',0,'{\"added\":{\"items\":25}}'),(3,37,NULL,'','items',0,'{\"added\":{\"items\":25}}'),(4,38,NULL,'','items',0,'{\"added\":{\"items\":25}}'),(5,39,NULL,'','items',0,'{\"added\":{\"items\":25}}'),(6,41,NULL,'','items',0,'{\"added\":{\"items\":25}}'),(7,42,NULL,'','items',0,'{\"added\":{\"items\":25}}'),(8,44,NULL,'','items',0,'{\"added\":{\"items\":25}}'),(9,45,NULL,'','items',0,'{\"added\":{\"items\":17}}'),(10,46,NULL,'','items',0,'{\"added\":{\"items\":7}}'),(11,48,NULL,'','items',0,'{\"added\":{\"items\":15}}');
/*!40000 ALTER TABLE `csvimport_import` ENABLE KEYS */;
UNLOCK TABLES;

--
-- Table structure for table `custom_vocab`
--

DROP TABLE IF EXISTS `custom_vocab`;
/*!40101 SET @saved_cs_client     = @@character_set_client */;
/*!40101 SET character_set_client = utf8 */;
CREATE TABLE `custom_vocab` (
  `id` int(11) NOT NULL AUTO_INCREMENT,
  `item_set_id` int(11) DEFAULT NULL,
  `owner_id` int(11) DEFAULT NULL,
  `label` varchar(190) COLLATE utf8mb4_unicode_ci NOT NULL,
  `lang` varchar(190) COLLATE utf8mb4_unicode_ci DEFAULT NULL,
  `terms` longtext COLLATE utf8mb4_unicode_ci DEFAULT NULL,
  `uris` longtext COLLATE utf8mb4_unicode_ci DEFAULT NULL,
  PRIMARY KEY (`id`),
  UNIQUE KEY `UNIQ_8533D2A5EA750E8` (`label`),
  KEY `IDX_8533D2A5960278D7` (`item_set_id`),
  KEY `IDX_8533D2A57E3C61F9` (`owner_id`),
  CONSTRAINT `FK_8533D2A57E3C61F9` FOREIGN KEY (`owner_id`) REFERENCES `user` (`id`) ON DELETE SET NULL,
  CONSTRAINT `FK_8533D2A5960278D7` FOREIGN KEY (`item_set_id`) REFERENCES `item_set` (`id`) ON DELETE SET NULL
) ENGINE=InnoDB AUTO_INCREMENT=8 DEFAULT CHARSET=utf8mb4 COLLATE=utf8mb4_unicode_ci;
/*!40101 SET character_set_client = @saved_cs_client */;

--
-- Dumping data for table `custom_vocab`
--

LOCK TABLES `custom_vocab` WRITE;
/*!40000 ALTER TABLE `custom_vocab` DISABLE KEYS */;
INSERT INTO `custom_vocab` VALUES (1,NULL,1,'素材','ja','紙\nプラスチック\nビニール\n石\n革\n木\nゴム\nポリエステル\n金属\nガラス\nセラミック',NULL),(2,NULL,1,'形式','ja','冊子\nシート\n紙葉\nカード\nオブジェクト\nオーディオCD\nCD-ROM\nDVD-ROM\nBlu-ray Disc\nコンピュータチップカートリッジ',NULL),(3,NULL,1,'メカニック','ja','オークション　∥　競り\nダイスロール\n完全情報ゲーム\nタイル・カード配置\nブラフ\nエリアマジョリティ　∥　陣取り\n正体隠匿・隠蔽\nモジュラーボード\n協力プレイ\nワーカープレイスメント\nチキンレース\n迷路\nバランスゲーム\nドラフト\n路線・ネットワーク形成\nエリアエンクロージャ　∥　囲み\nエリア移動\nグリッド移動\n接続マスへの移動\n出目移動\nベッティング　∥　賭け\n株/投資　∥　価値変動\nトリックテイキング\nバースト\nセットコレクション\nハンドマネージメント\nデッキビルディング　∥　デッキ構築\nパターンビルディング\nパターン認識\nロンデル\n場札の獲得　∥　ドラフト・リミテッド\n投票　∥　多数決\n直接攻撃　∥　強奪・破壊\nバトルカード（攻撃値-防御値）\nプレイヤーの脱落\nバッティング\n三すくみシステム\n取引内容の交渉\n交換・貿易\nチーム戦\nアクションポイントシステム\nバリアブルフェーズオーダー\nアクション事前決定\nタイムトラック　∥　行動順変動\nリアルタイム\nコミュニケーション禁止\nメモリー　∥　記憶\n推理\nシークレットユニット\n言葉遊び\nアクションゲーム\nパズル\nストーリーメイキング\nプレイヤー別固有能力\nドローイング　∥　描画\nキャラクター・役割の担当\nレガシーシステム\n謎解き\n割り込み\nダイスプレイスメント\n拡大再生産',NULL),(4,NULL,1,'言語',NULL,'jpn\neng\ndeu\nfra\nchi\nkor',NULL),(5,NULL,1,'物語ジャンル','ja','アクション\n学園\nコミカル\nSF\nサスペンス\n西部劇\nその他\nドラマ\nファンタジー\nホラー\nミステリー\nミリタリー\n民話\n歴史\n恋愛',NULL),(6,NULL,1,'ゲームタイプ','ja','カードゲーム\nテーブルトークRPG　∥　ロールプレイング\n伝統ゲーム\nトレーディングカードゲーム\nボードゲーム',NULL),(7,NULL,1,'テーブルトップゲーム容器形式','ja','箱\n缶\n袋\n封筒',NULL);
/*!40000 ALTER TABLE `custom_vocab` ENABLE KEYS */;
UNLOCK TABLES;

--
-- Table structure for table `fulltext_search`
--

DROP TABLE IF EXISTS `fulltext_search`;
/*!40101 SET @saved_cs_client     = @@character_set_client */;
/*!40101 SET character_set_client = utf8 */;
CREATE TABLE `fulltext_search` (
  `id` int(11) NOT NULL,
  `resource` varchar(190) COLLATE utf8mb4_unicode_ci NOT NULL,
  `owner_id` int(11) DEFAULT NULL,
  `is_public` tinyint(1) NOT NULL,
  `title` longtext COLLATE utf8mb4_unicode_ci DEFAULT NULL,
  `text` longtext COLLATE utf8mb4_unicode_ci DEFAULT NULL,
  PRIMARY KEY (`id`,`resource`),
  KEY `IDX_AA31FE4A7E3C61F9` (`owner_id`),
  FULLTEXT KEY `IDX_AA31FE4A2B36786B3B8BA7C7` (`title`,`text`),
  CONSTRAINT `FK_AA31FE4A7E3C61F9` FOREIGN KEY (`owner_id`) REFERENCES `user` (`id`) ON DELETE SET NULL
) ENGINE=InnoDB DEFAULT CHARSET=utf8mb4 COLLATE=utf8mb4_unicode_ci;
/*!40101 SET character_set_client = @saved_cs_client */;

--
-- Dumping data for table `fulltext_search`
--

LOCK TABLES `fulltext_search` WRITE;
/*!40000 ALTER TABLE `fulltext_search` DISABLE KEYS */;
INSERT INTO `fulltext_search` VALUES (2,'site_pages',1,1,'ようこそ','アナログゲームミュージアムのオンライン目録サービス。\r\n\r\n開発中。\r\n'),(85,'items',1,1,'大創出版','大創出版\n大創出版\nDaiso Publishing\nだいそう しゅっぱん\nDaiso syuppan\nDAISO\n2001-12-04\n 東京都豊島区巣鴨1丁目4番7号MKビル2F\nhttp://www.wikidata.org/entity/Q866991 Daiso\nhttp://www.daiso-syuppan.com \nhttps://www.daiso-syuppan.com/company/ '),(86,'items',1,1,'歴史人物かるた','歴史人物かるた\n歴史人物かるた\nHiistorical Figures Karuta\nれきし じんぶつ かるた\nRekisi jinbutsu Karuta\nカードゲーム\nイラスト: 並木モッズ\n企画協力: アレス（株式会社 清月エンターテイメント）\n2020\n大創出版\nSTO-20-P8\nD139\nLot No. 1505CB\n4549131937473\n大創出版お客様センター 03-5981-7203\n1 Box\n紙\n絵札 44枚\n読み札 44枚\n予備札 11枚\n音声案内札 1枚\n6-\njpn\neng\n「読み上げ音声付き」 - 容器より'),(87,'item_sets',1,1,'インスタンス','インスタンス'),(88,'item_sets',1,1,'エージェント','エージェント'),(189,'items',1,1,'MATAGOT','MATAGOT\nhttps://boardgamegeek.com/boardgamepublisher/5400/matagot \nMATAGOT\nhttps://www.matagot.com/ \n2005\n96 rue de Miromesnil F-75008 Paris - France'),(190,'items',1,1,'GIFT10 INDUSTRY','GIFT10 INDUSTRY\nギフトテンインダストリ株式会社\nGIFT10 INDUSTRY\n国分寺市泉町3-37-34 マージュ西国分寺104'),(191,'items',1,1,'DAISO','DAISO\n（株）大創産業\nダイソー\nDAISO\n広島県東広島市西条吉行東1-4-14'),(192,'items',1,1,'ホビージャパン','ホビージャパン\nホビージャパン\nHobby Japan\nhttps://www.wikidata.org/wiki/Q3138899 \nhttps://www.boardgamegeek.com/boardgamepublisher/1391 \nhttps://viaf.org/viaf/256988648/ \nhttps://id.ndl.go.jp/auth/ndlna/00720053 \nhttp://hobbyjapan.co.jp/ \nhttp://www.hobbyjapan.co.jp/ '),(193,'items',1,1,'ディライト・ワークス株式会社','ディライト・ワークス株式会社\nDELiGHT WORKS Inc.\nディライト・ワークス株式会社'),(194,'items',1,1,'新紀元社','新紀元社\n新紀元社\nhttp://www.shinkigensha.co.jp/ \nhttps://www.wikidata.org/wiki/Q11503908 '),(195,'items',1,1,'ソニー・マガジンズ','ソニー・マガジンズ\nソニー・マガジンズ\nhttps://www.wikidata.org/wiki/Q11315206 '),(196,'items',1,1,'社会思想社','社会思想社\n1947/2002\n社会思想社\nhttps://viaf.org/viaf/148995429/ \nhttps://www.worldcat.org/identities/lccn-n85253874/ \nhttps://jpsearch.go.jp/entity/chname/%E7%A4%BE%E4%BC%9A%E6%80%9D%E6%83%B3%E7%A4%BE \nhttps://mediaarts-db.bunka.go.jp/id/C46622 \nhttps://www.wikidata.org/wiki/Q4346358 '),(197,'items',1,1,'グループSNE','グループSNE\nグループSNE\nGroup SNE\n1987-10-01\n兵庫県神戸市中央区\nhttp://www.wikidata.org/entity/Q5611191 Group SNE\nhttps://www.boardgamegeek.com/boardgamepublisher/1386/group-sne \nhttps://mediaarts-db.bunka.go.jp/id/C46757 \nhttps://viaf.org/viaf/251138529/ \nhttps://id.ndl.go.jp/auth/ndlna/00279383 \nhttp://www.groupsne.co.jp/ \nhttp://www.groupsne.co.jp/ '),(198,'items',1,1,'McLeod Warner','McLeod Warner\nMcLeod Warner Ltd.\nMcLeod Warner'),(199,'items',1,1,'Asia Goal','Asia Goal\nAsia Goal limited\nhttps://www.asiagoal.com.hk/ '),(200,'items',1,1,'ラベンスバーガー','ラベンスバーガー\nラベンスバーガー\nhttps://boardgamegeek.com/boardgamepublisher/34/ravensburger \nRavensburger\nhttps://www.wikidata.org/wiki/Q697136 '),(201,'items',1,1,'ハズブロ','ハズブロ\nハズブロ\nhttps://boardgamegeek.com/boardgamepublisher/51/hasbro \nHasbro\nhttps://shop.hasbro.com/ja-jp \nhttps://www.wikidata.org/wiki/Q501476 '),(202,'items',1,1,'AMIGO Spiel','AMIGO Spiel\nアミーゴ・シュピール\nAMIGO Spiel\nhttps://www.amigo-spiele.de/ \nhttps://www.wikidata.org/wiki/Q471190 '),(203,'items',1,1,'Goldsieber Spiele','Goldsieber Spiele\nゴルトジーバー・シュピーレ\nhttps://boardgamegeek.com/boardgamepublisher/44/goldsieber-spiele \nGoldsieber Spiele\nhttps://www.wikidata.org/wiki/Q1536100 '),(204,'items',1,1,'アバロンヒル','アバロンヒル\nアバロンヒル\nThe Avalon Hill Game Company\nhttps://avalonhill.wizards.com/ \nhttps://www.wikidata.org/wiki/Q790101 '),(205,'items',1,1,'スモール出版','スモール出版\nスモール出版\nSmall Light, Inc.\nhttp://www.small-light.com/books/ '),(206,'items',1,1,'すごろくや','すごろくや\nすごろくや\nSugorokuya'),(207,'items',1,1,'Asmadi Games','Asmadi Games\nAsmadi Games\nhttps://asmadigames.com/ '),(208,'items',1,1,'cosaic','cosaic\ncosaic\n株式会社コザイク\ncosaic Co., Ltd.\n2012-07-20\n大阪府吹田市\nhttp://www.cosaic.co.jp/ \nhttp://www.cosaic.co.jp/ \nテストプレイなんてしてないよ'),(209,'items',1,1,'エニックス','エニックス\nエニックス\nEnix\n1975/2003\nhttp://www.wikidata.org/entity/Q1343212 Enix\nhttps://www.boardgamegeek.com/boardgamepublisher/1387 \nhttps://mediaarts-db.bunka.go.jp/id/C44832 \nhttps://viaf.org/viaf/254709772/ \nhttps://id.ndl.go.jp/auth/ndlna/00278399 '),(210,'items',1,1,'Wizards of the Coast','Wizards of the Coast\nWizards of the Coast\n1990\n1990\nhttp://www.wikidata.org/entity/Q1135204 Wizards of the Coast\nhttps://www.boardgamegeek.com/boardgamepublisher/13 \nhttps://mediaarts-db.bunka.go.jp/id/C44787 \nhttps://viaf.org/viaf/142058082/ \nhttps://id.ndl.go.jp/auth/ndlna/001323137 \nhttps://company.wizards.com/ \nhttps://company.wizards.com/ '),(211,'items',1,1,'アナログゲームミュージアム','アナログゲームミュージアム\n2021\nアナログゲームミュージアム\nAnalog Game Museum'),(212,'items',1,1,'ニューゲームズオーダー','ニューゲームズオーダー\nニューゲームズオーダー\nNew Games Order\n合同会社ニューゲームズオーダー\nNew Games Order, LLC.\n2009-03-04\n東京都立川市柴崎町3-10-6 イチカワビル2階\nIchikawa Bldg. 2F, 3-10-6 Shibasaki-cho, Tachikawa-shi, Tokyo 190-0023 JAPAN\nnew games order\nhttps://www.newgamesorder.jp/ \n枯山水\nhttps://www.newgamesorder.jp/ '),(213,'items',1,1,'メビウスゲームス','メビウスゲームス\nメビウスゲームス\nMebius Games\n東京都文京区後楽1-1-15 梅澤ビル5階\nhttps://www.mobius-games.co.jp/ \nhttps://www.mobius-games.co.jp/'),(289,'items',1,1,'François Rouzé','François Rouzé\nFrançois\nRouzé\nフランソワ・ルゼ\nFrançois Rouzé'),(290,'items',1,1,'斎籐純','斎籐純\n純\n斎籐\n斎籐純'),(291,'items',1,1,'鈴木正一','鈴木正一\n正一\n鈴木\n鈴木正一'),(292,'items',1,1,'ジェームズ・F・ダニガン','ジェームズ・F・ダニガン\nジェームズ\nJames\nダニガン\nDunnigan\nJames F. Dunnigan\nジェームズ・F・ダニガン\nhttps://www.wikidata.org/entity/Q4590991 James F. Dunnigan\n1943'),(293,'items',1,1,'カナイ セイジ','カナイ セイジ\nセイジ\nカナイ\nKanai Seiji\nゲームデザイナー。「カナイ製作所」代表。\nカナイ セイジ'),(294,'items',1,1,'刈谷圭司','刈谷圭司\n圭司\n刈谷\n刈谷圭司'),(295,'items',1,1,'田嶋安恵','田嶋安恵\n安恵\n田嶋\n田嶋安恵'),(296,'items',1,1,'川人忠明','川人忠明\n忠明\n川人\n川人忠明'),(297,'items',1,1,'友野詳','友野詳\n詳\n友野\n友野詳\nhttps://www.wikidata.org/wiki/Q11410403 '),(298,'items',1,1,'松田道弘','松田道弘\n道弘\n松田\n松田道弘\nhttps://www.wikidata.org/wiki/Q11532161 '),(299,'items',1,1,'安田均','安田均\n均\n安田\n安田均\nやすだ ひとし\nYasuda Hitoshi\nhttps://viaf.org/viaf/74060093/ \nhttps://id.ndl.go.jp/auth/ndlna/00114967 \nhttps://www.wikidata.org/entity/Q11451018 Hitoshi Yasuda\n1950-01-25'),(300,'items',1,1,'ドリス・マテーウス','ドリス・マテーウス\nDoris\nMatthäus\nドリス・マテーウス\nDoris Nestel\nhttps://boardgamegeek.com/boardgamedesigner/74/doris-matthaus \nDoris Matthäus\nhttps://www.wikidata.org/wiki/Q97864 '),(301,'items',1,1,'ライナー・クニツィア','ライナー・クニツィア\nReiner\nKnizia\nライナー・クニツィア\nライナー・クニツィーア\nhttps://boardgamegeek.com/boardgamedesigner/2/reiner-knizia \nReiner Knizia\nhttps://www.wikidata.org/wiki/Q61838 '),(302,'items',1,1,'シド・サクソン','シド・サクソン\n1920-2002\nSid\nSackson\nシド・サクソン\nhttps://boardgamegeek.com/boardgamedesigner/4/sid-sackson \nSid Sackson\nhttps://www.wikidata.org/wiki/Q323323 '),(303,'items',1,1,'オリファー・フロイデンライヒ','オリファー・フロイデンライヒ\nOliver\nFreudenreich\nオリファー・フロイデンライヒ\nhttps://boardgamegeek.com/boardgamedesigner/11901/oliver-freudenreich \nOliver Freudenreich'),(304,'items',1,1,'ヴォルフガング・クラマー','ヴォルフガング・クラマー\nWolfgang\nKramer\nヴォルフガング・クラマー\nhttps://boardgamegeek.com/boardgamedesigner/7/wolfgang-kramer \nWolfgang Kramer\nhttps://www.wikidata.org/wiki/Q66063 '),(305,'items',1,1,'ヴェルナー・ホーデル','ヴェルナー・ホーデル\nWerner\nHodel\nヴェルナー・ホーデル\nhttps://boardgamegeek.com/boardgamedesigner/130/werner-hodel Werner Hodel\nWerner Hodel\nhttps://www.wikidata.org/wiki/Q2561510 '),(306,'items',1,1,'ボードゲームカタログ202','ボードゲームカタログ202\nボードゲームカタログ202\nBOARDGAME CATALOG\n編: すごろくや\n監修・構成: 丸田康司\nスモール出版\n2018-03\njpn\n798\n冊子\n135ページ\n21cm\n1800円\n「「ボードゲームカタログ201」(2013年刊)の改題、最新改訂版 」 - https://iss.ndl.go.jp/books/R100000002-I028884782-00'),(307,'items',1,1,'ゲームを斬る','ゲームを斬る\nゲームを斬る\n安田均著\n安田均\n新紀元社\n2006-05\nRole&Roll Books\n日本語\n2006\n4775304569\n冊子\n335p\n18cm\n¥1200'),(308,'items',1,1,'小説アクア・ステップ 1 素敵な恋敵 (ライバル)','小説アクア・ステップ 1 素敵な恋敵 (ライバル)\n小説アクア・ステップ\n素敵な恋敵 (ライバル)\n1\n安田均・友野詳原作\n川人忠明著\n田嶋安恵画\nソニー・マガジンズ\n2001-02-01\nSony Magazines NOVELS\n日本語\n2001\n4789716627\n冊子\n189 p\n19 cm\n¥790\n特別付録『小説アクア・ステップ・アップ』を2倍楽しむ! ボードゲームガイド / 刈谷圭司（グループSNE） p.[153]-189'),(309,'items',1,1,'ベストゲーム・カタログ','ベストゲーム・カタログ\nベストゲーム・カタログ\n遊びの新世界をパトロール\n松田道弘\n社会思想社\n1993-10\n現代教養文庫\n日本語\n1993\n4390114824\n冊子\n335, iv p.\n15cm\n¥699\n『遊びの世界の味覚地図』（1988, 社会思想社）の改題'),(310,'items',1,1,'ドラゴンクエスト 上 甦るロト英雄伝説','ドラゴンクエスト 上 甦るロト英雄伝説\nドラゴンクエスト\n甦るロト英雄伝説\n上\n編: エニックス出版局\nエニックス\n1991-05\nエニックス文庫\nゲームブック\njpn\n4900527157\n798\n280 ページ\n15 cm\nhttps://iss.ndl.go.jp/books/R100000002-I000002156524-00 '),(311,'items',1,1,'ウォーゲームハンドブック','ウォーゲームハンドブック\nうぉー げーむ はんどぶっく\nウォーゲームハンドブック\nThe complete wargames handbook: How to play, design and find them\n著: ジェームズ・F・ダニガン\n訳: 鈴木正一\n編: 斎籐純\nジェームズ・F・ダニガン\nホビージャパン\n1982-11-25\njpn\n1982\n4938461005\n冊子\n21cm\n1600円'),(312,'items',1,1,'ドラゴンクエスト 下 死闘!竜王の島','ドラゴンクエスト 下 死闘!竜王の島\nドラゴンクエスト\n死闘!竜王の島\n下\n編: エニックス出版局\nエニックス\n1991-05\nエニックス文庫\nゲームブック\njpn\n4900527165\n冊子\n281ページ\n15 cm\n490円 (税込)\nhttps://iss.ndl.go.jp/books/R100000002-I000002156525-00 '),(313,'media',1,1,'https://cover.openbd.jp/9784905158530.jpg','https://cover.openbd.jp/9784905158530.jpg'),(314,'items',1,1,'翔泳社','翔泳社\n翔泳社\nShoeisha\nhttps://www.shoeisha.co.jp \nゲームメカニクス大全 ボードゲームに学ぶ「おもしろさ」の仕掛け'),(315,'items',1,1,'ゲームメカニクス大全 ボードゲームに学ぶ「おもしろさ」の仕掛け','ゲームメカニクス大全 ボードゲームに学ぶ「おもしろさ」の仕掛け\nゲームメカニクス大全 ボードゲームに学ぶ「おもしろさ」の仕掛け\nBuilding Blocks of Tabletop Game Design - An Encyclopedia of Mechanisms\nげーむ めかにくす たいぜん ぼーどげーむ に まなぶ おもしろさ の しかけ\n著: Geoffrey Englestein, Isaac Shalev\n訳: 小野卓也\n調査協力: すごろくや\nGeoffrey Engelstein\nIsaac Shalev\n翔泳社\n2020-10-12\njpn\n©2020\n9784798164731\nプログラミング・開発（B2-14）\nNDC: 798\nNDLC: KD958\n冊子\n583 ページ\n21 cm\n3980円 + 税'),(316,'items',1,1,'Geoffrey Engelstein','Geoffrey Engelstein\nGeoffrey Engelstein\nジェフェリー・エンゲルステーン\nGeffrey\nEngelstein\nゲームメカニクス大全 ボードゲームに学ぶ「おもしろさ」の仕掛け'),(317,'items',1,1,'Isaac Shalev','Isaac Shalev\nIsaac Shalev\nアイザック・シェレブ\nIsaac\nShalev\nゲームメカニクス大全 ボードゲームに学ぶ「おもしろさ」の仕掛け'),(318,'media',1,1,'https://cover.openbd.jp/9784798164731.jpg','https://cover.openbd.jp/9784798164731.jpg'),(319,'items',1,1,'The Last Brave','The Last Brave\nカードゲーム\n紙\nプレイヤーの脱落\nプレイヤー別固有能力\nバトルカード（攻撃値-防御値）\nラスブレ\n10-\n4580560590020\nhttps://boardgamegeek.com/boardgame/281920/ \nhttps://bodoge.hoobby.net/games/last-brave \nカード 28枚\n説明書 1枚\n03-5656-9377\n2018-12-13\n1 Box\njpn\n紙葉\nThe Last Brave 遊び方説明書\nThe Last Brave\nザ・ラストブレイブ\n2021/03/07\n10分\n2,037円 (税込)\nディライトゲームズ株式会社\nゲームデザイン: カナイセイジ\nカナイ製作所\nhttps://www.delightworks.co.jp/games/boardgame/thelastbrave/ 勇士創像バトルロイヤルカードゲーム The Last Brave ゲームデザイン カナイセイジ 一般発売：2018年12月13日（木）\nhttps://www.delightworks.co.jp/games/boardgame/thelastbrave/pdf/manual.pdf The Last Brave 遊び方説明書 pdf'),(320,'items',1,1,'テストプレイなんてしてないよ','テストプレイなんてしてないよ\nテストプレイなんてしてないよ\nTesto purei nante shite naiyo\nWe Didn\'t Playtest this at All\nカードゲーム\nAuthor: Chris Cieslik\nTranslation: Hitoshi Yasuda / Group SNE\nGraphic: Mia Matsuda\nTestplay: Nobody\n2017-10-26\nAsmadi Games\ncosaic\nChris Cieslik\n©2017\nhttp://www.wikidata.org/entity/Q80054460 We Didn\'t Playtest This At All\n4571398990731\n箱\n1 Box\n14.8 * 10.8 * 2.8 cm\n280 g\n紙\n90 cards\n1 rulebook\n2-10\n1-5 min\n13-\njpn\n冊子\nhttps://www.amazon.co.jp/dp/B0761STXV6 出版日取得元'),(321,'items',1,1,'テストプレイなんてしてないよ ゾンビとバナナ','テストプレイなんてしてないよ ゾンビとバナナ\nテストプレイなんてしてないよ ゾンビとバナナ\nWe Didn\'t Playtest This Pasted-On Theme at All!\nてすと ぷれい なんて して ないよ ぞんび と ばなな\nTesuto purei nante shite naiyo zonbi to banana\nカードゲーム\nAuthor: Chris Cieslik\nTranslation: Hitoshi Yasuda / Group SNE\nGraphic: Mia Matsuda\nTestplay: Nobody\nPrint: Fuji Printing Co.,Ltd.\n2020\nAsmadi Games\ncosaic\nChris Cieslik\nhttps://boardgamegeek.com/boardgame/147445/we-didnt-playtest-pasted-theme-all \n箱\n1 Box\n10 * 13 * 3 cm\n270 g\n紙\n90 cards\n1 rulebook\n2-10\n1-5 分\n13-\njpn\n冊子\nテストプレイなんてしてないよ ゾンビとバナナ\n容器\nhttps://asmadigames.com/buy-games.php 英語版タイトル取得元: Asmadi GAMES: GAME STORE'),(322,'items',1,1,'枯山水','枯山水\n枯山水\nかれさんすい\nKaresansui\n新装版\nボードゲーム\n作: 山田空太\n画: ママダユースケ\n造形制作協力: 謙信\n制作: ニューゲームズオーダー\n2014\nニューゲームズオーダー\n山田空太\n©2014\nタイル・カード配置\n8,640円 (税込)\n箱\n1 Box\n22.8 * 32 * 7 cm\n紙\nビニール\n石\n寺院ボード 1枚\n庭園ボード 1枚\n砂紋タイル 80枚\n石 25個 (横石 6個、立石 (小) 7個、臥石 4個、立石 (大) 5個、船石 3個)\n名庭園カード 14枚\n作庭家カード 9枚\n禅僧駒 4個\n円相駒 4個\n早見表 4枚\njpn\n価格取得元 Table Games in the World - 世界のボードゲーム情報サイト. http://www.tgiw.info/2015/08/karesansui_ver2.html (accessed 2018-10-03)'),(323,'items',1,1,'ROOM-25','ROOM-25\nROOM-25\n矩陣密室-25\nルーム25\nROOM-25\nボードゲーム\n2013\nMATAGOT\nホビージャパン\n2013\n正体隠匿・隠蔽\nブラフ\nグリッド移動\nチーム戦\nアクション事前決定\nhttps://boardgamegeek.com/boardgame/127024/room-25 \nhttps://bodoge.hoobby.net/games/room-25 \nSR00-001/2013-05/FRNS-047\n1 Box\n17.3 * 23.3 * 4.4\n紙\n1-6\n30 min\n13-\njpn\ndeu\nchi\neng\n冊子\n8ページ, 3冊'),(324,'items',1,1,'ガイスター','ガイスター\nガイスター\nGeister\nボードゲーム\nInventor: Alex Randolph\n2012\nメビウスゲームス\nグリッド移動\nhttp://www.wikidata.org/entity/Q5557399 Ghosts\nNo. 1804\n4580215110153\n1 Box\n22.4 * 22.4 * 5.2 cm\n486 g\n紙\nプラスチック\nゲームボード 1\nオバケコマ 16\nマーカー 16本（赤・青各8本）\nルールシート 1\n2\n10-20 min\n8-\njpn\nシート\n1枚\n公開日取得元 https://www.amazon.co.jp/dp/B0078WZSK0'),(325,'items',1,1,'DUNGEONS & DRAGONS STARTER SET','DUNGEONS & DRAGONS STARTER SET\nDUNGEONS & DRAGONS STARTER SET\nテーブルトークRPG　∥　ロールプレイング\nWIZARDS OF THE COAST\n2010\nWizards of the Coast\n©2010\n＄19.99\n1 Box\n紙\nプラスチック\nDungeon\'s Masters Book 64 p\nCharacter sheet 5枚\nBattle map 2枚\nPower cards 63枚\nToken 56個\n4面ダイス 1個\n12面ダイス 1個\n8面ダイス 1個\n10面ダイス 1個\n20面ダイス 1個\n6面ダイス 1個\n12-\neng'),(326,'items',1,1,'怪盗ルパニャンの予告状','怪盗ルパニャンの予告状\n怪盗ルパニャンの予告状\nNotice of Thief Rupanyan\nAVISO DO LADRÃO RUPANYAN\nかいとう るぱにゃん の よこくじょう\nカードゲーム\n大創出版\nSTO-20-P10\nE008\nNo. 211\n4549131937589\n箱\n1 Box\n紙\nカード 55枚\n2-4\njpn\n名画「最高の晩餐」\n猫\n容器'),(327,'items',1,1,'アラビアの壺','アラビアの壺\nアラビアの壺\nTHE ARABIAN POTS\nボードゲーム\nGIFT10 INDUSTRY\nGIFT10 INDUSTRY\nメモリー　∥　記憶\nhttps://boardgamegeek.com/boardgame/179956/arabian-pots \nhttps://bodoge.hoobby.net/games/the-arabian-pots \nhttps://gift10industry.myshopify.com/products/arabianpot 公式サイト\ninfo@gift10.net\n5800yen\n1 Box\nプラスチック\nボード1枚\n壺10個\n3\n2-5\n3-5\n2-4\n6-10\n5min\n10min\n15min\n5min\n20min\n3-\n4-\n5-\n6-\n12-\n冊子\n11ページ\n2ページ\nアラビアの壺ルールブック\nようこそアラビアの壺の世界へ\n視覚障碍者と健常者が一緒に遊べるという事に主観をおいたゲームデザイン。'),(328,'items',1,1,'クッキングカード','クッキングカード\nクッキングカード\nCooking cards\nCARTĀO DE ALIMENTOS\n知育玩具350\nEducational toys\nカードゲーム\nDAISO\n大創出版\nセットコレクション\nSTO-20=P10 D-162\n459131946772\n100 yen\n1 Box\n5 * 7.2 cm\n紙\nカード 32枚\n3-\njpn\nあそびかた\n料理'),(329,'items',1,1,'ミッドナイトパーティ','ミッドナイトパーティ\n鬼馬精霊派對\nミッドナイトパーティ\nGHOST PARTY\nMitternachtsparty\nEscape from the Hidden Castle\nヒューゴ\nHUGO\nボードゲーム\nWolfgang Kramer\nラベンスバーガー\nAsia Goal\nヴォルフガング・クラマー\n1998\nダイスロール\n出目移動\nプレイヤーの脱落\nhttps://boardgamegeek.com/boardgame/444/escape-hidden-castle \nhttps://bodoge.hoobby.net/games/mitternachtsparty \n4005556261826\n箱\n1 Box\n27 * 38 cm\n紙\nプラスチック\n招待客コマ 30\nおばけ（ヒューゴ）コマ 1\nダイス 1\nボード 1\n説明書 1\n2-8\n30 min\n6-\nchi\neng\n冊子\nレース'),(330,'items',1,1,'ハリウッド','ハリウッド\nTraumfabrik\nハリウッド\nDream Factory\nドリームファクトリー\nWer macht den besten Film?\nボードゲーム\nReiner Knizia\nハズブロ\nメビウスゲームス\nライナー・クニツィア\n2000\nタイル・カード配置\nhttps://boardgamegeek.com/boardgame/904/dream-factory \nhttps://bodoge.hoobby.net/games/dream-factory \n5023117593017\n1 Box\n27 * 45 cm\n紙\nゲームボード1, ついたて5, 台本22, 契約書チップ50(+1), プロダクションチップ93, 作品ポイントチップ30, 映画賞11, カメラコマ1\n2-5\n45min\n12-\ndeu\njpn\n冊子\n映画制作'),(331,'items',1,1,'アクワイア','アクワイア\nAcquire\nアクワイア\nボードゲーム\nアバロンヒル\n1976\nタイル・カード配置\nhttps://boardgamegeek.com/boardgame/5/acquire \nhttps://bodoge.hoobby.net/games/acquire \nhttps://www.wikidata.org/wiki/Q342547 \n45708001409\n1 Box\n29 * 22 cm\n2-6\n75 min\neng\n紙葉\n株式投資'),(332,'items',1,1,'Tanz der Hornochsen!','Tanz der Hornochsen!\nTanz der Hornochsen!\nボードゲーム\nAMIGO Spiel\nメビウスゲームス\nヴォルフガング・クラマー\nチキンレース\nタイル・カード配置\nバースト\nhttps://boardgamegeek.com/boardgame/13005/tanz-der-hornochsen \nhttps://bodoge.hoobby.net/games/tanz-der-hornochsen \n4007396043303\n箱\n1 Box\n27 * 38 cm\n紙\nタイル 99\nコマ 8\n目隠し 8\nボード 1\nマニュアル 1\n2-8\n45 min\n8-\ndeu\nシート\n失点回避\nボード・ニムト\nSpiel des Jahres Recommended\nSpiel der Spiele Hit für Familien Recommended\nドイツ年間ゲーム大賞ノミネート\nオーストリアゲーム賞ノミネート\n牛\n牧場\nコミカル'),(333,'items',1,1,'ミシシッピ・クイーン','ミシシッピ・クイーン\nMississippi Queen\nミシシッピ・クイーン\nボードゲーム\nGoldsieber Spiele\nメビウスゲームス\nヴェルナー・ホーデル\n1997\n出目移動\nダイスロール\nグリッド移動\nプレイヤーの脱落\nhttps://boardgamegeek.com/boardgame/256/mississippi-queen Mississippi Queen\nhttps://bodoge.hoobby.net/games/mississippi-queen ミシシッピ・クイーン\nhttp://www.wikidata.org/entity/Q972726 Mississippi Queen\n4006592670887\n1 Box\n38 * 26 cm\n紙\nプラスチック\n河川タイル 12\n上陸地点タイル 1\n計測棒 1\n蒸気船コマ 5\nメーター 10\n乗客 16\n方向ダイス 1\nシール 1\n3-5\n30-40\n10-\ndeu\n紙葉\nドイツ年間ゲーム大賞 1997\nSpiel des Jahres Winner\nEssener Feder Best Written Rules Winner\n川\nNew Orleans\nニューオリンズ\n蒸気船\n1871\nその他'),(334,'items',1,1,'Chris Cieslik','Chris Cieslik\nChris Cieslik\nhttps://boardgamegeek.com/boardgamedesigner/7011/chris-cieslik \nhttps://twitter.com/asmadigames '),(335,'items',1,1,'山田空太','山田空太\n山田空太\nやまだくうた\n空太\n山田\nhttps://twitter.com/postmanrace \n枯山水');
/*!40000 ALTER TABLE `fulltext_search` ENABLE KEYS */;
UNLOCK TABLES;

--
-- Table structure for table `item`
--

DROP TABLE IF EXISTS `item`;
/*!40101 SET @saved_cs_client     = @@character_set_client */;
/*!40101 SET character_set_client = utf8 */;
CREATE TABLE `item` (
  `id` int(11) NOT NULL,
  PRIMARY KEY (`id`),
  CONSTRAINT `FK_1F1B251EBF396750` FOREIGN KEY (`id`) REFERENCES `resource` (`id`) ON DELETE CASCADE
) ENGINE=InnoDB DEFAULT CHARSET=utf8mb4 COLLATE=utf8mb4_unicode_ci;
/*!40101 SET character_set_client = @saved_cs_client */;

--
-- Dumping data for table `item`
--

LOCK TABLES `item` WRITE;
/*!40000 ALTER TABLE `item` DISABLE KEYS */;
INSERT INTO `item` VALUES (85),(86),(189),(190),(191),(192),(193),(194),(195),(196),(197),(198),(199),(200),(201),(202),(203),(204),(205),(206),(207),(208),(209),(210),(211),(212),(213),(289),(290),(291),(292),(293),(294),(295),(296),(297),(298),(299),(300),(301),(302),(303),(304),(305),(306),(307),(308),(309),(310),(311),(312),(314),(315),(316),(317),(319),(320),(321),(322),(323),(324),(325),(326),(327),(328),(329),(330),(331),(332),(333),(334),(335);
/*!40000 ALTER TABLE `item` ENABLE KEYS */;
UNLOCK TABLES;

--
-- Table structure for table `item_item_set`
--

DROP TABLE IF EXISTS `item_item_set`;
/*!40101 SET @saved_cs_client     = @@character_set_client */;
/*!40101 SET character_set_client = utf8 */;
CREATE TABLE `item_item_set` (
  `item_id` int(11) NOT NULL,
  `item_set_id` int(11) NOT NULL,
  PRIMARY KEY (`item_id`,`item_set_id`),
  KEY `IDX_6D0C9625126F525E` (`item_id`),
  KEY `IDX_6D0C9625960278D7` (`item_set_id`),
  CONSTRAINT `FK_6D0C9625126F525E` FOREIGN KEY (`item_id`) REFERENCES `item` (`id`) ON DELETE CASCADE,
  CONSTRAINT `FK_6D0C9625960278D7` FOREIGN KEY (`item_set_id`) REFERENCES `item_set` (`id`) ON DELETE CASCADE
) ENGINE=InnoDB DEFAULT CHARSET=utf8mb4 COLLATE=utf8mb4_unicode_ci;
/*!40101 SET character_set_client = @saved_cs_client */;

--
-- Dumping data for table `item_item_set`
--

LOCK TABLES `item_item_set` WRITE;
/*!40000 ALTER TABLE `item_item_set` DISABLE KEYS */;
INSERT INTO `item_item_set` VALUES (85,88),(86,87),(189,88),(190,88),(191,88),(192,88),(193,88),(194,88),(195,88),(196,88),(197,88),(198,88),(199,88),(200,88),(201,88),(202,88),(203,88),(204,88),(205,88),(206,88),(207,88),(208,88),(209,88),(210,88),(211,88),(212,88),(213,88),(289,88),(290,88),(291,88),(292,88),(293,88),(294,88),(295,88),(296,88),(297,88),(298,88),(299,88),(300,88),(301,88),(302,88),(303,88),(304,88),(305,88),(306,87),(307,87),(308,87),(309,87),(310,87),(311,87),(312,87),(319,87),(320,87),(321,87),(322,87),(323,87),(324,87),(325,87),(326,87),(327,87),(328,87),(329,87),(330,87),(331,87),(332,87),(333,87);
/*!40000 ALTER TABLE `item_item_set` ENABLE KEYS */;
UNLOCK TABLES;

--
-- Table structure for table `item_set`
--

DROP TABLE IF EXISTS `item_set`;
/*!40101 SET @saved_cs_client     = @@character_set_client */;
/*!40101 SET character_set_client = utf8 */;
CREATE TABLE `item_set` (
  `id` int(11) NOT NULL,
  `is_open` tinyint(1) NOT NULL,
  PRIMARY KEY (`id`),
  CONSTRAINT `FK_1015EEEBF396750` FOREIGN KEY (`id`) REFERENCES `resource` (`id`) ON DELETE CASCADE
) ENGINE=InnoDB DEFAULT CHARSET=utf8mb4 COLLATE=utf8mb4_unicode_ci;
/*!40101 SET character_set_client = @saved_cs_client */;

--
-- Dumping data for table `item_set`
--

LOCK TABLES `item_set` WRITE;
/*!40000 ALTER TABLE `item_set` DISABLE KEYS */;
INSERT INTO `item_set` VALUES (87,0),(88,0);
/*!40000 ALTER TABLE `item_set` ENABLE KEYS */;
UNLOCK TABLES;

--
-- Table structure for table `item_site`
--

DROP TABLE IF EXISTS `item_site`;
/*!40101 SET @saved_cs_client     = @@character_set_client */;
/*!40101 SET character_set_client = utf8 */;
CREATE TABLE `item_site` (
  `item_id` int(11) NOT NULL,
  `site_id` int(11) NOT NULL,
  PRIMARY KEY (`item_id`,`site_id`),
  KEY `IDX_A1734D1F126F525E` (`item_id`),
  KEY `IDX_A1734D1FF6BD1646` (`site_id`),
  CONSTRAINT `FK_A1734D1F126F525E` FOREIGN KEY (`item_id`) REFERENCES `item` (`id`) ON DELETE CASCADE,
  CONSTRAINT `FK_A1734D1FF6BD1646` FOREIGN KEY (`site_id`) REFERENCES `site` (`id`) ON DELETE CASCADE
) ENGINE=InnoDB DEFAULT CHARSET=utf8mb4 COLLATE=utf8mb4_unicode_ci;
/*!40101 SET character_set_client = @saved_cs_client */;

--
-- Dumping data for table `item_site`
--

LOCK TABLES `item_site` WRITE;
/*!40000 ALTER TABLE `item_site` DISABLE KEYS */;
INSERT INTO `item_site` VALUES (86,1),(306,1),(307,1),(308,1),(309,1),(310,1),(311,1),(312,1),(315,1),(319,1),(320,1),(321,1),(322,1),(323,1),(324,1),(325,1),(326,1),(327,1),(328,1),(329,1),(330,1),(331,1),(332,1),(333,1);
/*!40000 ALTER TABLE `item_site` ENABLE KEYS */;
UNLOCK TABLES;

--
-- Table structure for table `job`
--

DROP TABLE IF EXISTS `job`;
/*!40101 SET @saved_cs_client     = @@character_set_client */;
/*!40101 SET character_set_client = utf8 */;
CREATE TABLE `job` (
  `id` int(11) NOT NULL AUTO_INCREMENT,
  `owner_id` int(11) DEFAULT NULL,
  `pid` varchar(255) COLLATE utf8mb4_unicode_ci DEFAULT NULL,
  `status` varchar(255) COLLATE utf8mb4_unicode_ci DEFAULT NULL,
  `class` varchar(255) COLLATE utf8mb4_unicode_ci NOT NULL,
  `args` longtext COLLATE utf8mb4_unicode_ci DEFAULT NULL COMMENT '(DC2Type:json_array)',
  `log` longtext COLLATE utf8mb4_unicode_ci DEFAULT NULL,
  `started` datetime NOT NULL,
  `ended` datetime DEFAULT NULL,
  PRIMARY KEY (`id`),
  KEY `IDX_FBD8E0F87E3C61F9` (`owner_id`),
  CONSTRAINT `FK_FBD8E0F87E3C61F9` FOREIGN KEY (`owner_id`) REFERENCES `user` (`id`) ON DELETE SET NULL
) ENGINE=InnoDB AUTO_INCREMENT=54 DEFAULT CHARSET=utf8mb4 COLLATE=utf8mb4_unicode_ci;
/*!40101 SET character_set_client = @saved_cs_client */;

--
-- Dumping data for table `job`
--

LOCK TABLES `job` WRITE;
/*!40000 ALTER TABLE `job` DISABLE KEYS */;
INSERT INTO `job` VALUES (1,1,NULL,'starting','CSVImport\\Job\\Import','{\"filename\":\"TTG.ods\",\"filesize\":\"11558\",\"filepath\":\"\\/tmp\\/omekaeY7ZXL\",\"media_type\":\"application\\/vnd.oasis.opendocument.spreadsheet\",\"resource_type\":\"items\",\"comment\":\"\",\"automap_check_names_alone\":true,\"column-property\":{\"0\":{\"ag:url\":278},\"2\":{\"ag:name\":263},\"3\":{\"ag:description\":245},\"7\":{\"ag:about\":185},\"8\":{\"ag:award\":189},\"9\":{\"ag:character\":190},\"10\":{\"ag:contentLocation\":192},\"11\":{\"ag:contentTimeSpan\":193},\"12\":{\"ag:designer\":196},\"13\":{\"ag:gameType\":208},\"14\":{\"ag:material\":219},\"15\":{\"ag:mechanic\":220},\"16\":{\"ag:narrativeGenre\":222},\"17\":{\"ag:alternateName\":234},\"18\":{\"ag:audience\":235},\"19\":{\"ag:barcode\":236},\"20\":{\"ag:bgg\":237},\"21\":{\"ag:bodoge\":238},\"22\":{\"ag:component\":239},\"23\":{\"ag:contactPoint\":240},\"24\":{\"ag:copyrightYear\":241},\"25\":{\"ag:dateCreated\":242},\"26\":{\"ag:datePublished\":244},\"27\":{\"ag:description\":245},\"28\":{\"ag:dimension\":246},\"29\":{\"ag:extent\":248},\"30\":{\"ag:format\":249},\"31\":{\"ag:identifier\":251},\"32\":{\"bibo:isbn\":99},\"33\":{\"ag:itemCondition\":256},\"34\":{\"ag:language\":258},\"35\":{\"ag:manualFormat\":259},\"36\":{\"ag:manualName\":260},\"37\":{\"ag:modelNumber\":262},\"38\":{\"ag:name\":263},\"39\":{\"ag:numberOfPlayers\":264},\"40\":{\"ag:playTime\":265},\"41\":{\"ag:price\":266},\"42\":{\"ag:provenance\":267},\"43\":{\"ag:responsibilityStatement\":268},\"44\":{\"ag:seeAlso\":270},\"45\":{\"ag:seriesStatement\":271},\"46\":{\"ag:source\":273},\"47\":{\"ag:subtitle\":274},\"48\":{\"ag:url\":278},\"49\":{\"ag:version\":279},\"50\":{\"ag:volume\":280},\"51\":{\"ag:weight\":282},\"52\":{\"ag:wikidata\":283},\"53\":{\"ag:manualExtent\":291},\"54\":{\"ag:freeword\":292},\"55\":{\"schema:birthDate\":284},\"56\":{\"schema:birthPlace\":285},\"57\":{\"schema:deathDate\":286},\"58\":{\"schema:startDate\":288},\"59\":{\"schema:address\":290}},\"column-data-type\":[\"literal\",\"literal\",\"literal\",\"literal\",\"literal\",\"literal\",\"literal\",\"literal\",\"literal\",\"literal\",\"literal\",\"literal\",\"literal\",\"literal\",\"literal\",\"literal\",\"literal\",\"literal\",\"literal\",\"literal\",\"literal\",\"literal\",\"literal\",\"literal\",\"literal\",\"literal\",\"literal\",\"literal\",\"literal\",\"literal\",\"literal\",\"literal\",\"literal\",\"literal\",\"literal\",\"literal\",\"literal\",\"literal\",\"literal\",\"literal\",\"literal\",\"literal\",\"literal\",\"literal\",\"literal\",\"literal\",\"literal\",\"literal\",\"literal\",\"literal\",\"literal\",\"literal\",\"literal\",\"literal\",\"literal\",\"literal\",\"literal\",\"literal\",\"literal\",\"literal\"],\"generic-data\":\"default\",\"media-source\":\"default\",\"o:resource_template\":{\"o:id\":2},\"o:resource_class\":{\"o:id\":108},\"o:owner\":{\"o:id\":1},\"o:is_public\":1,\"multivalue_separator\":\",\",\"global_language\":\"\",\"action\":\"create\",\"identifier_column\":0,\"identifier_property\":\"\",\"action_unidentified\":\"skip\",\"rows_by_batch\":20,\"column-multivalue\":[]}',NULL,'2021-10-09 13:23:23',NULL),(2,1,NULL,'starting','Omeka\\Job\\UpdateSiteItems','{\"sites\":{\"1\":{\"resource_class_id\":[\"108\"]}},\"action\":\"replace\"}',NULL,'2021-10-09 13:24:32',NULL),(3,1,NULL,'starting','CSVImport\\Job\\Import','{\"filename\":\"TTG.ods\",\"filesize\":\"11558\",\"filepath\":\"\\/tmp\\/omekaeB4oVo\",\"media_type\":\"application\\/vnd.oasis.opendocument.spreadsheet\",\"resource_type\":\"items\",\"comment\":\"\",\"automap_check_names_alone\":true,\"column-property\":{\"0\":{\"ag:url\":278},\"2\":{\"ag:name\":263},\"7\":{\"ag:about\":185},\"8\":{\"ag:award\":189},\"9\":{\"ag:character\":190},\"10\":{\"ag:contentLocation\":192},\"11\":{\"ag:contentTimeSpan\":193},\"12\":{\"ag:designer\":196},\"13\":{\"ag:gameType\":208},\"14\":{\"ag:material\":219},\"15\":{\"ag:mechanic\":220},\"16\":{\"ag:narrativeGenre\":222},\"17\":{\"ag:alternateName\":234},\"18\":{\"ag:audience\":235},\"19\":{\"ag:barcode\":236},\"20\":{\"ag:bgg\":237},\"21\":{\"ag:bodoge\":238},\"22\":{\"ag:component\":239},\"23\":{\"ag:contactPoint\":240},\"24\":{\"ag:copyrightYear\":241},\"25\":{\"ag:dateCreated\":242},\"26\":{\"ag:datePublished\":244},\"27\":{\"ag:description\":245},\"28\":{\"ag:dimension\":246},\"29\":{\"ag:extent\":248},\"30\":{\"ag:format\":249},\"31\":{\"ag:identifier\":251},\"32\":{\"bibo:isbn\":99},\"33\":{\"ag:itemCondition\":256},\"34\":{\"ag:language\":258},\"35\":{\"ag:manualFormat\":259},\"36\":{\"ag:manualName\":260},\"37\":{\"ag:modelNumber\":262},\"39\":{\"ag:numberOfPlayers\":264},\"40\":{\"ag:playTime\":265},\"41\":{\"ag:price\":266},\"42\":{\"ag:provenance\":267},\"43\":{\"ag:responsibilityStatement\":268},\"44\":{\"ag:seeAlso\":270},\"45\":{\"ag:seriesStatement\":271},\"46\":{\"ag:source\":273},\"47\":{\"ag:subtitle\":274},\"49\":{\"ag:version\":279},\"50\":{\"ag:volume\":280},\"51\":{\"ag:weight\":282},\"52\":{\"ag:wikidata\":283},\"53\":{\"ag:manualExtent\":291},\"54\":{\"ag:freeword\":292},\"55\":{\"schema:birthDate\":284},\"56\":{\"schema:birthPlace\":285},\"57\":{\"schema:deathDate\":286},\"58\":{\"schema:startDate\":288},\"59\":{\"schema:address\":290}},\"column-data-type\":[\"literal\",\"literal\",\"literal\",\"literal\",\"literal\",\"literal\",\"literal\",\"literal\",\"literal\",\"literal\",\"literal\",\"literal\",\"literal\",\"literal\",\"literal\",\"literal\",\"literal\",\"literal\",\"literal\",\"literal\",\"literal\",\"literal\",\"literal\",\"literal\",\"literal\",\"literal\",\"literal\",\"literal\",\"literal\",\"literal\",\"literal\",\"literal\",\"literal\",\"literal\",\"literal\",\"literal\",\"literal\",\"literal\",\"literal\",\"literal\",\"literal\",\"literal\",\"literal\",\"literal\",\"literal\",\"literal\",\"literal\",\"literal\",\"literal\",\"literal\",\"literal\",\"literal\",\"literal\",\"literal\",\"literal\",\"literal\",\"literal\",\"literal\",\"literal\",\"literal\"],\"generic-data\":\"default\",\"media-source\":\"default\",\"o:resource_template\":{\"o:id\":2},\"o:resource_class\":{\"o:id\":108},\"o:owner\":{\"o:id\":1},\"o:is_public\":1,\"multivalue_separator\":\",\",\"global_language\":\"\",\"action\":\"create\",\"identifier_column\":0,\"identifier_property\":\"\",\"action_unidentified\":\"skip\",\"rows_by_batch\":20,\"column-multivalue\":[]}',NULL,'2021-10-09 13:25:51',NULL),(4,1,NULL,'starting','CSVImport\\Job\\Import','{\"filename\":\"Sheet2.csv\",\"filesize\":\"12503\",\"filepath\":\"\\/tmp\\/omekampIz60\",\"media_type\":\"text\\/csv\",\"resource_type\":\"items\",\"comment\":\"\",\"automap_check_names_alone\":true,\"column-property\":{\"0\":{\"ag:url\":278},\"2\":{\"ag:name\":263},\"7\":{\"ag:about\":185},\"8\":{\"ag:award\":189},\"9\":{\"ag:character\":190},\"10\":{\"ag:contentLocation\":192},\"11\":{\"ag:contentTimeSpan\":193},\"12\":{\"ag:designer\":196},\"13\":{\"ag:gameType\":208},\"14\":{\"ag:material\":219},\"15\":{\"ag:mechanic\":220},\"16\":{\"ag:narrativeGenre\":222},\"17\":{\"ag:alternateName\":234},\"18\":{\"ag:audience\":235},\"19\":{\"ag:barcode\":236},\"20\":{\"ag:bgg\":237},\"21\":{\"ag:bodoge\":238},\"22\":{\"ag:component\":239},\"23\":{\"ag:contactPoint\":240},\"24\":{\"ag:copyrightYear\":241},\"25\":{\"ag:dateCreated\":242},\"26\":{\"ag:datePublished\":244},\"27\":{\"ag:description\":245},\"28\":{\"ag:dimension\":246},\"29\":{\"ag:extent\":248},\"30\":{\"ag:format\":249},\"31\":{\"ag:identifier\":251},\"32\":{\"bibo:isbn\":99},\"33\":{\"ag:itemCondition\":256},\"34\":{\"ag:language\":258},\"35\":{\"ag:manualFormat\":259},\"36\":{\"ag:manualName\":260},\"37\":{\"ag:modelNumber\":262},\"39\":{\"ag:numberOfPlayers\":264},\"40\":{\"ag:playTime\":265},\"41\":{\"ag:price\":266},\"42\":{\"ag:provenance\":267},\"43\":{\"ag:responsibilityStatement\":268},\"44\":{\"ag:seeAlso\":270},\"45\":{\"ag:seriesStatement\":271},\"46\":{\"ag:source\":273},\"47\":{\"ag:subtitle\":274},\"49\":{\"ag:version\":279},\"50\":{\"ag:volume\":280},\"51\":{\"ag:weight\":282},\"52\":{\"ag:wikidata\":283},\"53\":{\"ag:manualExtent\":291},\"54\":{\"ag:freeword\":292},\"55\":{\"schema:birthDate\":284},\"56\":{\"schema:birthPlace\":285},\"57\":{\"schema:deathDate\":286},\"58\":{\"schema:startDate\":288},\"59\":{\"schema:address\":290}},\"column-data-type\":[\"literal\",\"literal\",\"literal\",\"literal\",\"literal\",\"literal\",\"literal\",\"literal\",\"literal\",\"literal\",\"literal\",\"literal\",\"literal\",\"literal\",\"literal\",\"literal\",\"literal\",\"literal\",\"literal\",\"literal\",\"literal\",\"literal\",\"literal\",\"literal\",\"literal\",\"literal\",\"literal\",\"literal\",\"literal\",\"literal\",\"literal\",\"literal\",\"literal\",\"literal\",\"literal\",\"literal\",\"literal\",\"literal\",\"literal\",\"literal\",\"literal\",\"literal\",\"literal\",\"literal\",\"literal\",\"literal\",\"literal\",\"literal\",\"literal\",\"literal\",\"literal\",\"literal\",\"literal\",\"literal\",\"literal\",\"literal\",\"literal\",\"literal\",\"literal\",\"literal\"],\"generic-data\":\"default\",\"media-source\":\"default\",\"o:resource_template\":{\"o:id\":2},\"o:resource_class\":{\"o:id\":108},\"o:owner\":{\"o:id\":1},\"o:is_public\":1,\"multivalue_separator\":\",\",\"global_language\":\"\",\"action\":\"create\",\"identifier_column\":0,\"identifier_property\":\"\",\"action_unidentified\":\"skip\",\"rows_by_batch\":20,\"column-multivalue\":[],\"delimiter\":\"\\t\",\"enclosure\":\"\\\"\",\"escape\":\"\\\\\"}',NULL,'2021-10-09 13:27:16',NULL),(5,1,NULL,'starting','Omeka\\Job\\UpdateSiteItems','{\"sites\":{\"1\":{\"resource_class_id\":[\"125\"]}},\"action\":\"replace\"}',NULL,'2021-10-09 13:38:22',NULL),(6,1,NULL,'starting','Omeka\\Job\\UpdateSiteItems','{\"sites\":{\"1\":{\"resource_class_id\":[\"108\"]}},\"action\":\"replace\"}',NULL,'2021-10-09 13:41:19',NULL),(7,1,NULL,'starting','Omeka\\Job\\UpdateSiteItems','{\"sites\":{\"1\":{\"resource_class_id\":[\"108\"]}},\"action\":\"replace\"}',NULL,'2021-10-09 13:41:47',NULL),(8,1,NULL,'starting','CSVImport\\Job\\Import','{\"filename\":\"Organization.csv\",\"filesize\":\"10402\",\"filepath\":\"\\/tmp\\/omekacc6rk5\",\"media_type\":\"text\\/csv\",\"resource_type\":\"items\",\"comment\":\"\",\"automap_check_names_alone\":true,\"column-data-type\":[\"literal\",\"literal\",\"literal\",\"literal\",\"literal\",\"literal\",\"literal\",\"literal\",\"literal\",\"literal\",\"literal\",\"literal\",\"literal\",\"literal\",\"literal\",\"literal\",\"literal\",\"literal\",\"literal\",\"literal\",\"uri\",\"uri\",\"literal\",\"literal\",\"literal\",\"literal\",\"literal\",\"literal\",\"literal\",\"literal\",\"literal\",\"literal\",\"literal\",\"literal\",\"literal\",\"literal\",\"literal\",\"literal\",\"literal\",\"literal\",\"literal\",\"literal\",\"literal\",\"literal\",\"literal\",\"literal\",\"literal\",\"literal\",\"literal\",\"literal\",\"literal\",\"literal\",\"uri\",\"literal\",\"literal\",\"literal\",\"literal\",\"literal\",\"literal\",\"literal\"],\"undefined\":{\"1\":\"default\"},\"column-property\":{\"2\":{\"ag:name\":263},\"7\":{\"ag:about\":185},\"8\":{\"ag:award\":189},\"9\":{\"ag:character\":190},\"10\":{\"ag:contentLocation\":192},\"11\":{\"ag:contentTimeSpan\":193},\"12\":{\"ag:designer\":196},\"13\":{\"ag:gameType\":208},\"14\":{\"ag:material\":219},\"15\":{\"ag:mechanic\":220},\"16\":{\"ag:narrativeGenre\":222},\"17\":{\"ag:alternateName\":234},\"18\":{\"ag:audience\":235},\"19\":{\"ag:barcode\":236},\"20\":{\"ag:bgg\":237},\"21\":{\"ag:bodoge\":238},\"22\":{\"ag:component\":239},\"23\":{\"ag:contactPoint\":240},\"24\":{\"ag:copyrightYear\":241},\"25\":{\"ag:dateCreated\":242},\"26\":{\"ag:datePublished\":244},\"27\":{\"ag:description\":245},\"28\":{\"ag:dimension\":246},\"29\":{\"ag:extent\":248},\"30\":{\"ag:format\":249},\"31\":{\"ag:identifier\":251},\"32\":{\"bibo:isbn\":99},\"33\":{\"ag:itemCondition\":256},\"34\":{\"ag:language\":258},\"35\":{\"ag:manualFormat\":259},\"36\":{\"ag:manualName\":260},\"37\":{\"ag:modelNumber\":262},\"39\":{\"ag:numberOfPlayers\":264},\"40\":{\"ag:playTime\":265},\"41\":{\"ag:price\":266},\"42\":{\"ag:provenance\":267},\"43\":{\"ag:responsibilityStatement\":268},\"44\":{\"ag:seeAlso\":270},\"45\":{\"ag:seriesStatement\":271},\"46\":{\"ag:source\":273},\"47\":{\"ag:subtitle\":274},\"49\":{\"ag:version\":279},\"50\":{\"ag:volume\":280},\"51\":{\"ag:weight\":282},\"52\":{\"ag:wikidata\":283},\"53\":{\"ag:manualExtent\":291},\"54\":{\"ag:freeword\":292},\"55\":{\"schema:birthDate\":284},\"56\":{\"schema:birthPlace\":285},\"57\":{\"schema:deathDate\":286},\"58\":{\"schema:startDate\":288},\"59\":{\"schema:address\":290}},\"generic-data\":\"default\",\"media-source\":\"default\",\"o:resource_template\":{\"o:id\":8},\"o:resource_class\":{\"o:id\":136},\"o:owner\":{\"o:id\":1},\"o:is_public\":1,\"multivalue_separator\":\",\",\"global_language\":\"\",\"action\":\"create\",\"identifier_column\":0,\"identifier_property\":\"\",\"action_unidentified\":\"skip\",\"rows_by_batch\":20,\"column-multivalue\":[],\"delimiter\":\"\\t\",\"enclosure\":\"\\\"\",\"escape\":\"\\\\\"}',NULL,'2021-10-09 13:51:26',NULL),(9,1,NULL,'starting','CSVImport\\Job\\Import','{\"filename\":\"Organization.csv\",\"filesize\":\"4233\",\"filepath\":\"\\/tmp\\/omekaqAHvBF\",\"media_type\":\"text\\/csv\",\"resource_type\":\"items\",\"comment\":\"\",\"automap_check_names_alone\":true,\"column-property\":[{\"ag:name\":263},{\"dcterms:coverage\":14},{\"ag:alternateName\":234},{\"ag:bgg\":237},{\"ag:alternateName\":234},{\"ag:numberOfPlayers\":264},{\"ag:seeAlso\":270},{\"ag:url\":278},{\"ag:wikidata\":283},{\"schema:startDate\":288},{\"schema:address\":290}],\"column-data-type\":[\"literal\",\"literal\",\"literal\",\"literal\",\"literal\",\"literal\",\"literal\",\"literal\",\"literal\",\"literal\",\"literal\"],\"generic-data\":\"default\",\"media-source\":\"default\",\"o:resource_template\":{\"o:id\":8},\"o:resource_class\":{\"o:id\":136},\"o:owner\":{\"o:id\":1},\"o:is_public\":1,\"multivalue_separator\":\",\",\"global_language\":\"\",\"action\":\"create\",\"identifier_column\":0,\"identifier_property\":\"\",\"action_unidentified\":\"skip\",\"rows_by_batch\":20,\"column-multivalue\":[],\"delimiter\":\"\\t\",\"enclosure\":\"\\\"\",\"escape\":\"\\\\\"}',NULL,'2021-10-09 13:56:08',NULL),(10,1,NULL,'starting','CSVImport\\Job\\Import','{\"filename\":\"Organizaion.csv\",\"filesize\":\"512\",\"filepath\":\"\\/tmp\\/omekaiD9tLw\",\"media_type\":\"text\\/csv\",\"resource_type\":\"items\",\"comment\":\"\",\"automap_check_names_alone\":true,\"column-property\":[{\"ag:name\":263}],\"column-data-type\":[\"literal\"],\"generic-data\":\"default\",\"media-source\":\"default\",\"o:resource_template\":{\"o:id\":8},\"o:resource_class\":{\"o:id\":136},\"o:owner\":{\"o:id\":1},\"o:is_public\":1,\"multivalue_separator\":\",\",\"global_language\":\"\",\"action\":\"create\",\"identifier_column\":0,\"identifier_property\":\"\",\"action_unidentified\":\"skip\",\"rows_by_batch\":20,\"column-multivalue\":[],\"delimiter\":\"\\t\",\"enclosure\":\"\\\"\",\"escape\":\"\\\\\"}',NULL,'2021-10-09 13:59:43',NULL),(11,1,NULL,'starting','CSVImport\\Job\\Import','{\"filename\":\"Organizaion.csv\",\"filesize\":\"512\",\"filepath\":\"\\/tmp\\/omekaWU71I7\",\"media_type\":\"text\\/csv\",\"resource_type\":\"items\",\"comment\":\"\",\"automap_check_names_alone\":true,\"column-property\":[{\"ag:name\":263}],\"column-data-type\":[\"literal\"],\"generic-data\":\"default\",\"media-source\":\"default\",\"o:resource_template\":\"\",\"o:resource_class\":\"\",\"o:owner\":{\"o:id\":1},\"o:is_public\":1,\"multivalue_separator\":\",\",\"global_language\":\"\",\"action\":\"create\",\"identifier_column\":0,\"identifier_property\":\"\",\"action_unidentified\":\"skip\",\"rows_by_batch\":20,\"column-multivalue\":[],\"delimiter\":\"\\t\",\"enclosure\":\"\\\"\",\"escape\":\"\\\\\"}',NULL,'2021-10-09 14:00:00',NULL),(12,1,NULL,'starting','CSVImport\\Job\\Import','{\"filename\":\"Organizaion.csv\",\"filesize\":\"512\",\"filepath\":\"\\/tmp\\/omeka0vV5ne\",\"media_type\":\"text\\/csv\",\"resource_type\":\"items\",\"comment\":\"\",\"automap_check_names_alone\":true,\"column-property\":[{\"ag:name\":263}],\"column-data-type\":[\"literal\"],\"generic-data\":\"default\",\"media-source\":\"default\",\"o:resource_template\":\"\",\"o:resource_class\":\"\",\"o:owner\":{\"o:id\":1},\"o:is_public\":1,\"multivalue_separator\":\",\",\"global_language\":\"\",\"action\":\"create\",\"identifier_column\":0,\"identifier_property\":\"\",\"action_unidentified\":\"skip\",\"rows_by_batch\":20,\"column-multivalue\":[],\"delimiter\":\"\\t\",\"enclosure\":\"\\\"\",\"escape\":\"\\\\\"}',NULL,'2021-10-09 14:02:19',NULL),(13,1,NULL,'starting','CSVImport\\Job\\Import','{\"filename\":\"Organizaion.csv\",\"filesize\":\"512\",\"filepath\":\"\\/tmp\\/omekaK6gXf8\",\"media_type\":\"text\\/csv\",\"resource_type\":\"items\",\"comment\":\"\",\"automap_check_names_alone\":true,\"column-property\":[{\"ag:name\":263}],\"column-data-type\":[\"literal\"],\"generic-data\":\"default\",\"media-source\":\"default\",\"o:resource_template\":\"\",\"o:resource_class\":{\"o:id\":136},\"o:owner\":{\"o:id\":1},\"o:is_public\":1,\"multivalue_separator\":\",\",\"global_language\":\"\",\"action\":\"create\",\"identifier_column\":0,\"identifier_property\":\"\",\"action_unidentified\":\"skip\",\"rows_by_batch\":20,\"column-multivalue\":[],\"delimiter\":\"\\t\",\"enclosure\":\"\\\"\",\"escape\":\"\\\\\"}',NULL,'2021-10-09 14:04:21',NULL),(14,1,NULL,'starting','CSVImport\\Job\\Import','{\"filename\":\"Organizaion.csv\",\"filesize\":\"512\",\"filepath\":\"\\/tmp\\/omeka2ANSVX\",\"media_type\":\"text\\/csv\",\"resource_type\":\"items\",\"comment\":\"\",\"automap_check_names_alone\":true,\"column-property\":[{\"ag:name\":263}],\"column-data-type\":[\"literal\"],\"generic-data\":\"default\",\"media-source\":\"default\",\"o:resource_template\":\"\",\"o:resource_class\":\"\",\"o:owner\":{\"o:id\":1},\"o:is_public\":1,\"multivalue_separator\":\",\",\"global_language\":\"\",\"action\":\"create\",\"identifier_column\":0,\"identifier_property\":\"\",\"action_unidentified\":\"skip\",\"rows_by_batch\":20,\"column-multivalue\":[],\"delimiter\":\"\\t\",\"enclosure\":\"\\\"\",\"escape\":\"\\\\\"}',NULL,'2021-10-09 15:08:00',NULL),(15,1,NULL,'starting','CSVImport\\Job\\Import','{\"filename\":\"Organizaion.csv\",\"filesize\":\"512\",\"filepath\":\"\\/tmp\\/omeka8Mw6Zg\",\"media_type\":\"text\\/csv\",\"resource_type\":\"items\",\"comment\":\"\",\"automap_check_names_alone\":true,\"column-property\":[{\"ag:name\":263}],\"column-data-type\":[\"literal\"],\"generic-data\":\"default\",\"media-source\":\"default\",\"o:resource_template\":{\"o:id\":8},\"o:resource_class\":{\"o:id\":136},\"o:owner\":{\"o:id\":1},\"o:is_public\":1,\"multivalue_separator\":\",\",\"global_language\":\"\",\"action\":\"create\",\"identifier_column\":0,\"identifier_property\":\"\",\"action_unidentified\":\"skip\",\"rows_by_batch\":20,\"column-multivalue\":[],\"delimiter\":\"\\t\",\"enclosure\":\"\\\"\",\"escape\":\"\\\\\"}',NULL,'2021-10-09 15:18:28',NULL),(16,1,NULL,'starting','CSVImport\\Job\\Import','{\"filename\":\"Organizaion.csv\",\"filesize\":\"512\",\"filepath\":\"\\/tmp\\/omekao5XPed\",\"media_type\":\"text\\/csv\",\"resource_type\":\"items\",\"comment\":\"\",\"automap_check_names_alone\":true,\"column-property\":[{\"ag:name\":263}],\"column-data-type\":[\"literal\"],\"generic-data\":\"default\",\"media-source\":\"default\",\"o:resource_template\":\"\",\"o:resource_class\":\"\",\"o:owner\":{\"o:id\":1},\"o:is_public\":1,\"multivalue_separator\":\",\",\"global_language\":\"\",\"action\":\"create\",\"identifier_column\":0,\"identifier_property\":\"\",\"action_unidentified\":\"skip\",\"rows_by_batch\":20,\"column-multivalue\":[],\"delimiter\":\"\\t\",\"enclosure\":\"\\\"\",\"escape\":\"\\\\\"}',NULL,'2021-10-09 16:41:25',NULL),(17,1,NULL,'starting','CSVImport\\Job\\Import','{\"filename\":\"Organizaion.csv\",\"filesize\":\"512\",\"filepath\":\"\\/tmp\\/omekaYo5Umn\",\"media_type\":\"text\\/csv\",\"resource_type\":\"items\",\"comment\":\"\",\"automap_check_names_alone\":true,\"column-property\":[{\"ag:name\":263}],\"column-data-type\":[\"literal\"],\"generic-data\":\"default\",\"media-source\":\"default\",\"o:resource_template\":\"\",\"o:resource_class\":\"\",\"o:owner\":{\"o:id\":1},\"o:is_public\":1,\"multivalue_separator\":\",\",\"global_language\":\"\",\"action\":\"create\",\"identifier_column\":0,\"identifier_property\":\"\",\"action_unidentified\":\"skip\",\"rows_by_batch\":20,\"column-multivalue\":[],\"delimiter\":\"\\t\",\"enclosure\":\"\\\"\",\"escape\":\"\\\\\"}',NULL,'2021-10-10 04:35:41',NULL),(18,1,NULL,'starting','CSVImport\\Job\\Import','{\"filename\":\"Organizaion.csv\",\"filesize\":\"512\",\"filepath\":\"\\/tmp\\/omekaANeQgJ\",\"media_type\":\"text\\/csv\",\"resource_type\":\"items\",\"comment\":\"\",\"automap_check_names_alone\":true,\"column-property\":[{\"ag:name\":263}],\"column-data-type\":[\"literal\"],\"generic-data\":\"default\",\"media-source\":\"default\",\"o:resource_template\":\"\",\"o:resource_class\":\"\",\"o:owner\":{\"o:id\":1},\"o:is_public\":1,\"multivalue_separator\":\",\",\"global_language\":\"\",\"action\":\"create\",\"identifier_column\":0,\"identifier_property\":\"\",\"action_unidentified\":\"skip\",\"rows_by_batch\":20,\"column-multivalue\":[],\"delimiter\":\"\\t\",\"enclosure\":\"\\\"\",\"escape\":\"\\\\\"}',NULL,'2021-10-10 14:19:54',NULL),(19,1,NULL,'starting','CSVImport\\Job\\Import','{\"filename\":\"Organizaion.csv\",\"filesize\":\"512\",\"filepath\":\"\\/tmp\\/omekaIG1gLJ\",\"media_type\":\"text\\/csv\",\"resource_type\":\"items\",\"comment\":\"\",\"automap_check_names_alone\":true,\"column-property\":[{\"ag:name\":263}],\"column-data-type\":[\"literal\"],\"generic-data\":\"default\",\"media-source\":\"default\",\"o:resource_template\":{\"o:id\":8},\"o:resource_class\":{\"o:id\":136},\"o:owner\":{\"o:id\":1},\"o:is_public\":1,\"multivalue_separator\":\",\",\"global_language\":\"\",\"action\":\"create\",\"identifier_column\":0,\"identifier_property\":\"\",\"action_unidentified\":\"skip\",\"rows_by_batch\":20,\"column-multivalue\":[],\"delimiter\":\"\\t\",\"enclosure\":\"\\\"\",\"escape\":\"\\\\\"}',NULL,'2021-10-10 17:29:15',NULL),(20,1,NULL,'starting','Omeka\\Job\\BatchUpdate','{\"resource\":\"items\",\"query\":[],\"data\":[],\"data_remove\":{\"set_value_visibility\":\"\"},\"data_append\":{\"o:item_set\":[\"88\"]}}',NULL,'2021-10-10 17:37:14',NULL),(21,1,NULL,'starting','CSVImport\\Job\\Import','{\"filename\":\"Organizaion.csv\",\"filesize\":\"512\",\"filepath\":\"\\/tmp\\/omekaGISFuu\",\"media_type\":\"text\\/csv\",\"resource_type\":\"items\",\"comment\":\"\",\"automap_check_names_alone\":true,\"column-property\":[{\"ag:name\":263}],\"column-data-type\":[\"literal\"],\"generic-data\":\"default\",\"media-source\":\"default\",\"o:resource_template\":\"\",\"o:resource_class\":\"\",\"o:owner\":{\"o:id\":1},\"o:is_public\":1,\"multivalue_separator\":\",\",\"global_language\":\"\",\"action\":\"create\",\"identifier_column\":0,\"identifier_property\":\"\",\"action_unidentified\":\"skip\",\"rows_by_batch\":20,\"column-multivalue\":[],\"delimiter\":\"\\t\",\"enclosure\":\"\\\"\",\"escape\":\"\\\\\"}',NULL,'2021-10-11 14:37:16',NULL),(22,1,NULL,'starting','CSVImport\\Job\\Import','{\"filename\":\"Organizaion.csv\",\"filesize\":\"512\",\"filepath\":\"\\/tmp\\/omekaW2t7a3\",\"media_type\":\"text\\/csv\",\"resource_type\":\"items\",\"comment\":\"\",\"automap_check_names_alone\":true,\"column-property\":[{\"ag:name\":263}],\"column-data-type\":[\"literal\"],\"generic-data\":\"default\",\"media-source\":\"default\",\"o:resource_template\":\"\",\"o:resource_class\":\"\",\"o:owner\":{\"o:id\":1},\"o:is_public\":1,\"multivalue_separator\":\",\",\"global_language\":\"\",\"action\":\"create\",\"identifier_column\":0,\"identifier_property\":\"\",\"action_unidentified\":\"skip\",\"rows_by_batch\":20,\"column-multivalue\":[],\"delimiter\":\"\\t\",\"enclosure\":\"\\\"\",\"escape\":\"\\\\\"}',NULL,'2021-10-11 14:42:44',NULL),(23,1,NULL,'starting','CSVImport\\Job\\Import','{\"filename\":\"Organizaion.csv\",\"filesize\":\"512\",\"filepath\":\"\\/tmp\\/omeka4nOckQ\",\"media_type\":\"text\\/csv\",\"resource_type\":\"items\",\"comment\":\"\",\"automap_check_names_alone\":true,\"column-property\":[{\"ag:name\":263}],\"column-data-type\":[\"literal\"],\"generic-data\":\"default\",\"media-source\":\"default\",\"o:resource_template\":{\"o:id\":2},\"o:resource_class\":{\"o:id\":108},\"o:owner\":{\"o:id\":1},\"o:is_public\":1,\"multivalue_separator\":\",\",\"global_language\":\"\",\"action\":\"create\",\"identifier_column\":0,\"identifier_property\":\"\",\"action_unidentified\":\"skip\",\"rows_by_batch\":20,\"column-multivalue\":[],\"delimiter\":\"\\t\",\"enclosure\":\"\\\"\",\"escape\":\"\\\\\"}',NULL,'2021-10-11 14:43:23',NULL),(24,1,NULL,'starting','CSVImport\\Job\\Import','{\"filename\":\"Organizaion.csv\",\"filesize\":\"512\",\"filepath\":\"\\/tmp\\/omekaU4vYwA\",\"media_type\":\"text\\/csv\",\"resource_type\":\"items\",\"comment\":\"\",\"automap_check_names_alone\":true,\"column-property\":[{\"ag:name\":263}],\"column-data-type\":[\"literal\"],\"generic-data\":\"default\",\"media-source\":\"default\",\"o:resource_template\":\"\",\"o:resource_class\":\"\",\"o:owner\":{\"o:id\":1},\"o:is_public\":1,\"multivalue_separator\":\",\",\"global_language\":\"\",\"action\":\"create\",\"identifier_column\":0,\"identifier_property\":\"\",\"action_unidentified\":\"skip\",\"rows_by_batch\":20,\"column-multivalue\":[],\"delimiter\":\"\\t\",\"enclosure\":\"\\\"\",\"escape\":\"\\\\\"}',NULL,'2021-10-11 14:47:35',NULL),(25,1,NULL,'error','CSVImport\\Job\\Import','{\"filename\":\"Organizaion.csv\",\"filesize\":\"512\",\"filepath\":\"\\/tmp\\/omekaePFi6m\",\"media_type\":\"text\\/csv\",\"resource_type\":\"items\",\"comment\":\"\",\"automap_check_names_alone\":true,\"column-property\":[{\"ag:name\":263}],\"column-data-type\":[\"literal\"],\"generic-data\":\"default\",\"media-source\":\"default\",\"o:resource_template\":{\"o:id\":2},\"o:resource_class\":{\"o:id\":108},\"o:owner\":{\"o:id\":1},\"o:is_public\":1,\"o:item_set\":[\"87\"],\"multivalue_separator\":\",\",\"global_language\":\"\",\"action\":\"create\",\"identifier_column\":0,\"identifier_property\":\"\",\"action_unidentified\":\"skip\",\"rows_by_batch\":20,\"column-multivalue\":[],\"delimiter\":\"\\t\",\"enclosure\":\"\\\"\",\"escape\":\"\\\\\"}',NULL,'2021-10-11 14:50:14','2021-10-11 14:50:14'),(26,1,NULL,'starting','BulkImport\\Job\\Import','{\"bulk_import_id\":1,\"base_url\":\"http:\\/\\/id.analoggamemuseum.org\",\"base_path\":\"\"}',NULL,'2021-10-11 14:57:41',NULL),(27,1,NULL,'starting','CSVImport\\Job\\Import','{\"filename\":\"\\u56e3\\u4f53.csv\",\"filesize\":\"41\",\"filepath\":\"\\/tmp\\/omekay3Rqfw\",\"media_type\":\"text\\/csv\",\"resource_type\":\"items\",\"comment\":\"\",\"automap_check_names_alone\":true,\"column-property\":[{\"ag:name\":263}],\"column-data-type\":[\"literal\"],\"generic-data\":\"default\",\"media-source\":\"default\",\"o:resource_template\":{\"o:id\":8},\"o:resource_class\":{\"o:id\":136},\"o:owner\":{\"o:id\":1},\"o:is_public\":1,\"o:item_set\":[\"88\"],\"multivalue_separator\":\",\",\"global_language\":\"\",\"action\":\"create\",\"identifier_column\":0,\"identifier_property\":\"\",\"action_unidentified\":\"skip\",\"rows_by_batch\":20,\"column-multivalue\":[],\"delimiter\":\"\\t\",\"enclosure\":\"\\\"\",\"escape\":\"\\\\\"}',NULL,'2021-10-13 01:27:32',NULL),(28,1,NULL,'starting','BulkImport\\Job\\Import','{\"bulk_import_id\":2,\"base_url\":\"http:\\/\\/id.analoggamemuseum.org\",\"base_path\":\"\"}',NULL,'2021-10-13 01:29:32',NULL),(29,1,NULL,'error','CSVImport\\Job\\Import','{\"filename\":\"Organizaion.csv\",\"filesize\":\"512\",\"filepath\":\"\\/tmp\\/omekakk4kvS\",\"media_type\":\"text\\/csv\",\"resource_type\":\"items\",\"comment\":\"\",\"automap_check_names_alone\":true,\"column-property\":[{\"dcterms:title\":1}],\"column-data-type\":[\"literal\"],\"generic-data\":\"default\",\"media-source\":\"default\",\"o:resource_template\":{\"o:id\":8},\"o:resource_class\":{\"o:id\":136},\"o:owner\":{\"o:id\":1},\"o:is_public\":1,\"multivalue_separator\":\",\",\"global_language\":\"\",\"action\":\"create\",\"identifier_column\":0,\"identifier_property\":\"\",\"action_unidentified\":\"skip\",\"rows_by_batch\":20,\"column-multivalue\":[],\"delimiter\":\"\\t\",\"enclosure\":\"\\\"\",\"escape\":\"\\\\\"}',NULL,'2021-10-15 04:13:45','2021-10-15 04:13:45'),(30,1,NULL,'error','CSVImport\\Job\\Import','{\"filename\":\"Organizaion.csv\",\"filesize\":\"512\",\"filepath\":\"\\/tmp\\/omekaYdlQNS\",\"media_type\":\"text\\/csv\",\"resource_type\":\"items\",\"comment\":\"\",\"automap_check_names_alone\":true,\"column-property\":[{\"ag:name\":263}],\"column-data-type\":[\"literal\"],\"generic-data\":\"default\",\"media-source\":\"default\",\"o:resource_template\":{\"o:id\":8},\"o:resource_class\":{\"o:id\":136},\"o:owner\":{\"o:id\":1},\"o:is_public\":1,\"o:item_set\":[\"88\"],\"multivalue_separator\":\",\",\"global_language\":\"\",\"action\":\"create\",\"identifier_column\":0,\"identifier_property\":\"\",\"action_unidentified\":\"skip\",\"rows_by_batch\":20,\"column-multivalue\":[],\"delimiter\":\"\\t\",\"enclosure\":\"\\\"\",\"escape\":\"\\\\\"}',NULL,'2021-10-15 04:23:23','2021-10-15 04:23:23'),(31,1,NULL,'starting','CSVImport\\Job\\Import','{\"filename\":\"Organizaion.csv\",\"filesize\":\"512\",\"filepath\":\"\\/tmp\\/omekaqGTIES\",\"media_type\":\"text\\/csv\",\"resource_type\":\"items\",\"comment\":\"\",\"automap_check_names_alone\":true,\"column-property\":[{\"ag:name\":263}],\"column-data-type\":[\"literal\"],\"generic-data\":\"default\",\"media-source\":\"default\",\"o:resource_template\":{\"o:id\":8},\"o:resource_class\":{\"o:id\":136},\"o:owner\":{\"o:id\":1},\"o:is_public\":1,\"o:item_set\":[\"88\"],\"multivalue_separator\":\",\",\"global_language\":\"\",\"action\":\"create\",\"identifier_column\":0,\"identifier_property\":\"\",\"action_unidentified\":\"skip\",\"rows_by_batch\":20,\"column-multivalue\":[],\"delimiter\":\"\\t\",\"enclosure\":\"\\\"\",\"escape\":\"\\\\\"}',NULL,'2021-10-15 05:30:24',NULL),(32,1,NULL,'starting','CSVImport\\Job\\Import','{\"filename\":\"Organizaion.csv\",\"filesize\":\"512\",\"filepath\":\"\\/tmp\\/omekasvWy0i\",\"media_type\":\"text\\/csv\",\"resource_type\":\"items\",\"comment\":\"\",\"automap_check_names_alone\":true,\"column-property\":[{\"ag:name\":263}],\"column-data-type\":[\"literal\"],\"generic-data\":\"default\",\"media-source\":\"default\",\"o:resource_template\":{\"o:id\":8},\"o:resource_class\":{\"o:id\":136},\"o:owner\":{\"o:id\":1},\"o:is_public\":1,\"o:item_set\":[\"88\"],\"multivalue_separator\":\",\",\"global_language\":\"\",\"action\":\"create\",\"identifier_column\":0,\"identifier_property\":\"\",\"action_unidentified\":\"skip\",\"rows_by_batch\":20,\"column-multivalue\":[],\"delimiter\":\"\\t\",\"enclosure\":\"\\\"\",\"escape\":\"\\\\\"}',NULL,'2021-10-15 05:33:41',NULL),(33,1,NULL,'error','CSVImport\\Job\\Import','{\"filename\":\"Organizaion.csv\",\"filesize\":\"512\",\"filepath\":\"\\/tmp\\/omekaMM8QBd\",\"media_type\":\"text\\/csv\",\"resource_type\":\"items\",\"comment\":\"\",\"automap_check_names_alone\":true,\"column-property\":[{\"ag:name\":263}],\"column-data-type\":[\"literal\"],\"generic-data\":\"default\",\"media-source\":\"default\",\"o:resource_template\":{\"o:id\":8},\"o:resource_class\":{\"o:id\":136},\"o:owner\":{\"o:id\":1},\"o:is_public\":1,\"o:item_set\":[\"88\"],\"multivalue_separator\":\",\",\"global_language\":\"\",\"action\":\"create\",\"identifier_column\":0,\"identifier_property\":\"\",\"action_unidentified\":\"skip\",\"rows_by_batch\":20,\"column-multivalue\":[],\"delimiter\":\"\\t\",\"enclosure\":\"\\\"\",\"escape\":\"\\\\\"}',NULL,'2021-10-15 05:39:17','2021-10-15 05:39:17'),(34,1,'103396','completed','CSVImport\\Job\\Import','{\"filename\":\"Organizaion.csv\",\"filesize\":\"512\",\"filepath\":\"\\/tmp\\/omekaTQUuqr\",\"media_type\":\"text\\/csv\",\"resource_type\":\"items\",\"comment\":\"\",\"automap_check_names_alone\":true,\"column-property\":[{\"ag:name\":263}],\"column-data-type\":[\"literal\"],\"generic-data\":\"default\",\"media-source\":\"default\",\"o:resource_template\":{\"o:id\":8},\"o:resource_class\":{\"o:id\":136},\"o:owner\":{\"o:id\":1},\"o:is_public\":1,\"o:item_set\":[\"88\"],\"multivalue_separator\":\",\",\"global_language\":\"\",\"action\":\"create\",\"identifier_column\":0,\"identifier_property\":\"\",\"action_unidentified\":\"skip\",\"rows_by_batch\":20,\"column-multivalue\":[],\"delimiter\":\"\\t\",\"enclosure\":\"\\\"\",\"escape\":\"\\\\\"}',NULL,'2021-10-15 12:14:35','2021-10-15 12:14:35'),(35,1,'124793','completed','CSVImport\\Job\\Import','{\"filename\":\"Organizaion.csv\",\"filesize\":\"512\",\"filepath\":\"\\/tmp\\/omekaVNycxL\",\"media_type\":\"text\\/csv\",\"resource_type\":\"items\",\"comment\":\"\",\"automap_check_names_alone\":true,\"column-property\":[{\"ag:name\":263}],\"column-data-type\":[\"literal\"],\"generic-data\":\"default\",\"media-source\":\"default\",\"o:resource_template\":{\"o:id\":8},\"o:resource_class\":{\"o:id\":136},\"o:owner\":{\"o:id\":1},\"o:is_public\":1,\"o:item_set\":[\"88\"],\"multivalue_separator\":\",\",\"global_language\":\"\",\"action\":\"create\",\"identifier_column\":0,\"identifier_property\":\"\",\"action_unidentified\":\"skip\",\"rows_by_batch\":20,\"column-multivalue\":[],\"delimiter\":\"\\t\",\"enclosure\":\"\\\"\",\"escape\":\"\\\\\"}',NULL,'2021-10-15 12:20:31','2021-10-15 12:20:31'),(36,1,NULL,'error','CSVImport\\Job\\Import','{\"filename\":\"Org.csv\",\"filesize\":\"4114\",\"filepath\":\"\\/tmp\\/omekajFgkPD\",\"media_type\":\"text\\/csv\",\"resource_type\":\"items\",\"comment\":\"\",\"automap_check_names_alone\":true,\"column-property\":[{\"dcterms:title\":1},{\"dcterms:temporal\":41},{\"ag:alternateName\":234},{\"ag:bgg\":237},{\"ag:name\":263},{\"ag:seeAlso\":270},{\"ag:url\":278},{\"ag:wikidata\":283},{\"schema:startDate\":288},{\"schema:address\":290}],\"column-data-type\":[\"literal\",\"literal\",\"literal\",\"uri\",\"literal\",\"uri\",\"uri\",\"uri\",\"literal\",\"literal\"],\"generic-data\":\"default\",\"media-source\":\"default\",\"o:resource_template\":{\"o:id\":2},\"o:resource_class\":{\"o:id\":136},\"o:owner\":{\"o:id\":1},\"o:is_public\":1,\"o:item_set\":[\"88\"],\"multivalue_separator\":\" | \",\"global_language\":\"\",\"action\":\"create\",\"identifier_column\":0,\"identifier_property\":\"\",\"action_unidentified\":\"skip\",\"rows_by_batch\":20,\"column-multivalue\":[],\"delimiter\":\"\\t\",\"enclosure\":\"\\\"\",\"escape\":\"\\\\\"}',NULL,'2021-10-15 12:27:49','2021-10-15 12:27:49'),(37,1,'26888','completed','CSVImport\\Job\\Import','{\"filename\":\"Org.csv\",\"filesize\":\"4114\",\"filepath\":\"\\/tmp\\/omeka7t3SAr\",\"media_type\":\"text\\/csv\",\"resource_type\":\"items\",\"comment\":\"\",\"automap_check_names_alone\":true,\"column-property\":[{\"dcterms:title\":1},{\"dcterms:temporal\":41},{\"ag:alternateName\":234},{\"ag:bgg\":237},{\"ag:name\":263},{\"ag:seeAlso\":270},{\"ag:url\":278},{\"ag:wikidata\":283},{\"schema:startDate\":288},{\"schema:address\":290}],\"column-data-type\":[\"literal\",\"literal\",\"literal\",\"uri\",\"literal\",\"uri\",\"uri\",\"uri\",\"literal\",\"literal\"],\"generic-data\":\"default\",\"media-source\":\"default\",\"o:resource_template\":{\"o:id\":8},\"o:resource_class\":{\"o:id\":136},\"o:owner\":{\"o:id\":1},\"o:is_public\":1,\"o:item_set\":[\"88\"],\"multivalue_separator\":\" | \",\"global_language\":\"\",\"action\":\"create\",\"identifier_column\":0,\"identifier_property\":\"\",\"action_unidentified\":\"skip\",\"rows_by_batch\":20,\"column-multivalue\":[],\"delimiter\":\"\\t\",\"enclosure\":\"\\\"\",\"escape\":\"\\\\\"}',NULL,'2021-10-15 12:29:41','2021-10-15 12:29:41'),(38,1,'48090','completed','CSVImport\\Job\\Import','{\"filename\":\"Org.csv\",\"filesize\":\"4097\",\"filepath\":\"\\/tmp\\/omekaD9Kegj\",\"media_type\":\"text\\/csv\",\"resource_type\":\"items\",\"comment\":\"\",\"automap_check_names_alone\":true,\"column-property\":[{\"dcterms:title\":1},{\"dcterms:temporal\":41},{\"ag:alternateName\":234},{\"ag:bgg\":237},{\"ag:name\":263},{\"ag:seeAlso\":270},{\"ag:url\":278},{\"ag:wikidata\":283},{\"schema:startDate\":288},{\"schema:address\":290}],\"column-data-type\":[\"literal\",\"literal\",\"literal\",\"uri\",\"literal\",\"uri\",\"uri\",\"uri\",\"literal\",\"literal\"],\"generic-data\":\"default\",\"media-source\":\"default\",\"o:resource_template\":{\"o:id\":8},\"o:resource_class\":{\"o:id\":136},\"o:owner\":{\"o:id\":1},\"o:is_public\":1,\"o:item_set\":[\"88\"],\"multivalue_separator\":\"\\\\\\\\\",\"global_language\":\"\",\"action\":\"create\",\"identifier_column\":0,\"identifier_property\":\"\",\"action_unidentified\":\"skip\",\"rows_by_batch\":20,\"column-multivalue\":[],\"delimiter\":\"\\t\",\"enclosure\":\"\\\"\",\"escape\":\"\\\\\"}',NULL,'2021-10-15 12:35:17','2021-10-15 12:35:17'),(39,1,'58532','completed','CSVImport\\Job\\Import','{\"filename\":\"Org.csv\",\"filesize\":\"4247\",\"filepath\":\"\\/tmp\\/omeka7nHYzN\",\"media_type\":\"text\\/csv\",\"resource_type\":\"items\",\"comment\":\"\",\"automap_check_names_alone\":true,\"column-property\":[{\"dcterms:title\":1},{\"dcterms:temporal\":41},{\"ag:alternateName\":234},{\"ag:bgg\":237},{\"ag:name\":263},{\"ag:seeAlso\":270},{\"ag:url\":278},{\"ag:wikidata\":283},{\"schema:startDate\":288},{\"schema:address\":290}],\"column-data-type\":[\"literal\",\"literal\",\"literal\",\"uri\",\"literal\",\"uri\",\"uri\",\"uri\",\"literal\",\"literal\"],\"column-multivalue\":[\"1\",\"1\",\"1\",\"1\",\"1\",\"1\",\"1\",\"1\",\"1\",\"1\"],\"generic-data\":\"default\",\"media-source\":\"default\",\"o:resource_template\":{\"o:id\":8},\"o:resource_class\":{\"o:id\":136},\"o:owner\":{\"o:id\":1},\"o:is_public\":1,\"o:item_set\":[\"88\"],\"multivalue_separator\":\"\\u3000\\uff3c\\uff3c\\u3000\",\"global_language\":\"\",\"action\":\"create\",\"identifier_column\":0,\"identifier_property\":\"\",\"action_unidentified\":\"skip\",\"rows_by_batch\":20,\"delimiter\":\"\\t\",\"enclosure\":\"\\\"\",\"escape\":\"\\\\\"}',NULL,'2021-10-15 12:38:32','2021-10-15 12:38:32'),(40,1,'2626','completed','Omeka\\Job\\UpdateSiteItems','{\"sites\":{\"1\":{\"resource_class_id\":[\"108\"]}},\"action\":\"replace\"}',NULL,'2021-10-15 12:59:31','2021-10-15 12:59:31'),(41,1,'17151','completed','CSVImport\\Job\\Import','{\"filename\":\"Organizaion.csv\",\"filesize\":\"512\",\"filepath\":\"\\/tmp\\/omekaHyDj3S\",\"media_type\":\"text\\/csv\",\"resource_type\":\"items\",\"comment\":\"\",\"automap_check_names_alone\":true,\"column-property\":[{\"ag:name\":263}],\"column-data-type\":[\"literal\"],\"generic-data\":\"default\",\"media-source\":\"default\",\"o:resource_template\":\"\",\"o:resource_class\":\"\",\"o:owner\":{\"o:id\":1},\"o:is_public\":1,\"multivalue_separator\":\"\\u3000\\uff3c\\uff3c\\u3000\",\"global_language\":\"\",\"action\":\"create\",\"identifier_column\":0,\"identifier_property\":\"\",\"action_unidentified\":\"skip\",\"rows_by_batch\":20,\"column-multivalue\":[],\"delimiter\":\"\\t\",\"enclosure\":\"\\\"\",\"escape\":\"\\\\\"}',NULL,'2021-10-15 13:03:53','2021-10-15 13:03:53'),(42,1,'24494','completed','CSVImport\\Job\\Import','{\"filename\":\"Organizaion.csv\",\"filesize\":\"512\",\"filepath\":\"\\/tmp\\/omekaTQdczI\",\"media_type\":\"text\\/csv\",\"resource_type\":\"items\",\"comment\":\"\",\"automap_check_names_alone\":true,\"column-property\":[{\"ag:name\":263}],\"column-data-type\":[\"literal\"],\"generic-data\":\"default\",\"media-source\":\"default\",\"o:resource_template\":\"\",\"o:resource_class\":\"\",\"o:owner\":{\"o:id\":1},\"o:is_public\":1,\"multivalue_separator\":\"\\u3000\\uff3c\\uff3c\\u3000\",\"global_language\":\"\",\"action\":\"create\",\"identifier_column\":0,\"identifier_property\":\"\",\"action_unidentified\":\"skip\",\"rows_by_batch\":20,\"column-multivalue\":[],\"delimiter\":\"\\t\",\"enclosure\":\"\\\"\",\"escape\":\"\\\\\"}',NULL,'2021-10-15 13:05:22','2021-10-15 13:05:23'),(43,1,NULL,'error','CSVImport\\Job\\Import','{\"filename\":\"Organizaion.csv\",\"filesize\":\"512\",\"filepath\":\"\\/tmp\\/omekab1wdL9\",\"media_type\":\"text\\/csv\",\"resource_type\":\"items\",\"comment\":\"\",\"automap_check_names_alone\":true,\"column-property\":[{\"ag:name\":263}],\"column-data-type\":[\"literal\"],\"generic-data\":\"default\",\"media-source\":\"default\",\"o:resource_template\":\"\",\"o:resource_class\":\"\",\"o:owner\":{\"o:id\":1},\"o:is_public\":1,\"multivalue_separator\":\"\\u3000\\uff3c\\uff3c\\u3000\",\"global_language\":\"\",\"action\":\"create\",\"identifier_column\":0,\"identifier_property\":\"\",\"action_unidentified\":\"skip\",\"rows_by_batch\":20,\"column-multivalue\":[],\"delimiter\":\"\\t\",\"enclosure\":\"\\\"\",\"escape\":\"\\\\\"}',NULL,'2021-10-15 13:11:03','2021-10-15 13:11:03'),(44,1,'56054','completed','CSVImport\\Job\\Import','{\"filename\":\"Organizaion.csv\",\"filesize\":\"512\",\"filepath\":\"\\/tmp\\/omeka3LqmcE\",\"media_type\":\"text\\/csv\",\"resource_type\":\"items\",\"comment\":\"\",\"automap_check_names_alone\":true,\"column-property\":[{\"ag:name\":263}],\"column-data-type\":[\"literal\"],\"generic-data\":\"default\",\"media-source\":\"default\",\"o:resource_template\":\"\",\"o:resource_class\":\"\",\"o:owner\":{\"o:id\":1},\"o:is_public\":1,\"multivalue_separator\":\"\\u3000\\uff3c\\uff3c\\u3000\",\"global_language\":\"\",\"action\":\"create\",\"identifier_column\":0,\"identifier_property\":\"\",\"action_unidentified\":\"skip\",\"rows_by_batch\":20,\"column-multivalue\":[],\"delimiter\":\"\\t\",\"enclosure\":\"\\\"\",\"escape\":\"\\\\\"}',NULL,'2021-10-15 13:14:04','2021-10-15 13:14:05'),(45,1,'79304','completed','CSVImport\\Job\\Import','{\"filename\":\"Person.csv\",\"filesize\":\"2957\",\"filepath\":\"\\/tmp\\/omekaR7rMME\",\"media_type\":\"text\\/csv\",\"resource_type\":\"items\",\"comment\":\"\",\"automap_check_names_alone\":true,\"column-property\":[{\"dcterms:title\":1},{\"dcterms:temporal\":41},{\"foaf:givenName\":141},{\"foaf:familyName\":145},{\"ag:alternateName\":234},{\"ag:bgg\":237},{\"ag:description\":245},{\"ag:name\":263},{\"ag:seeAlso\":270},{\"ag:wikidata\":283},{\"schema:birthDate\":284},{\"schema:birthPlace\":285},{\"schema:deathDate\":286}],\"column-data-type\":[\"literal\",\"literal\",\"literal\",\"literal\",\"literal\",\"uri\",\"literal\",\"literal\",\"uri\",\"uri\",\"literal\",\"literal\",\"literal\"],\"column-multivalue\":[\"1\",\"1\",\"1\",\"1\",\"1\",\"1\",\"1\",\"1\",\"1\",\"1\",\"1\",\"1\",\"1\"],\"generic-data\":\"default\",\"media-source\":\"default\",\"o:resource_template\":{\"o:id\":6},\"o:resource_class\":{\"o:id\":139},\"o:owner\":{\"o:id\":1},\"o:is_public\":1,\"o:item_set\":[\"88\"],\"multivalue_separator\":\" | \",\"global_language\":\"\",\"action\":\"create\",\"identifier_column\":0,\"identifier_property\":\"\",\"action_unidentified\":\"skip\",\"rows_by_batch\":20,\"delimiter\":\"\\t\",\"enclosure\":\"\\\"\",\"escape\":\"\\\\\"}',NULL,'2021-10-15 14:32:39','2021-10-15 14:32:39'),(46,1,'104885','completed','CSVImport\\Job\\Import','{\"filename\":\"Book.csv\",\"filesize\":\"2633\",\"filepath\":\"\\/tmp\\/omekajjvILK\",\"media_type\":\"text\\/csv\",\"resource_type\":\"items\",\"comment\":\"\",\"automap_check_names_alone\":true,\"column-property\":[{\"dcterms:title\":1},{\"ag:description\":245},{\"ag:about\":185},{\"ag:alternateName\":234},{\"ag:copyrightYear\":241},{\"ag:datePublished\":244},{\"ag:dimension\":246},{\"ag:extent\":248},{\"ag:format\":249},{\"ag:isbn\":253},{\"ag:language\":258},{\"ag:name\":263},{\"ag:price\":266},{\"ag:responsibilityStatement\":268},{\"ag:seriesStatement\":271},{\"ag:source\":273},{\"ag:alternateName\":234},{\"ag:volume\":280}],\"column-data-type\":[\"literal\",\"literal\",\"literal\",\"literal\",\"literal\",\"literal\",\"literal\",\"literal\",\"literal\",\"literal\",\"literal\",\"literal\",\"literal\",\"literal\",\"literal\",\"literal\",\"literal\",\"literal\"],\"column-multivalue\":[\"1\",\"1\",\"1\",\"1\",\"1\",\"1\",\"1\",\"1\",\"1\",\"1\",\"1\",\"1\",\"1\",\"1\",\"1\",\"1\",\"1\",\"1\"],\"generic-data\":\"default\",\"media-source\":\"default\",\"o:resource_template\":{\"o:id\":9},\"o:resource_class\":{\"o:id\":113},\"o:owner\":{\"o:id\":1},\"o:is_public\":1,\"o:item_set\":[\"87\"],\"multivalue_separator\":\" | \",\"global_language\":\"\",\"action\":\"create\",\"identifier_column\":0,\"identifier_property\":\"\",\"action_unidentified\":\"skip\",\"rows_by_batch\":20,\"delimiter\":\"\\t\",\"enclosure\":\"\\\"\",\"escape\":\"\\\\\"}',NULL,'2021-10-15 14:39:36','2021-10-15 14:39:36'),(47,1,'2843','completed','Omeka\\Job\\UpdateSiteItems','{\"sites\":{\"1\":{\"resource_class_id\":[\"108\",\"113\"]}},\"action\":\"replace\"}',NULL,'2021-10-15 14:47:17','2021-10-15 14:47:17'),(48,1,'36893','completed','CSVImport\\Job\\Import','{\"filename\":\"Tabletop.csv\",\"filesize\":\"9945\",\"filepath\":\"\\/tmp\\/omekaN5jPrk\",\"media_type\":\"text\\/csv\",\"resource_type\":\"items\",\"comment\":\"\",\"automap_check_names_alone\":true,\"column-property\":[{\"dcterms:title\":1},{\"ag:award\":189},{\"ag:character\":190},{\"ag:contentLocation\":192},{\"ag:contentTimeSpan\":193},{\"ag:gameType\":208},{\"ag:material\":219},{\"ag:mechanic\":220},{\"ag:narrativeGenre\":222},{\"ag:alternateName\":234},{\"ag:audience\":235},{\"ag:barcode\":236},{\"ag:bgg\":237},{\"ag:bodoge\":238},{\"ag:component\":239},{\"ag:contactPoint\":240},{\"ag:copyrightYear\":241},{\"ag:datePublished\":244},{\"ag:description\":245},{\"ag:dimension\":246},{\"ag:extent\":248},{\"ag:language\":258},{\"ag:manualFormat\":259},{\"ag:manualName\":260},{\"ag:modelNumber\":262},{\"ag:name\":263},{\"ag:numberOfPlayers\":264},{\"ag:playTime\":265},{\"ag:price\":266},{\"ag:responsibilityStatement\":268},{\"ag:seeAlso\":270},{\"ag:seriesStatement\":271},{\"ag:source\":273},{\"ag:version\":279},{\"ag:volume\":280},{\"ag:weight\":282},{\"ag:wikidata\":283},{\"ag:manualExtent\":291},{\"ag:freeword\":292}],\"column-data-type\":[\"literal\",\"literal\",\"literal\",\"literal\",\"literal\",\"literal\",\"literal\",\"literal\",\"literal\",\"literal\",\"literal\",\"literal\",\"uri\",\"uri\",\"literal\",\"literal\",\"literal\",\"literal\",\"literal\",\"literal\",\"literal\",\"literal\",\"literal\",\"literal\",\"literal\",\"literal\",\"literal\",\"literal\",\"literal\",\"literal\",\"uri\",\"literal\",\"literal\",\"literal\",\"literal\",\"literal\",\"uri\",\"literal\",\"literal\"],\"column-multivalue\":[\"1\",\"1\",\"1\",\"1\",\"1\",\"1\",\"1\",\"1\",\"1\",\"1\",\"1\",\"1\",\"1\",\"1\",\"1\",\"1\",\"1\",\"1\",\"1\",\"1\",\"1\",\"1\",\"1\",\"1\",\"1\",\"1\",\"1\",\"1\",\"1\",\"1\",\"1\",\"1\",\"1\",\"1\",\"1\",\"1\",\"1\",\"1\",\"1\"],\"generic-data\":\"default\",\"media-source\":\"default\",\"o:resource_template\":{\"o:id\":2},\"o:resource_class\":{\"o:id\":108},\"o:owner\":{\"o:id\":1},\"o:is_public\":1,\"o:item_set\":[\"87\"],\"multivalue_separator\":\" | \",\"global_language\":\"\",\"action\":\"create\",\"identifier_column\":0,\"identifier_property\":\"\",\"action_unidentified\":\"skip\",\"rows_by_batch\":20,\"delimiter\":\"\\t\",\"enclosure\":\"\\\"\",\"escape\":\"\\\\\"}',NULL,'2021-10-15 15:32:59','2021-10-15 15:32:59'),(49,1,'40360','completed','Omeka\\Job\\UpdateSiteItems','{\"sites\":{\"1\":{\"resource_class_id\":[\"108\"]}},\"action\":\"replace\"}',NULL,'2021-10-15 15:33:16','2021-10-15 15:33:16'),(50,1,'51575','completed','Omeka\\Job\\UpdateSiteItems','{\"sites\":{\"1\":{\"resource_class_id\":[\"108\",\"113\"]}},\"action\":\"replace\"}',NULL,'2021-10-15 16:13:12','2021-10-15 16:13:12'),(51,1,'52588','completed','Omeka\\Job\\UpdateSiteItems','{\"sites\":{\"1\":{\"resource_class_id\":[\"108\",\"113\"]}},\"action\":\"replace\"}',NULL,'2021-10-15 17:26:23','2021-10-15 17:26:23'),(52,1,'57016','completed','Omeka\\Job\\UpdateSiteItems','{\"sites\":{\"1\":{\"resource_class_id\":[\"108\",\"113\"]}},\"action\":\"replace\"}',NULL,'2021-10-16 01:46:46','2021-10-16 01:46:46'),(53,1,'49850','completed','Omeka\\Job\\IndexFulltextSearch',NULL,NULL,'2021-11-07 15:54:42','2021-11-07 15:54:42');
/*!40000 ALTER TABLE `job` ENABLE KEYS */;
UNLOCK TABLES;

--
-- Table structure for table `log`
--

DROP TABLE IF EXISTS `log`;
/*!40101 SET @saved_cs_client     = @@character_set_client */;
/*!40101 SET character_set_client = utf8 */;
CREATE TABLE `log` (
  `id` int(11) NOT NULL AUTO_INCREMENT,
  `owner_id` int(11) DEFAULT NULL,
  `job_id` int(11) DEFAULT NULL,
  `reference` varchar(190) COLLATE utf8mb4_unicode_ci NOT NULL DEFAULT '',
  `severity` int(11) NOT NULL DEFAULT 0,
  `message` longtext COLLATE utf8mb4_unicode_ci NOT NULL,
  `context` longtext COLLATE utf8mb4_unicode_ci NOT NULL COMMENT '(DC2Type:json)',
  `created` datetime NOT NULL,
  PRIMARY KEY (`id`),
  KEY `owner_idx` (`owner_id`),
  KEY `job_idx` (`job_id`),
  KEY `reference_idx` (`reference`),
  KEY `severity_idx` (`severity`),
  CONSTRAINT `FK_8F3F68C57E3C61F9` FOREIGN KEY (`owner_id`) REFERENCES `user` (`id`) ON DELETE SET NULL,
  CONSTRAINT `FK_8F3F68C5BE04EA9` FOREIGN KEY (`job_id`) REFERENCES `job` (`id`) ON DELETE CASCADE
) ENGINE=InnoDB AUTO_INCREMENT=46 DEFAULT CHARSET=utf8mb4 COLLATE=utf8mb4_unicode_ci;
/*!40101 SET character_set_client = @saved_cs_client */;

--
-- Dumping data for table `log`
--

LOCK TABLES `log` WRITE;
/*!40000 ALTER TABLE `log` DISABLE KEYS */;
INSERT INTO `log` VALUES (1,1,25,'',3,'Omeka\\Job\\Exception\\RuntimeException: PHP-CLI error: invalid PHP path. in /home/xs931140/analoggamemuseum.org/public_html/id/application/src/Job/DispatchStrategy/PhpCli.php:63\nStack trace:\n#0 /home/xs931140/analoggamemuseum.org/public_html/id/modules/Log/src/Job/Dispatcher.php(32): Omeka\\Job\\DispatchStrategy\\PhpCli->send(Object(Omeka\\Entity\\Job))\n#1 /home/xs931140/analoggamemuseum.org/public_html/id/application/src/Job/Dispatcher.php(91): Log\\Job\\Dispatcher->send(Object(Omeka\\Entity\\Job), Object(Omeka\\Job\\DispatchStrategy\\PhpCli))\n#2 /home/xs931140/analoggamemuseum.org/public_html/id/modules/CSVImport/src/Controller/IndexController.php(154): Omeka\\Job\\Dispatcher->dispatch(\'CSVImport\\\\Job\\\\I...\', Array)\n#3 /home/xs931140/analoggamemuseum.org/public_html/id/vendor/laminas/laminas-mvc/src/Controller/AbstractActionController.php(77): CSVImport\\Controller\\IndexController->mapAction()\n#4 /home/xs931140/analoggamemuseum.org/public_html/id/vendor/laminas/laminas-eventmanager/src/EventManager.php(321): Laminas\\Mvc\\Controller\\AbstractActionController->onDispatch(Object(Laminas\\Mvc\\MvcEvent))\n#5 /home/xs931140/analoggamemuseum.org/public_html/id/vendor/laminas/laminas-eventmanager/src/EventManager.php(178): Laminas\\EventManager\\EventManager->triggerListeners(Object(Laminas\\Mvc\\MvcEvent), Object(Closure))\n#6 /home/xs931140/analoggamemuseum.org/public_html/id/vendor/laminas/laminas-mvc/src/Controller/AbstractController.php(103): Laminas\\EventManager\\EventManager->triggerEventUntil(Object(Closure), Object(Laminas\\Mvc\\MvcEvent))\n#7 /home/xs931140/analoggamemuseum.org/public_html/id/vendor/laminas/laminas-mvc/src/DispatchListener.php(139): Laminas\\Mvc\\Controller\\AbstractController->dispatch(Object(Laminas\\Http\\PhpEnvironment\\Request), Object(Laminas\\Http\\PhpEnvironment\\Response))\n#8 /home/xs931140/analoggamemuseum.org/public_html/id/vendor/laminas/laminas-eventmanager/src/EventManager.php(321): Laminas\\Mvc\\DispatchListener->onDispatch(Object(Laminas\\Mvc\\MvcEvent))\n#9 /home/xs931140/analoggamemuseum.org/public_html/id/vendor/laminas/laminas-eventmanager/src/EventManager.php(178): Laminas\\EventManager\\EventManager->triggerListeners(Object(Laminas\\Mvc\\MvcEvent), Object(Closure))\n#10 /home/xs931140/analoggamemuseum.org/public_html/id/vendor/laminas/laminas-mvc/src/Application.php(331): Laminas\\EventManager\\EventManager->triggerEventUntil(Object(Closure), Object(Laminas\\Mvc\\MvcEvent))\n#11 /home/xs931140/analoggamemuseum.org/public_html/id/index.php(21): Laminas\\Mvc\\Application->run()\n#12 {main}','[]','2021-10-11 14:50:14'),(2,1,29,'',3,'Omeka\\Job\\Exception\\RuntimeException: PHP-CLI error: invalid PHP path. in /home/xs931140/analoggamemuseum.org/public_html/id/application/src/Job/DispatchStrategy/PhpCli.php:63\nStack trace:\n#0 /home/xs931140/analoggamemuseum.org/public_html/id/modules/Log/src/Job/Dispatcher.php(32): Omeka\\Job\\DispatchStrategy\\PhpCli->send(Object(Omeka\\Entity\\Job))\n#1 /home/xs931140/analoggamemuseum.org/public_html/id/application/src/Job/Dispatcher.php(91): Log\\Job\\Dispatcher->send(Object(Omeka\\Entity\\Job), Object(Omeka\\Job\\DispatchStrategy\\PhpCli))\n#2 /home/xs931140/analoggamemuseum.org/public_html/id/modules/CSVImport/src/Controller/IndexController.php(154): Omeka\\Job\\Dispatcher->dispatch(\'CSVImport\\\\Job\\\\I...\', Array)\n#3 /home/xs931140/analoggamemuseum.org/public_html/id/vendor/laminas/laminas-mvc/src/Controller/AbstractActionController.php(77): CSVImport\\Controller\\IndexController->mapAction()\n#4 /home/xs931140/analoggamemuseum.org/public_html/id/vendor/laminas/laminas-eventmanager/src/EventManager.php(321): Laminas\\Mvc\\Controller\\AbstractActionController->onDispatch(Object(Laminas\\Mvc\\MvcEvent))\n#5 /home/xs931140/analoggamemuseum.org/public_html/id/vendor/laminas/laminas-eventmanager/src/EventManager.php(178): Laminas\\EventManager\\EventManager->triggerListeners(Object(Laminas\\Mvc\\MvcEvent), Object(Closure))\n#6 /home/xs931140/analoggamemuseum.org/public_html/id/vendor/laminas/laminas-mvc/src/Controller/AbstractController.php(103): Laminas\\EventManager\\EventManager->triggerEventUntil(Object(Closure), Object(Laminas\\Mvc\\MvcEvent))\n#7 /home/xs931140/analoggamemuseum.org/public_html/id/vendor/laminas/laminas-mvc/src/DispatchListener.php(139): Laminas\\Mvc\\Controller\\AbstractController->dispatch(Object(Laminas\\Http\\PhpEnvironment\\Request), Object(Laminas\\Http\\PhpEnvironment\\Response))\n#8 /home/xs931140/analoggamemuseum.org/public_html/id/vendor/laminas/laminas-eventmanager/src/EventManager.php(321): Laminas\\Mvc\\DispatchListener->onDispatch(Object(Laminas\\Mvc\\MvcEvent))\n#9 /home/xs931140/analoggamemuseum.org/public_html/id/vendor/laminas/laminas-eventmanager/src/EventManager.php(178): Laminas\\EventManager\\EventManager->triggerListeners(Object(Laminas\\Mvc\\MvcEvent), Object(Closure))\n#10 /home/xs931140/analoggamemuseum.org/public_html/id/vendor/laminas/laminas-mvc/src/Application.php(331): Laminas\\EventManager\\EventManager->triggerEventUntil(Object(Closure), Object(Laminas\\Mvc\\MvcEvent))\n#11 /home/xs931140/analoggamemuseum.org/public_html/id/index.php(21): Laminas\\Mvc\\Application->run()\n#12 {main}','[]','2021-10-15 04:13:45'),(3,1,30,'',3,'Omeka\\Job\\Exception\\RuntimeException: PHP-CLI error: invalid PHP path. in /home/xs931140/analoggamemuseum.org/public_html/id/application/src/Job/DispatchStrategy/PhpCli.php:63\nStack trace:\n#0 /home/xs931140/analoggamemuseum.org/public_html/id/modules/Log/src/Job/Dispatcher.php(32): Omeka\\Job\\DispatchStrategy\\PhpCli->send(Object(Omeka\\Entity\\Job))\n#1 /home/xs931140/analoggamemuseum.org/public_html/id/application/src/Job/Dispatcher.php(91): Log\\Job\\Dispatcher->send(Object(Omeka\\Entity\\Job), Object(Omeka\\Job\\DispatchStrategy\\PhpCli))\n#2 /home/xs931140/analoggamemuseum.org/public_html/id/modules/CSVImport/src/Controller/IndexController.php(154): Omeka\\Job\\Dispatcher->dispatch(\'CSVImport\\\\Job\\\\I...\', Array)\n#3 /home/xs931140/analoggamemuseum.org/public_html/id/vendor/laminas/laminas-mvc/src/Controller/AbstractActionController.php(77): CSVImport\\Controller\\IndexController->mapAction()\n#4 /home/xs931140/analoggamemuseum.org/public_html/id/vendor/laminas/laminas-eventmanager/src/EventManager.php(321): Laminas\\Mvc\\Controller\\AbstractActionController->onDispatch(Object(Laminas\\Mvc\\MvcEvent))\n#5 /home/xs931140/analoggamemuseum.org/public_html/id/vendor/laminas/laminas-eventmanager/src/EventManager.php(178): Laminas\\EventManager\\EventManager->triggerListeners(Object(Laminas\\Mvc\\MvcEvent), Object(Closure))\n#6 /home/xs931140/analoggamemuseum.org/public_html/id/vendor/laminas/laminas-mvc/src/Controller/AbstractController.php(103): Laminas\\EventManager\\EventManager->triggerEventUntil(Object(Closure), Object(Laminas\\Mvc\\MvcEvent))\n#7 /home/xs931140/analoggamemuseum.org/public_html/id/vendor/laminas/laminas-mvc/src/DispatchListener.php(139): Laminas\\Mvc\\Controller\\AbstractController->dispatch(Object(Laminas\\Http\\PhpEnvironment\\Request), Object(Laminas\\Http\\PhpEnvironment\\Response))\n#8 /home/xs931140/analoggamemuseum.org/public_html/id/vendor/laminas/laminas-eventmanager/src/EventManager.php(321): Laminas\\Mvc\\DispatchListener->onDispatch(Object(Laminas\\Mvc\\MvcEvent))\n#9 /home/xs931140/analoggamemuseum.org/public_html/id/vendor/laminas/laminas-eventmanager/src/EventManager.php(178): Laminas\\EventManager\\EventManager->triggerListeners(Object(Laminas\\Mvc\\MvcEvent), Object(Closure))\n#10 /home/xs931140/analoggamemuseum.org/public_html/id/vendor/laminas/laminas-mvc/src/Application.php(331): Laminas\\EventManager\\EventManager->triggerEventUntil(Object(Closure), Object(Laminas\\Mvc\\MvcEvent))\n#11 /home/xs931140/analoggamemuseum.org/public_html/id/index.php(21): Laminas\\Mvc\\Application->run()\n#12 {main}','[]','2021-10-15 04:23:23'),(4,1,33,'',3,'Omeka\\Job\\Exception\\RuntimeException: PHP-CLI error: invalid PHP path. in /home/xs931140/analoggamemuseum.org/public_html/id/application/src/Job/DispatchStrategy/PhpCli.php:63\nStack trace:\n#0 /home/xs931140/analoggamemuseum.org/public_html/id/modules/Log/src/Job/Dispatcher.php(32): Omeka\\Job\\DispatchStrategy\\PhpCli->send(Object(Omeka\\Entity\\Job))\n#1 /home/xs931140/analoggamemuseum.org/public_html/id/application/src/Job/Dispatcher.php(91): Log\\Job\\Dispatcher->send(Object(Omeka\\Entity\\Job), Object(Omeka\\Job\\DispatchStrategy\\PhpCli))\n#2 /home/xs931140/analoggamemuseum.org/public_html/id/modules/CSVImport/src/Controller/IndexController.php(154): Omeka\\Job\\Dispatcher->dispatch(\'CSVImport\\\\Job\\\\I...\', Array)\n#3 /home/xs931140/analoggamemuseum.org/public_html/id/vendor/laminas/laminas-mvc/src/Controller/AbstractActionController.php(77): CSVImport\\Controller\\IndexController->mapAction()\n#4 /home/xs931140/analoggamemuseum.org/public_html/id/vendor/laminas/laminas-eventmanager/src/EventManager.php(321): Laminas\\Mvc\\Controller\\AbstractActionController->onDispatch(Object(Laminas\\Mvc\\MvcEvent))\n#5 /home/xs931140/analoggamemuseum.org/public_html/id/vendor/laminas/laminas-eventmanager/src/EventManager.php(178): Laminas\\EventManager\\EventManager->triggerListeners(Object(Laminas\\Mvc\\MvcEvent), Object(Closure))\n#6 /home/xs931140/analoggamemuseum.org/public_html/id/vendor/laminas/laminas-mvc/src/Controller/AbstractController.php(103): Laminas\\EventManager\\EventManager->triggerEventUntil(Object(Closure), Object(Laminas\\Mvc\\MvcEvent))\n#7 /home/xs931140/analoggamemuseum.org/public_html/id/vendor/laminas/laminas-mvc/src/DispatchListener.php(139): Laminas\\Mvc\\Controller\\AbstractController->dispatch(Object(Laminas\\Http\\PhpEnvironment\\Request), Object(Laminas\\Http\\PhpEnvironment\\Response))\n#8 /home/xs931140/analoggamemuseum.org/public_html/id/vendor/laminas/laminas-eventmanager/src/EventManager.php(321): Laminas\\Mvc\\DispatchListener->onDispatch(Object(Laminas\\Mvc\\MvcEvent))\n#9 /home/xs931140/analoggamemuseum.org/public_html/id/vendor/laminas/laminas-eventmanager/src/EventManager.php(178): Laminas\\EventManager\\EventManager->triggerListeners(Object(Laminas\\Mvc\\MvcEvent), Object(Closure))\n#10 /home/xs931140/analoggamemuseum.org/public_html/id/vendor/laminas/laminas-mvc/src/Application.php(331): Laminas\\EventManager\\EventManager->triggerEventUntil(Object(Closure), Object(Laminas\\Mvc\\MvcEvent))\n#11 /home/xs931140/analoggamemuseum.org/public_html/id/index.php(21): Laminas\\Mvc\\Application->run()\n#12 {main}','[]','2021-10-15 05:39:17'),(5,1,34,'',4,'Warning: {message}\nin {file} on line {line}','{\"message\":\"Method Doctrine\\\\ORM\\\\EntityManager::merge() is deprecated and will be removed in Doctrine ORM 3.0.\",\"file\":\"/home/xs931140/analoggamemuseum.org/public_html/id/vendor/doctrine/orm/lib/Doctrine/ORM/EntityManager.php\",\"line\":716}','2021-10-15 12:14:35'),(6,1,35,'',4,'Warning: {message}\nin {file} on line {line}','{\"message\":\"Method Doctrine\\\\ORM\\\\EntityManager::merge() is deprecated and will be removed in Doctrine ORM 3.0.\",\"file\":\"/home/xs931140/analoggamemuseum.org/public_html/id/vendor/doctrine/orm/lib/Doctrine/ORM/EntityManager.php\",\"line\":716}','2021-10-15 12:20:31'),(7,1,36,'',3,'Omeka\\Job\\Exception\\RuntimeException: PHP-CLI error: invalid PHP path. in /home/xs931140/analoggamemuseum.org/public_html/id/application/src/Job/DispatchStrategy/PhpCli.php:63\nStack trace:\n#0 /home/xs931140/analoggamemuseum.org/public_html/id/modules/Log/src/Job/Dispatcher.php(32): Omeka\\Job\\DispatchStrategy\\PhpCli->send(Object(Omeka\\Entity\\Job))\n#1 /home/xs931140/analoggamemuseum.org/public_html/id/application/src/Job/Dispatcher.php(91): Log\\Job\\Dispatcher->send(Object(Omeka\\Entity\\Job), Object(Omeka\\Job\\DispatchStrategy\\PhpCli))\n#2 /home/xs931140/analoggamemuseum.org/public_html/id/modules/CSVImport/src/Controller/IndexController.php(154): Omeka\\Job\\Dispatcher->dispatch(\'CSVImport\\\\Job\\\\I...\', Array)\n#3 /home/xs931140/analoggamemuseum.org/public_html/id/vendor/laminas/laminas-mvc/src/Controller/AbstractActionController.php(77): CSVImport\\Controller\\IndexController->mapAction()\n#4 /home/xs931140/analoggamemuseum.org/public_html/id/vendor/laminas/laminas-eventmanager/src/EventManager.php(321): Laminas\\Mvc\\Controller\\AbstractActionController->onDispatch(Object(Laminas\\Mvc\\MvcEvent))\n#5 /home/xs931140/analoggamemuseum.org/public_html/id/vendor/laminas/laminas-eventmanager/src/EventManager.php(178): Laminas\\EventManager\\EventManager->triggerListeners(Object(Laminas\\Mvc\\MvcEvent), Object(Closure))\n#6 /home/xs931140/analoggamemuseum.org/public_html/id/vendor/laminas/laminas-mvc/src/Controller/AbstractController.php(103): Laminas\\EventManager\\EventManager->triggerEventUntil(Object(Closure), Object(Laminas\\Mvc\\MvcEvent))\n#7 /home/xs931140/analoggamemuseum.org/public_html/id/vendor/laminas/laminas-mvc/src/DispatchListener.php(139): Laminas\\Mvc\\Controller\\AbstractController->dispatch(Object(Laminas\\Http\\PhpEnvironment\\Request), Object(Laminas\\Http\\PhpEnvironment\\Response))\n#8 /home/xs931140/analoggamemuseum.org/public_html/id/vendor/laminas/laminas-eventmanager/src/EventManager.php(321): Laminas\\Mvc\\DispatchListener->onDispatch(Object(Laminas\\Mvc\\MvcEvent))\n#9 /home/xs931140/analoggamemuseum.org/public_html/id/vendor/laminas/laminas-eventmanager/src/EventManager.php(178): Laminas\\EventManager\\EventManager->triggerListeners(Object(Laminas\\Mvc\\MvcEvent), Object(Closure))\n#10 /home/xs931140/analoggamemuseum.org/public_html/id/vendor/laminas/laminas-mvc/src/Application.php(331): Laminas\\EventManager\\EventManager->triggerEventUntil(Object(Closure), Object(Laminas\\Mvc\\MvcEvent))\n#11 /home/xs931140/analoggamemuseum.org/public_html/id/index.php(21): Laminas\\Mvc\\Application->run()\n#12 {main}','[]','2021-10-15 12:27:49'),(8,1,37,'',4,'Warning: {message}\nin {file} on line {line}','{\"message\":\"Method Doctrine\\\\ORM\\\\EntityManager::merge() is deprecated and will be removed in Doctrine ORM 3.0.\",\"file\":\"/home/xs931140/analoggamemuseum.org/public_html/id/vendor/doctrine/orm/lib/Doctrine/ORM/EntityManager.php\",\"line\":716}','2021-10-15 12:29:41'),(9,1,38,'',4,'Warning: {message}\nin {file} on line {line}','{\"message\":\"Method Doctrine\\\\ORM\\\\EntityManager::merge() is deprecated and will be removed in Doctrine ORM 3.0.\",\"file\":\"/home/xs931140/analoggamemuseum.org/public_html/id/vendor/doctrine/orm/lib/Doctrine/ORM/EntityManager.php\",\"line\":716}','2021-10-15 12:35:17'),(10,1,39,'',4,'Warning: {message}\nin {file} on line {line}','{\"message\":\"Method Doctrine\\\\ORM\\\\EntityManager::merge() is deprecated and will be removed in Doctrine ORM 3.0.\",\"file\":\"/home/xs931140/analoggamemuseum.org/public_html/id/vendor/doctrine/orm/lib/Doctrine/ORM/EntityManager.php\",\"line\":716}','2021-10-15 12:38:32'),(11,NULL,NULL,'',3,'Omeka\\Api\\Exception\\NotFoundException: Omeka\\Entity\\Item エンティティ（ {\"id\":\"160\"} 基準）が見つかりません in /home/xs931140/analoggamemuseum.org/public_html/id/application/src/Api/Adapter/AbstractEntityAdapter.php:686\nStack trace:\n#0 /home/xs931140/analoggamemuseum.org/public_html/id/application/src/Api/Adapter/AbstractEntityAdapter.php(404): Omeka\\Api\\Adapter\\AbstractEntityAdapter->findEntity(Array, Object(Omeka\\Api\\Request))\n#1 /home/xs931140/analoggamemuseum.org/public_html/id/application/src/Api/Manager.php(230): Omeka\\Api\\Adapter\\AbstractEntityAdapter->read(Object(Omeka\\Api\\Request))\n#2 /home/xs931140/analoggamemuseum.org/public_html/id/application/src/Api/Manager.php(115): Omeka\\Api\\Manager->execute(Object(Omeka\\Api\\Request))\n#3 /home/xs931140/analoggamemuseum.org/public_html/id/application/src/Mvc/Controller/Plugin/Api.php(136): Omeka\\Api\\Manager->read(\'items\', \'160\', Array, Array)\n#4 /home/xs931140/analoggamemuseum.org/public_html/id/application/src/Controller/Site/ItemController.php(46): Omeka\\Mvc\\Controller\\Plugin\\Api->read(\'items\', \'160\')\n#5 /home/xs931140/analoggamemuseum.org/public_html/id/vendor/laminas/laminas-mvc/src/Controller/AbstractActionController.php(77): Omeka\\Controller\\Site\\ItemController->showAction()\n#6 /home/xs931140/analoggamemuseum.org/public_html/id/vendor/laminas/laminas-eventmanager/src/EventManager.php(321): Laminas\\Mvc\\Controller\\AbstractActionController->onDispatch(Object(Laminas\\Mvc\\MvcEvent))\n#7 /home/xs931140/analoggamemuseum.org/public_html/id/vendor/laminas/laminas-eventmanager/src/EventManager.php(178): Laminas\\EventManager\\EventManager->triggerListeners(Object(Laminas\\Mvc\\MvcEvent), Object(Closure))\n#8 /home/xs931140/analoggamemuseum.org/public_html/id/vendor/laminas/laminas-mvc/src/Controller/AbstractController.php(103): Laminas\\EventManager\\EventManager->triggerEventUntil(Object(Closure), Object(Laminas\\Mvc\\MvcEvent))\n#9 /home/xs931140/analoggamemuseum.org/public_html/id/vendor/laminas/laminas-mvc/src/DispatchListener.php(139): Laminas\\Mvc\\Controller\\AbstractController->dispatch(Object(Laminas\\Http\\PhpEnvironment\\Request), Object(Laminas\\Http\\PhpEnvironment\\Response))\n#10 /home/xs931140/analoggamemuseum.org/public_html/id/vendor/laminas/laminas-eventmanager/src/EventManager.php(321): Laminas\\Mvc\\DispatchListener->onDispatch(Object(Laminas\\Mvc\\MvcEvent))\n#11 /home/xs931140/analoggamemuseum.org/public_html/id/vendor/laminas/laminas-eventmanager/src/EventManager.php(178): Laminas\\EventManager\\EventManager->triggerListeners(Object(Laminas\\Mvc\\MvcEvent), Object(Closure))\n#12 /home/xs931140/analoggamemuseum.org/public_html/id/vendor/laminas/laminas-mvc/src/Application.php(331): Laminas\\EventManager\\EventManager->triggerEventUntil(Object(Closure), Object(Laminas\\Mvc\\MvcEvent))\n#13 /home/xs931140/analoggamemuseum.org/public_html/id/index.php(21): Laminas\\Mvc\\Application->run()\n#14 {main}','[]','2021-10-15 12:47:20'),(12,1,NULL,'',3,'Omeka\\Api\\Exception\\NotFoundException: Omeka\\Entity\\Item エンティティ（ {\"id\":\"160\"} 基準）が見つかりません in /home/xs931140/analoggamemuseum.org/public_html/id/application/src/Api/Adapter/AbstractEntityAdapter.php:686\nStack trace:\n#0 /home/xs931140/analoggamemuseum.org/public_html/id/application/src/Api/Adapter/AbstractEntityAdapter.php(404): Omeka\\Api\\Adapter\\AbstractEntityAdapter->findEntity(Array, Object(Omeka\\Api\\Request))\n#1 /home/xs931140/analoggamemuseum.org/public_html/id/application/src/Api/Manager.php(230): Omeka\\Api\\Adapter\\AbstractEntityAdapter->read(Object(Omeka\\Api\\Request))\n#2 /home/xs931140/analoggamemuseum.org/public_html/id/application/src/Api/Manager.php(115): Omeka\\Api\\Manager->execute(Object(Omeka\\Api\\Request))\n#3 /home/xs931140/analoggamemuseum.org/public_html/id/application/src/Mvc/Controller/Plugin/Api.php(136): Omeka\\Api\\Manager->read(\'items\', \'160\', Array, Array)\n#4 /home/xs931140/analoggamemuseum.org/public_html/id/application/src/Controller/Site/ItemController.php(46): Omeka\\Mvc\\Controller\\Plugin\\Api->read(\'items\', \'160\')\n#5 /home/xs931140/analoggamemuseum.org/public_html/id/vendor/laminas/laminas-mvc/src/Controller/AbstractActionController.php(77): Omeka\\Controller\\Site\\ItemController->showAction()\n#6 /home/xs931140/analoggamemuseum.org/public_html/id/vendor/laminas/laminas-eventmanager/src/EventManager.php(321): Laminas\\Mvc\\Controller\\AbstractActionController->onDispatch(Object(Laminas\\Mvc\\MvcEvent))\n#7 /home/xs931140/analoggamemuseum.org/public_html/id/vendor/laminas/laminas-eventmanager/src/EventManager.php(178): Laminas\\EventManager\\EventManager->triggerListeners(Object(Laminas\\Mvc\\MvcEvent), Object(Closure))\n#8 /home/xs931140/analoggamemuseum.org/public_html/id/vendor/laminas/laminas-mvc/src/Controller/AbstractController.php(103): Laminas\\EventManager\\EventManager->triggerEventUntil(Object(Closure), Object(Laminas\\Mvc\\MvcEvent))\n#9 /home/xs931140/analoggamemuseum.org/public_html/id/vendor/laminas/laminas-mvc/src/DispatchListener.php(139): Laminas\\Mvc\\Controller\\AbstractController->dispatch(Object(Laminas\\Http\\PhpEnvironment\\Request), Object(Laminas\\Http\\PhpEnvironment\\Response))\n#10 /home/xs931140/analoggamemuseum.org/public_html/id/vendor/laminas/laminas-eventmanager/src/EventManager.php(321): Laminas\\Mvc\\DispatchListener->onDispatch(Object(Laminas\\Mvc\\MvcEvent))\n#11 /home/xs931140/analoggamemuseum.org/public_html/id/vendor/laminas/laminas-eventmanager/src/EventManager.php(178): Laminas\\EventManager\\EventManager->triggerListeners(Object(Laminas\\Mvc\\MvcEvent), Object(Closure))\n#12 /home/xs931140/analoggamemuseum.org/public_html/id/vendor/laminas/laminas-mvc/src/Application.php(331): Laminas\\EventManager\\EventManager->triggerEventUntil(Object(Closure), Object(Laminas\\Mvc\\MvcEvent))\n#13 /home/xs931140/analoggamemuseum.org/public_html/id/index.php(21): Laminas\\Mvc\\Application->run()\n#14 {main}','[]','2021-10-15 12:47:52'),(13,1,NULL,'',3,'Error: Class \'DomainManager-master\\Module\' not found in /home/xs931140/analoggamemuseum.org/public_html/id/application/src/Module/Manager.php:368\nStack trace:\n#0 /home/xs931140/analoggamemuseum.org/public_html/id/application/src/Module/Manager.php(239): Omeka\\Module\\Manager->getModuleObject(Object(Omeka\\Module\\Module))\n#1 /home/xs931140/analoggamemuseum.org/public_html/id/application/src/Controller/Admin/ModuleController.php(117): Omeka\\Module\\Manager->install(Object(Omeka\\Module\\Module))\n#2 /home/xs931140/analoggamemuseum.org/public_html/id/vendor/laminas/laminas-mvc/src/Controller/AbstractActionController.php(77): Omeka\\Controller\\Admin\\ModuleController->installAction()\n#3 /home/xs931140/analoggamemuseum.org/public_html/id/vendor/laminas/laminas-eventmanager/src/EventManager.php(321): Laminas\\Mvc\\Controller\\AbstractActionController->onDispatch(Object(Laminas\\Mvc\\MvcEvent))\n#4 /home/xs931140/analoggamemuseum.org/public_html/id/vendor/laminas/laminas-eventmanager/src/EventManager.php(178): Laminas\\EventManager\\EventManager->triggerListeners(Object(Laminas\\Mvc\\MvcEvent), Object(Closure))\n#5 /home/xs931140/analoggamemuseum.org/public_html/id/vendor/laminas/laminas-mvc/src/Controller/AbstractController.php(103): Laminas\\EventManager\\EventManager->triggerEventUntil(Object(Closure), Object(Laminas\\Mvc\\MvcEvent))\n#6 /home/xs931140/analoggamemuseum.org/public_html/id/vendor/laminas/laminas-mvc/src/DispatchListener.php(139): Laminas\\Mvc\\Controller\\AbstractController->dispatch(Object(Laminas\\Http\\PhpEnvironment\\Request), Object(Laminas\\Http\\PhpEnvironment\\Response))\n#7 /home/xs931140/analoggamemuseum.org/public_html/id/vendor/laminas/laminas-eventmanager/src/EventManager.php(321): Laminas\\Mvc\\DispatchListener->onDispatch(Object(Laminas\\Mvc\\MvcEvent))\n#8 /home/xs931140/analoggamemuseum.org/public_html/id/vendor/laminas/laminas-eventmanager/src/EventManager.php(178): Laminas\\EventManager\\EventManager->triggerListeners(Object(Laminas\\Mvc\\MvcEvent), Object(Closure))\n#9 /home/xs931140/analoggamemuseum.org/public_html/id/vendor/laminas/laminas-mvc/src/Application.php(331): Laminas\\EventManager\\EventManager->triggerEventUntil(Object(Closure), Object(Laminas\\Mvc\\MvcEvent))\n#10 /home/xs931140/analoggamemuseum.org/public_html/id/index.php(21): Laminas\\Mvc\\Application->run()\n#11 {main}','[]','2021-10-15 12:56:22'),(14,1,NULL,'',3,'Error: Class \'DomainManager-master\\Module\' not found in /home/xs931140/analoggamemuseum.org/public_html/id/application/src/Module/Manager.php:368\nStack trace:\n#0 /home/xs931140/analoggamemuseum.org/public_html/id/application/src/Module/Manager.php(239): Omeka\\Module\\Manager->getModuleObject(Object(Omeka\\Module\\Module))\n#1 /home/xs931140/analoggamemuseum.org/public_html/id/application/src/Controller/Admin/ModuleController.php(117): Omeka\\Module\\Manager->install(Object(Omeka\\Module\\Module))\n#2 /home/xs931140/analoggamemuseum.org/public_html/id/vendor/laminas/laminas-mvc/src/Controller/AbstractActionController.php(77): Omeka\\Controller\\Admin\\ModuleController->installAction()\n#3 /home/xs931140/analoggamemuseum.org/public_html/id/vendor/laminas/laminas-eventmanager/src/EventManager.php(321): Laminas\\Mvc\\Controller\\AbstractActionController->onDispatch(Object(Laminas\\Mvc\\MvcEvent))\n#4 /home/xs931140/analoggamemuseum.org/public_html/id/vendor/laminas/laminas-eventmanager/src/EventManager.php(178): Laminas\\EventManager\\EventManager->triggerListeners(Object(Laminas\\Mvc\\MvcEvent), Object(Closure))\n#5 /home/xs931140/analoggamemuseum.org/public_html/id/vendor/laminas/laminas-mvc/src/Controller/AbstractController.php(103): Laminas\\EventManager\\EventManager->triggerEventUntil(Object(Closure), Object(Laminas\\Mvc\\MvcEvent))\n#6 /home/xs931140/analoggamemuseum.org/public_html/id/vendor/laminas/laminas-mvc/src/DispatchListener.php(139): Laminas\\Mvc\\Controller\\AbstractController->dispatch(Object(Laminas\\Http\\PhpEnvironment\\Request), Object(Laminas\\Http\\PhpEnvironment\\Response))\n#7 /home/xs931140/analoggamemuseum.org/public_html/id/vendor/laminas/laminas-eventmanager/src/EventManager.php(321): Laminas\\Mvc\\DispatchListener->onDispatch(Object(Laminas\\Mvc\\MvcEvent))\n#8 /home/xs931140/analoggamemuseum.org/public_html/id/vendor/laminas/laminas-eventmanager/src/EventManager.php(178): Laminas\\EventManager\\EventManager->triggerListeners(Object(Laminas\\Mvc\\MvcEvent), Object(Closure))\n#9 /home/xs931140/analoggamemuseum.org/public_html/id/vendor/laminas/laminas-mvc/src/Application.php(331): Laminas\\EventManager\\EventManager->triggerEventUntil(Object(Closure), Object(Laminas\\Mvc\\MvcEvent))\n#10 /home/xs931140/analoggamemuseum.org/public_html/id/index.php(21): Laminas\\Mvc\\Application->run()\n#11 {main}','[]','2021-10-15 12:58:11'),(15,1,40,'',4,'Warning: {message}\nin {file} on line {line}','{\"message\":\"Method Doctrine\\\\ORM\\\\EntityManager::merge() is deprecated and will be removed in Doctrine ORM 3.0.\",\"file\":\"/home/xs931140/analoggamemuseum.org/public_html/id/vendor/doctrine/orm/lib/Doctrine/ORM/EntityManager.php\",\"line\":716}','2021-10-15 12:59:31'),(16,1,41,'',4,'Warning: {message}\nin {file} on line {line}','{\"message\":\"Method Doctrine\\\\ORM\\\\EntityManager::merge() is deprecated and will be removed in Doctrine ORM 3.0.\",\"file\":\"/home/xs931140/analoggamemuseum.org/public_html/id/vendor/doctrine/orm/lib/Doctrine/ORM/EntityManager.php\",\"line\":716}','2021-10-15 13:03:53'),(17,1,42,'',4,'Warning: {message}\nin {file} on line {line}','{\"message\":\"Method Doctrine\\\\ORM\\\\EntityManager::merge() is deprecated and will be removed in Doctrine ORM 3.0.\",\"file\":\"/home/xs931140/analoggamemuseum.org/public_html/id/vendor/doctrine/orm/lib/Doctrine/ORM/EntityManager.php\",\"line\":716}','2021-10-15 13:05:23'),(18,1,NULL,'',3,'Error: Class \'DomainManager-master\\Module\' not found in /home/xs931140/analoggamemuseum.org/public_html/id/application/src/Module/Manager.php:368\nStack trace:\n#0 /home/xs931140/analoggamemuseum.org/public_html/id/application/src/Module/Manager.php(239): Omeka\\Module\\Manager->getModuleObject(Object(Omeka\\Module\\Module))\n#1 /home/xs931140/analoggamemuseum.org/public_html/id/application/src/Controller/Admin/ModuleController.php(117): Omeka\\Module\\Manager->install(Object(Omeka\\Module\\Module))\n#2 /home/xs931140/analoggamemuseum.org/public_html/id/vendor/laminas/laminas-mvc/src/Controller/AbstractActionController.php(77): Omeka\\Controller\\Admin\\ModuleController->installAction()\n#3 /home/xs931140/analoggamemuseum.org/public_html/id/vendor/laminas/laminas-eventmanager/src/EventManager.php(321): Laminas\\Mvc\\Controller\\AbstractActionController->onDispatch(Object(Laminas\\Mvc\\MvcEvent))\n#4 /home/xs931140/analoggamemuseum.org/public_html/id/vendor/laminas/laminas-eventmanager/src/EventManager.php(178): Laminas\\EventManager\\EventManager->triggerListeners(Object(Laminas\\Mvc\\MvcEvent), Object(Closure))\n#5 /home/xs931140/analoggamemuseum.org/public_html/id/vendor/laminas/laminas-mvc/src/Controller/AbstractController.php(103): Laminas\\EventManager\\EventManager->triggerEventUntil(Object(Closure), Object(Laminas\\Mvc\\MvcEvent))\n#6 /home/xs931140/analoggamemuseum.org/public_html/id/vendor/laminas/laminas-mvc/src/DispatchListener.php(139): Laminas\\Mvc\\Controller\\AbstractController->dispatch(Object(Laminas\\Http\\PhpEnvironment\\Request), Object(Laminas\\Http\\PhpEnvironment\\Response))\n#7 /home/xs931140/analoggamemuseum.org/public_html/id/vendor/laminas/laminas-eventmanager/src/EventManager.php(321): Laminas\\Mvc\\DispatchListener->onDispatch(Object(Laminas\\Mvc\\MvcEvent))\n#8 /home/xs931140/analoggamemuseum.org/public_html/id/vendor/laminas/laminas-eventmanager/src/EventManager.php(178): Laminas\\EventManager\\EventManager->triggerListeners(Object(Laminas\\Mvc\\MvcEvent), Object(Closure))\n#9 /home/xs931140/analoggamemuseum.org/public_html/id/vendor/laminas/laminas-mvc/src/Application.php(331): Laminas\\EventManager\\EventManager->triggerEventUntil(Object(Closure), Object(Laminas\\Mvc\\MvcEvent))\n#10 /home/xs931140/analoggamemuseum.org/public_html/id/index.php(21): Laminas\\Mvc\\Application->run()\n#11 {main}','[]','2021-10-15 13:05:47'),(19,1,43,'',3,'Omeka\\Job\\Exception\\RuntimeException: PHP-CLI error: invalid PHP path. in /home/xs931140/analoggamemuseum.org/public_html/id/application/src/Job/DispatchStrategy/PhpCli.php:63\nStack trace:\n#0 /home/xs931140/analoggamemuseum.org/public_html/id/modules/Log/src/Job/Dispatcher.php(32): Omeka\\Job\\DispatchStrategy\\PhpCli->send(Object(Omeka\\Entity\\Job))\n#1 /home/xs931140/analoggamemuseum.org/public_html/id/application/src/Job/Dispatcher.php(91): Log\\Job\\Dispatcher->send(Object(Omeka\\Entity\\Job), Object(Omeka\\Job\\DispatchStrategy\\PhpCli))\n#2 /home/xs931140/analoggamemuseum.org/public_html/id/modules/CSVImport/src/Controller/IndexController.php(154): Omeka\\Job\\Dispatcher->dispatch(\'CSVImport\\\\Job\\\\I...\', Array)\n#3 /home/xs931140/analoggamemuseum.org/public_html/id/vendor/laminas/laminas-mvc/src/Controller/AbstractActionController.php(77): CSVImport\\Controller\\IndexController->mapAction()\n#4 /home/xs931140/analoggamemuseum.org/public_html/id/vendor/laminas/laminas-eventmanager/src/EventManager.php(321): Laminas\\Mvc\\Controller\\AbstractActionController->onDispatch(Object(Laminas\\Mvc\\MvcEvent))\n#5 /home/xs931140/analoggamemuseum.org/public_html/id/vendor/laminas/laminas-eventmanager/src/EventManager.php(178): Laminas\\EventManager\\EventManager->triggerListeners(Object(Laminas\\Mvc\\MvcEvent), Object(Closure))\n#6 /home/xs931140/analoggamemuseum.org/public_html/id/vendor/laminas/laminas-mvc/src/Controller/AbstractController.php(103): Laminas\\EventManager\\EventManager->triggerEventUntil(Object(Closure), Object(Laminas\\Mvc\\MvcEvent))\n#7 /home/xs931140/analoggamemuseum.org/public_html/id/vendor/laminas/laminas-mvc/src/DispatchListener.php(139): Laminas\\Mvc\\Controller\\AbstractController->dispatch(Object(Laminas\\Http\\PhpEnvironment\\Request), Object(Laminas\\Http\\PhpEnvironment\\Response))\n#8 /home/xs931140/analoggamemuseum.org/public_html/id/vendor/laminas/laminas-eventmanager/src/EventManager.php(321): Laminas\\Mvc\\DispatchListener->onDispatch(Object(Laminas\\Mvc\\MvcEvent))\n#9 /home/xs931140/analoggamemuseum.org/public_html/id/vendor/laminas/laminas-eventmanager/src/EventManager.php(178): Laminas\\EventManager\\EventManager->triggerListeners(Object(Laminas\\Mvc\\MvcEvent), Object(Closure))\n#10 /home/xs931140/analoggamemuseum.org/public_html/id/vendor/laminas/laminas-mvc/src/Application.php(331): Laminas\\EventManager\\EventManager->triggerEventUntil(Object(Closure), Object(Laminas\\Mvc\\MvcEvent))\n#11 /home/xs931140/analoggamemuseum.org/public_html/id/index.php(21): Laminas\\Mvc\\Application->run()\n#12 {main}','[]','2021-10-15 13:11:03'),(20,1,44,'',4,'Warning: {message}\nin {file} on line {line}','{\"message\":\"Method Doctrine\\\\ORM\\\\EntityManager::merge() is deprecated and will be removed in Doctrine ORM 3.0.\",\"file\":\"/home/xs931140/analoggamemuseum.org/public_html/id/vendor/doctrine/orm/lib/Doctrine/ORM/EntityManager.php\",\"line\":716}','2021-10-15 13:14:05'),(21,1,NULL,'',3,'ParseError: syntax error, unexpected \'=>\' (T_DOUBLE_ARROW), expecting \']\' in /home/xs931140/analoggamemuseum.org/public_html/id/application/view/omeka/site/item/browse.phtml:24\nStack trace:\n#0 /home/xs931140/analoggamemuseum.org/public_html/id/vendor/laminas/laminas-view/src/View.php(206): Laminas\\View\\Renderer\\PhpRenderer->render(NULL)\n#1 /home/xs931140/analoggamemuseum.org/public_html/id/vendor/laminas/laminas-view/src/View.php(235): Laminas\\View\\View->render(Object(Laminas\\View\\Model\\ViewModel))\n#2 /home/xs931140/analoggamemuseum.org/public_html/id/vendor/laminas/laminas-view/src/View.php(199): Laminas\\View\\View->renderChildren(Object(Laminas\\View\\Model\\ViewModel))\n#3 /home/xs931140/analoggamemuseum.org/public_html/id/vendor/laminas/laminas-mvc/src/View/Http/DefaultRenderingStrategy.php(104): Laminas\\View\\View->render(Object(Laminas\\View\\Model\\ViewModel))\n#4 /home/xs931140/analoggamemuseum.org/public_html/id/vendor/laminas/laminas-eventmanager/src/EventManager.php(321): Laminas\\Mvc\\View\\Http\\DefaultRenderingStrategy->render(Object(Laminas\\Mvc\\MvcEvent))\n#5 /home/xs931140/analoggamemuseum.org/public_html/id/vendor/laminas/laminas-eventmanager/src/EventManager.php(170): Laminas\\EventManager\\EventManager->triggerListeners(Object(Laminas\\Mvc\\MvcEvent))\n#6 /home/xs931140/analoggamemuseum.org/public_html/id/vendor/laminas/laminas-mvc/src/Application.php(366): Laminas\\EventManager\\EventManager->triggerEvent(Object(Laminas\\Mvc\\MvcEvent))\n#7 /home/xs931140/analoggamemuseum.org/public_html/id/vendor/laminas/laminas-mvc/src/Application.php(347): Laminas\\Mvc\\Application->completeRequest(Object(Laminas\\Mvc\\MvcEvent))\n#8 /home/xs931140/analoggamemuseum.org/public_html/id/index.php(21): Laminas\\Mvc\\Application->run()\n#9 {main}','[]','2021-10-15 13:21:11'),(22,1,NULL,'',3,'ParseError: syntax error, unexpected \'=>\' (T_DOUBLE_ARROW), expecting \']\' in /home/xs931140/analoggamemuseum.org/public_html/id/application/view/omeka/site/item/browse.phtml:24\nStack trace:\n#0 /home/xs931140/analoggamemuseum.org/public_html/id/vendor/laminas/laminas-view/src/View.php(206): Laminas\\View\\Renderer\\PhpRenderer->render(NULL)\n#1 /home/xs931140/analoggamemuseum.org/public_html/id/vendor/laminas/laminas-view/src/View.php(235): Laminas\\View\\View->render(Object(Laminas\\View\\Model\\ViewModel))\n#2 /home/xs931140/analoggamemuseum.org/public_html/id/vendor/laminas/laminas-view/src/View.php(199): Laminas\\View\\View->renderChildren(Object(Laminas\\View\\Model\\ViewModel))\n#3 /home/xs931140/analoggamemuseum.org/public_html/id/vendor/laminas/laminas-mvc/src/View/Http/DefaultRenderingStrategy.php(104): Laminas\\View\\View->render(Object(Laminas\\View\\Model\\ViewModel))\n#4 /home/xs931140/analoggamemuseum.org/public_html/id/vendor/laminas/laminas-eventmanager/src/EventManager.php(321): Laminas\\Mvc\\View\\Http\\DefaultRenderingStrategy->render(Object(Laminas\\Mvc\\MvcEvent))\n#5 /home/xs931140/analoggamemuseum.org/public_html/id/vendor/laminas/laminas-eventmanager/src/EventManager.php(170): Laminas\\EventManager\\EventManager->triggerListeners(Object(Laminas\\Mvc\\MvcEvent))\n#6 /home/xs931140/analoggamemuseum.org/public_html/id/vendor/laminas/laminas-mvc/src/Application.php(366): Laminas\\EventManager\\EventManager->triggerEvent(Object(Laminas\\Mvc\\MvcEvent))\n#7 /home/xs931140/analoggamemuseum.org/public_html/id/vendor/laminas/laminas-mvc/src/Application.php(347): Laminas\\Mvc\\Application->completeRequest(Object(Laminas\\Mvc\\MvcEvent))\n#8 /home/xs931140/analoggamemuseum.org/public_html/id/index.php(21): Laminas\\Mvc\\Application->run()\n#9 {main}','[]','2021-10-15 13:21:13'),(23,1,NULL,'',3,'ParseError: syntax error, unexpected \'=>\' (T_DOUBLE_ARROW), expecting \']\' in /home/xs931140/analoggamemuseum.org/public_html/id/application/view/omeka/site/item/browse.phtml:24\nStack trace:\n#0 /home/xs931140/analoggamemuseum.org/public_html/id/vendor/laminas/laminas-view/src/View.php(206): Laminas\\View\\Renderer\\PhpRenderer->render(NULL)\n#1 /home/xs931140/analoggamemuseum.org/public_html/id/vendor/laminas/laminas-view/src/View.php(235): Laminas\\View\\View->render(Object(Laminas\\View\\Model\\ViewModel))\n#2 /home/xs931140/analoggamemuseum.org/public_html/id/vendor/laminas/laminas-view/src/View.php(199): Laminas\\View\\View->renderChildren(Object(Laminas\\View\\Model\\ViewModel))\n#3 /home/xs931140/analoggamemuseum.org/public_html/id/vendor/laminas/laminas-mvc/src/View/Http/DefaultRenderingStrategy.php(104): Laminas\\View\\View->render(Object(Laminas\\View\\Model\\ViewModel))\n#4 /home/xs931140/analoggamemuseum.org/public_html/id/vendor/laminas/laminas-eventmanager/src/EventManager.php(321): Laminas\\Mvc\\View\\Http\\DefaultRenderingStrategy->render(Object(Laminas\\Mvc\\MvcEvent))\n#5 /home/xs931140/analoggamemuseum.org/public_html/id/vendor/laminas/laminas-eventmanager/src/EventManager.php(170): Laminas\\EventManager\\EventManager->triggerListeners(Object(Laminas\\Mvc\\MvcEvent))\n#6 /home/xs931140/analoggamemuseum.org/public_html/id/vendor/laminas/laminas-mvc/src/Application.php(366): Laminas\\EventManager\\EventManager->triggerEvent(Object(Laminas\\Mvc\\MvcEvent))\n#7 /home/xs931140/analoggamemuseum.org/public_html/id/vendor/laminas/laminas-mvc/src/Application.php(347): Laminas\\Mvc\\Application->completeRequest(Object(Laminas\\Mvc\\MvcEvent))\n#8 /home/xs931140/analoggamemuseum.org/public_html/id/index.php(21): Laminas\\Mvc\\Application->run()\n#9 {main}','[]','2021-10-15 13:21:14'),(24,1,NULL,'',3,'ParseError: syntax error, unexpected \'=>\' (T_DOUBLE_ARROW), expecting \']\' in /home/xs931140/analoggamemuseum.org/public_html/id/application/view/omeka/site/item/browse.phtml:24\nStack trace:\n#0 /home/xs931140/analoggamemuseum.org/public_html/id/vendor/laminas/laminas-view/src/View.php(206): Laminas\\View\\Renderer\\PhpRenderer->render(NULL)\n#1 /home/xs931140/analoggamemuseum.org/public_html/id/vendor/laminas/laminas-view/src/View.php(235): Laminas\\View\\View->render(Object(Laminas\\View\\Model\\ViewModel))\n#2 /home/xs931140/analoggamemuseum.org/public_html/id/vendor/laminas/laminas-view/src/View.php(199): Laminas\\View\\View->renderChildren(Object(Laminas\\View\\Model\\ViewModel))\n#3 /home/xs931140/analoggamemuseum.org/public_html/id/vendor/laminas/laminas-mvc/src/View/Http/DefaultRenderingStrategy.php(104): Laminas\\View\\View->render(Object(Laminas\\View\\Model\\ViewModel))\n#4 /home/xs931140/analoggamemuseum.org/public_html/id/vendor/laminas/laminas-eventmanager/src/EventManager.php(321): Laminas\\Mvc\\View\\Http\\DefaultRenderingStrategy->render(Object(Laminas\\Mvc\\MvcEvent))\n#5 /home/xs931140/analoggamemuseum.org/public_html/id/vendor/laminas/laminas-eventmanager/src/EventManager.php(170): Laminas\\EventManager\\EventManager->triggerListeners(Object(Laminas\\Mvc\\MvcEvent))\n#6 /home/xs931140/analoggamemuseum.org/public_html/id/vendor/laminas/laminas-mvc/src/Application.php(366): Laminas\\EventManager\\EventManager->triggerEvent(Object(Laminas\\Mvc\\MvcEvent))\n#7 /home/xs931140/analoggamemuseum.org/public_html/id/vendor/laminas/laminas-mvc/src/Application.php(347): Laminas\\Mvc\\Application->completeRequest(Object(Laminas\\Mvc\\MvcEvent))\n#8 /home/xs931140/analoggamemuseum.org/public_html/id/index.php(21): Laminas\\Mvc\\Application->run()\n#9 {main}','[]','2021-10-15 13:21:15'),(25,1,NULL,'',3,'ParseError: syntax error, unexpected \'=>\' (T_DOUBLE_ARROW), expecting \']\' in /home/xs931140/analoggamemuseum.org/public_html/id/application/view/omeka/site/item/browse.phtml:24\nStack trace:\n#0 /home/xs931140/analoggamemuseum.org/public_html/id/vendor/laminas/laminas-view/src/View.php(206): Laminas\\View\\Renderer\\PhpRenderer->render(NULL)\n#1 /home/xs931140/analoggamemuseum.org/public_html/id/vendor/laminas/laminas-view/src/View.php(235): Laminas\\View\\View->render(Object(Laminas\\View\\Model\\ViewModel))\n#2 /home/xs931140/analoggamemuseum.org/public_html/id/vendor/laminas/laminas-view/src/View.php(199): Laminas\\View\\View->renderChildren(Object(Laminas\\View\\Model\\ViewModel))\n#3 /home/xs931140/analoggamemuseum.org/public_html/id/vendor/laminas/laminas-mvc/src/View/Http/DefaultRenderingStrategy.php(104): Laminas\\View\\View->render(Object(Laminas\\View\\Model\\ViewModel))\n#4 /home/xs931140/analoggamemuseum.org/public_html/id/vendor/laminas/laminas-eventmanager/src/EventManager.php(321): Laminas\\Mvc\\View\\Http\\DefaultRenderingStrategy->render(Object(Laminas\\Mvc\\MvcEvent))\n#5 /home/xs931140/analoggamemuseum.org/public_html/id/vendor/laminas/laminas-eventmanager/src/EventManager.php(170): Laminas\\EventManager\\EventManager->triggerListeners(Object(Laminas\\Mvc\\MvcEvent))\n#6 /home/xs931140/analoggamemuseum.org/public_html/id/vendor/laminas/laminas-mvc/src/Application.php(366): Laminas\\EventManager\\EventManager->triggerEvent(Object(Laminas\\Mvc\\MvcEvent))\n#7 /home/xs931140/analoggamemuseum.org/public_html/id/vendor/laminas/laminas-mvc/src/Application.php(347): Laminas\\Mvc\\Application->completeRequest(Object(Laminas\\Mvc\\MvcEvent))\n#8 /home/xs931140/analoggamemuseum.org/public_html/id/index.php(21): Laminas\\Mvc\\Application->run()\n#9 {main}','[]','2021-10-15 13:21:19'),(26,1,45,'',4,'Warning: {message}\nin {file} on line {line}','{\"message\":\"Method Doctrine\\\\ORM\\\\EntityManager::merge() is deprecated and will be removed in Doctrine ORM 3.0.\",\"file\":\"/home/xs931140/analoggamemuseum.org/public_html/id/vendor/doctrine/orm/lib/Doctrine/ORM/EntityManager.php\",\"line\":716}','2021-10-15 14:32:39'),(27,1,46,'',4,'Warning: {message}\nin {file} on line {line}','{\"message\":\"Method Doctrine\\\\ORM\\\\EntityManager::merge() is deprecated and will be removed in Doctrine ORM 3.0.\",\"file\":\"/home/xs931140/analoggamemuseum.org/public_html/id/vendor/doctrine/orm/lib/Doctrine/ORM/EntityManager.php\",\"line\":716}','2021-10-15 14:39:36'),(28,1,47,'',4,'Warning: {message}\nin {file} on line {line}','{\"message\":\"Method Doctrine\\\\ORM\\\\EntityManager::merge() is deprecated and will be removed in Doctrine ORM 3.0.\",\"file\":\"/home/xs931140/analoggamemuseum.org/public_html/id/vendor/doctrine/orm/lib/Doctrine/ORM/EntityManager.php\",\"line\":716}','2021-10-15 14:47:17'),(29,1,48,'',4,'Warning: {message}\nin {file} on line {line}','{\"message\":\"Method Doctrine\\\\ORM\\\\EntityManager::merge() is deprecated and will be removed in Doctrine ORM 3.0.\",\"file\":\"/home/xs931140/analoggamemuseum.org/public_html/id/vendor/doctrine/orm/lib/Doctrine/ORM/EntityManager.php\",\"line\":716}','2021-10-15 15:32:59'),(30,1,49,'',4,'Warning: {message}\nin {file} on line {line}','{\"message\":\"Method Doctrine\\\\ORM\\\\EntityManager::merge() is deprecated and will be removed in Doctrine ORM 3.0.\",\"file\":\"/home/xs931140/analoggamemuseum.org/public_html/id/vendor/doctrine/orm/lib/Doctrine/ORM/EntityManager.php\",\"line\":716}','2021-10-15 15:33:16'),(31,1,50,'',4,'Warning: {message}\nin {file} on line {line}','{\"message\":\"Method Doctrine\\\\ORM\\\\EntityManager::merge() is deprecated and will be removed in Doctrine ORM 3.0.\",\"file\":\"/home/xs931140/analoggamemuseum.org/public_html/id/vendor/doctrine/orm/lib/Doctrine/ORM/EntityManager.php\",\"line\":716}','2021-10-15 16:13:12'),(32,1,51,'',4,'Warning: {message}\nin {file} on line {line}','{\"message\":\"Method Doctrine\\\\ORM\\\\EntityManager::merge() is deprecated and will be removed in Doctrine ORM 3.0.\",\"file\":\"/home/xs931140/analoggamemuseum.org/public_html/id/vendor/doctrine/orm/lib/Doctrine/ORM/EntityManager.php\",\"line\":716}','2021-10-15 17:26:23'),(33,1,NULL,'',3,'Error: Call to a member function fopen() on null in /home/xs931140/analoggamemuseum.org/public_html/id/modules/CSVImport/vendor/box/spout/src/Spout/Writer/AbstractWriter.php:114\nStack trace:\n#0 /home/xs931140/analoggamemuseum.org/public_html/id/modules/BulkExport/src/Formatter/Ods.php(58): Box\\Spout\\Writer\\AbstractWriter->openToFile(\'/tmp/omk_export...\')\n#1 /home/xs931140/analoggamemuseum.org/public_html/id/modules/BulkExport/src/Formatter/AbstractFieldsFormatter.php(35): BulkExport\\Formatter\\Ods->initializeOutput()\n#2 /home/xs931140/analoggamemuseum.org/public_html/id/modules/BulkExport/src/Formatter/AbstractFormatter.php(162): BulkExport\\Formatter\\AbstractFieldsFormatter->process()\n#3 /home/xs931140/analoggamemuseum.org/public_html/id/modules/BulkExport/src/Formatter/AbstractFormatter.php(171): BulkExport\\Formatter\\AbstractFormatter->getContent()\n#4 /home/xs931140/analoggamemuseum.org/public_html/id/modules/BulkExport/src/Controller/OutputController.php(119): BulkExport\\Formatter\\AbstractFormatter->getResponse(\'items\')\n#5 /home/xs931140/analoggamemuseum.org/public_html/id/modules/BulkExport/src/Controller/OutputController.php(12): BulkExport\\Controller\\OutputController->output(false)\n#6 /home/xs931140/analoggamemuseum.org/public_html/id/vendor/laminas/laminas-mvc/src/Controller/AbstractActionController.php(77): BulkExport\\Controller\\OutputController->browseAction()\n#7 /home/xs931140/analoggamemuseum.org/public_html/id/vendor/laminas/laminas-eventmanager/src/EventManager.php(321): Laminas\\Mvc\\Controller\\AbstractActionController->onDispatch(Object(Laminas\\Mvc\\MvcEvent))\n#8 /home/xs931140/analoggamemuseum.org/public_html/id/vendor/laminas/laminas-eventmanager/src/EventManager.php(178): Laminas\\EventManager\\EventManager->triggerListeners(Object(Laminas\\Mvc\\MvcEvent), Object(Closure))\n#9 /home/xs931140/analoggamemuseum.org/public_html/id/vendor/laminas/laminas-mvc/src/Controller/AbstractController.php(103): Laminas\\EventManager\\EventManager->triggerEventUntil(Object(Closure), Object(Laminas\\Mvc\\MvcEvent))\n#10 /home/xs931140/analoggamemuseum.org/public_html/id/vendor/laminas/laminas-mvc/src/DispatchListener.php(139): Laminas\\Mvc\\Controller\\AbstractController->dispatch(Object(Laminas\\Http\\PhpEnvironment\\Request), Object(Laminas\\Http\\PhpEnvironment\\Response))\n#11 /home/xs931140/analoggamemuseum.org/public_html/id/vendor/laminas/laminas-eventmanager/src/EventManager.php(321): Laminas\\Mvc\\DispatchListener->onDispatch(Object(Laminas\\Mvc\\MvcEvent))\n#12 /home/xs931140/analoggamemuseum.org/public_html/id/vendor/laminas/laminas-eventmanager/src/EventManager.php(178): Laminas\\EventManager\\EventManager->triggerListeners(Object(Laminas\\Mvc\\MvcEvent), Object(Closure))\n#13 /home/xs931140/analoggamemuseum.org/public_html/id/vendor/laminas/laminas-mvc/src/Application.php(331): Laminas\\EventManager\\EventManager->triggerEventUntil(Object(Closure), Object(Laminas\\Mvc\\MvcEvent))\n#14 /home/xs931140/analoggamemuseum.org/public_html/id/index.php(21): Laminas\\Mvc\\Application->run()\n#15 {main}','[]','2021-10-15 18:18:52'),(34,1,NULL,'',3,'Error: Call to a member function fopen() on null in /home/xs931140/analoggamemuseum.org/public_html/id/modules/CSVImport/vendor/box/spout/src/Spout/Writer/AbstractWriter.php:114\nStack trace:\n#0 /home/xs931140/analoggamemuseum.org/public_html/id/modules/BulkExport/src/Formatter/Ods.php(58): Box\\Spout\\Writer\\AbstractWriter->openToFile(\'/tmp/omk_export...\')\n#1 /home/xs931140/analoggamemuseum.org/public_html/id/modules/BulkExport/src/Formatter/AbstractFieldsFormatter.php(35): BulkExport\\Formatter\\Ods->initializeOutput()\n#2 /home/xs931140/analoggamemuseum.org/public_html/id/modules/BulkExport/src/Formatter/AbstractFormatter.php(162): BulkExport\\Formatter\\AbstractFieldsFormatter->process()\n#3 /home/xs931140/analoggamemuseum.org/public_html/id/modules/BulkExport/src/Formatter/AbstractFormatter.php(171): BulkExport\\Formatter\\AbstractFormatter->getContent()\n#4 /home/xs931140/analoggamemuseum.org/public_html/id/modules/BulkExport/src/Controller/OutputController.php(119): BulkExport\\Formatter\\AbstractFormatter->getResponse(\'items\')\n#5 /home/xs931140/analoggamemuseum.org/public_html/id/modules/BulkExport/src/Controller/OutputController.php(12): BulkExport\\Controller\\OutputController->output(false)\n#6 /home/xs931140/analoggamemuseum.org/public_html/id/vendor/laminas/laminas-mvc/src/Controller/AbstractActionController.php(77): BulkExport\\Controller\\OutputController->browseAction()\n#7 /home/xs931140/analoggamemuseum.org/public_html/id/vendor/laminas/laminas-eventmanager/src/EventManager.php(321): Laminas\\Mvc\\Controller\\AbstractActionController->onDispatch(Object(Laminas\\Mvc\\MvcEvent))\n#8 /home/xs931140/analoggamemuseum.org/public_html/id/vendor/laminas/laminas-eventmanager/src/EventManager.php(178): Laminas\\EventManager\\EventManager->triggerListeners(Object(Laminas\\Mvc\\MvcEvent), Object(Closure))\n#9 /home/xs931140/analoggamemuseum.org/public_html/id/vendor/laminas/laminas-mvc/src/Controller/AbstractController.php(103): Laminas\\EventManager\\EventManager->triggerEventUntil(Object(Closure), Object(Laminas\\Mvc\\MvcEvent))\n#10 /home/xs931140/analoggamemuseum.org/public_html/id/vendor/laminas/laminas-mvc/src/DispatchListener.php(139): Laminas\\Mvc\\Controller\\AbstractController->dispatch(Object(Laminas\\Http\\PhpEnvironment\\Request), Object(Laminas\\Http\\PhpEnvironment\\Response))\n#11 /home/xs931140/analoggamemuseum.org/public_html/id/vendor/laminas/laminas-eventmanager/src/EventManager.php(321): Laminas\\Mvc\\DispatchListener->onDispatch(Object(Laminas\\Mvc\\MvcEvent))\n#12 /home/xs931140/analoggamemuseum.org/public_html/id/vendor/laminas/laminas-eventmanager/src/EventManager.php(178): Laminas\\EventManager\\EventManager->triggerListeners(Object(Laminas\\Mvc\\MvcEvent), Object(Closure))\n#13 /home/xs931140/analoggamemuseum.org/public_html/id/vendor/laminas/laminas-mvc/src/Application.php(331): Laminas\\EventManager\\EventManager->triggerEventUntil(Object(Closure), Object(Laminas\\Mvc\\MvcEvent))\n#14 /home/xs931140/analoggamemuseum.org/public_html/id/index.php(21): Laminas\\Mvc\\Application->run()\n#15 {main}','[]','2021-10-15 18:19:34'),(35,1,NULL,'',3,'Error: Call to a member function fopen() on null in /home/xs931140/analoggamemuseum.org/public_html/id/modules/CSVImport/vendor/box/spout/src/Spout/Writer/AbstractWriter.php:114\nStack trace:\n#0 /home/xs931140/analoggamemuseum.org/public_html/id/modules/BulkExport/src/Formatter/Ods.php(58): Box\\Spout\\Writer\\AbstractWriter->openToFile(\'/tmp/omk_export...\')\n#1 /home/xs931140/analoggamemuseum.org/public_html/id/modules/BulkExport/src/Formatter/AbstractFieldsFormatter.php(35): BulkExport\\Formatter\\Ods->initializeOutput()\n#2 /home/xs931140/analoggamemuseum.org/public_html/id/modules/BulkExport/src/Formatter/AbstractFormatter.php(162): BulkExport\\Formatter\\AbstractFieldsFormatter->process()\n#3 /home/xs931140/analoggamemuseum.org/public_html/id/modules/BulkExport/src/Formatter/AbstractFormatter.php(171): BulkExport\\Formatter\\AbstractFormatter->getContent()\n#4 /home/xs931140/analoggamemuseum.org/public_html/id/modules/BulkExport/src/Controller/OutputController.php(119): BulkExport\\Formatter\\AbstractFormatter->getResponse(\'items\')\n#5 /home/xs931140/analoggamemuseum.org/public_html/id/modules/BulkExport/src/Controller/OutputController.php(12): BulkExport\\Controller\\OutputController->output(false)\n#6 /home/xs931140/analoggamemuseum.org/public_html/id/vendor/laminas/laminas-mvc/src/Controller/AbstractActionController.php(77): BulkExport\\Controller\\OutputController->browseAction()\n#7 /home/xs931140/analoggamemuseum.org/public_html/id/vendor/laminas/laminas-eventmanager/src/EventManager.php(321): Laminas\\Mvc\\Controller\\AbstractActionController->onDispatch(Object(Laminas\\Mvc\\MvcEvent))\n#8 /home/xs931140/analoggamemuseum.org/public_html/id/vendor/laminas/laminas-eventmanager/src/EventManager.php(178): Laminas\\EventManager\\EventManager->triggerListeners(Object(Laminas\\Mvc\\MvcEvent), Object(Closure))\n#9 /home/xs931140/analoggamemuseum.org/public_html/id/vendor/laminas/laminas-mvc/src/Controller/AbstractController.php(103): Laminas\\EventManager\\EventManager->triggerEventUntil(Object(Closure), Object(Laminas\\Mvc\\MvcEvent))\n#10 /home/xs931140/analoggamemuseum.org/public_html/id/vendor/laminas/laminas-mvc/src/DispatchListener.php(139): Laminas\\Mvc\\Controller\\AbstractController->dispatch(Object(Laminas\\Http\\PhpEnvironment\\Request), Object(Laminas\\Http\\PhpEnvironment\\Response))\n#11 /home/xs931140/analoggamemuseum.org/public_html/id/vendor/laminas/laminas-eventmanager/src/EventManager.php(321): Laminas\\Mvc\\DispatchListener->onDispatch(Object(Laminas\\Mvc\\MvcEvent))\n#12 /home/xs931140/analoggamemuseum.org/public_html/id/vendor/laminas/laminas-eventmanager/src/EventManager.php(178): Laminas\\EventManager\\EventManager->triggerListeners(Object(Laminas\\Mvc\\MvcEvent), Object(Closure))\n#13 /home/xs931140/analoggamemuseum.org/public_html/id/vendor/laminas/laminas-mvc/src/Application.php(331): Laminas\\EventManager\\EventManager->triggerEventUntil(Object(Closure), Object(Laminas\\Mvc\\MvcEvent))\n#14 /home/xs931140/analoggamemuseum.org/public_html/id/index.php(21): Laminas\\Mvc\\Application->run()\n#15 {main}','[]','2021-10-15 18:19:37'),(36,NULL,NULL,'',3,'Error: Call to a member function fopen() on null in /home/xs931140/analoggamemuseum.org/public_html/id/modules/CSVImport/vendor/box/spout/src/Spout/Writer/AbstractWriter.php:114\nStack trace:\n#0 /home/xs931140/analoggamemuseum.org/public_html/id/modules/BulkExport/src/Formatter/Ods.php(58): Box\\Spout\\Writer\\AbstractWriter->openToFile(\'/tmp/omk_export...\')\n#1 /home/xs931140/analoggamemuseum.org/public_html/id/modules/BulkExport/src/Formatter/AbstractFieldsFormatter.php(35): BulkExport\\Formatter\\Ods->initializeOutput()\n#2 /home/xs931140/analoggamemuseum.org/public_html/id/modules/BulkExport/src/Formatter/AbstractFormatter.php(162): BulkExport\\Formatter\\AbstractFieldsFormatter->process()\n#3 /home/xs931140/analoggamemuseum.org/public_html/id/modules/BulkExport/src/Formatter/AbstractFormatter.php(171): BulkExport\\Formatter\\AbstractFormatter->getContent()\n#4 /home/xs931140/analoggamemuseum.org/public_html/id/modules/BulkExport/src/Controller/OutputController.php(119): BulkExport\\Formatter\\AbstractFormatter->getResponse(\'items\')\n#5 /home/xs931140/analoggamemuseum.org/public_html/id/modules/BulkExport/src/Controller/OutputController.php(17): BulkExport\\Controller\\OutputController->output(true)\n#6 /home/xs931140/analoggamemuseum.org/public_html/id/vendor/laminas/laminas-mvc/src/Controller/AbstractActionController.php(77): BulkExport\\Controller\\OutputController->showAction()\n#7 /home/xs931140/analoggamemuseum.org/public_html/id/vendor/laminas/laminas-eventmanager/src/EventManager.php(321): Laminas\\Mvc\\Controller\\AbstractActionController->onDispatch(Object(Laminas\\Mvc\\MvcEvent))\n#8 /home/xs931140/analoggamemuseum.org/public_html/id/vendor/laminas/laminas-eventmanager/src/EventManager.php(178): Laminas\\EventManager\\EventManager->triggerListeners(Object(Laminas\\Mvc\\MvcEvent), Object(Closure))\n#9 /home/xs931140/analoggamemuseum.org/public_html/id/vendor/laminas/laminas-mvc/src/Controller/AbstractController.php(103): Laminas\\EventManager\\EventManager->triggerEventUntil(Object(Closure), Object(Laminas\\Mvc\\MvcEvent))\n#10 /home/xs931140/analoggamemuseum.org/public_html/id/vendor/laminas/laminas-mvc/src/DispatchListener.php(139): Laminas\\Mvc\\Controller\\AbstractController->dispatch(Object(Laminas\\Http\\PhpEnvironment\\Request), Object(Laminas\\Http\\PhpEnvironment\\Response))\n#11 /home/xs931140/analoggamemuseum.org/public_html/id/vendor/laminas/laminas-eventmanager/src/EventManager.php(321): Laminas\\Mvc\\DispatchListener->onDispatch(Object(Laminas\\Mvc\\MvcEvent))\n#12 /home/xs931140/analoggamemuseum.org/public_html/id/vendor/laminas/laminas-eventmanager/src/EventManager.php(178): Laminas\\EventManager\\EventManager->triggerListeners(Object(Laminas\\Mvc\\MvcEvent), Object(Closure))\n#13 /home/xs931140/analoggamemuseum.org/public_html/id/vendor/laminas/laminas-mvc/src/Application.php(331): Laminas\\EventManager\\EventManager->triggerEventUntil(Object(Closure), Object(Laminas\\Mvc\\MvcEvent))\n#14 /home/xs931140/analoggamemuseum.org/public_html/id/index.php(21): Laminas\\Mvc\\Application->run()\n#15 {main}','[]','2021-10-15 18:36:43'),(37,1,52,'',4,'Warning: {message}\nin {file} on line {line}','{\"message\":\"Method Doctrine\\\\ORM\\\\EntityManager::merge() is deprecated and will be removed in Doctrine ORM 3.0.\",\"file\":\"/home/xs931140/analoggamemuseum.org/public_html/id/vendor/doctrine/orm/lib/Doctrine/ORM/EntityManager.php\",\"line\":716}','2021-10-16 01:46:46'),(38,1,NULL,'',3,'Error: Call to a member function fopen() on null in /home/xs931140/analoggamemuseum.org/public_html/id/modules/CSVImport/vendor/box/spout/src/Spout/Writer/AbstractWriter.php:114\nStack trace:\n#0 /home/xs931140/analoggamemuseum.org/public_html/id/modules/BulkExport/src/Formatter/Ods.php(58): Box\\Spout\\Writer\\AbstractWriter->openToFile(\'/tmp/omk_export...\')\n#1 /home/xs931140/analoggamemuseum.org/public_html/id/modules/BulkExport/src/Formatter/AbstractFieldsFormatter.php(35): BulkExport\\Formatter\\Ods->initializeOutput()\n#2 /home/xs931140/analoggamemuseum.org/public_html/id/modules/BulkExport/src/Formatter/AbstractFormatter.php(162): BulkExport\\Formatter\\AbstractFieldsFormatter->process()\n#3 /home/xs931140/analoggamemuseum.org/public_html/id/modules/BulkExport/src/Formatter/AbstractFormatter.php(171): BulkExport\\Formatter\\AbstractFormatter->getContent()\n#4 /home/xs931140/analoggamemuseum.org/public_html/id/modules/BulkExport/src/Controller/OutputController.php(119): BulkExport\\Formatter\\AbstractFormatter->getResponse(\'items\')\n#5 /home/xs931140/analoggamemuseum.org/public_html/id/modules/BulkExport/src/Controller/OutputController.php(12): BulkExport\\Controller\\OutputController->output(false)\n#6 /home/xs931140/analoggamemuseum.org/public_html/id/vendor/laminas/laminas-mvc/src/Controller/AbstractActionController.php(77): BulkExport\\Controller\\OutputController->browseAction()\n#7 /home/xs931140/analoggamemuseum.org/public_html/id/vendor/laminas/laminas-eventmanager/src/EventManager.php(321): Laminas\\Mvc\\Controller\\AbstractActionController->onDispatch(Object(Laminas\\Mvc\\MvcEvent))\n#8 /home/xs931140/analoggamemuseum.org/public_html/id/vendor/laminas/laminas-eventmanager/src/EventManager.php(178): Laminas\\EventManager\\EventManager->triggerListeners(Object(Laminas\\Mvc\\MvcEvent), Object(Closure))\n#9 /home/xs931140/analoggamemuseum.org/public_html/id/vendor/laminas/laminas-mvc/src/Controller/AbstractController.php(103): Laminas\\EventManager\\EventManager->triggerEventUntil(Object(Closure), Object(Laminas\\Mvc\\MvcEvent))\n#10 /home/xs931140/analoggamemuseum.org/public_html/id/vendor/laminas/laminas-mvc/src/DispatchListener.php(139): Laminas\\Mvc\\Controller\\AbstractController->dispatch(Object(Laminas\\Http\\PhpEnvironment\\Request), Object(Laminas\\Http\\PhpEnvironment\\Response))\n#11 /home/xs931140/analoggamemuseum.org/public_html/id/vendor/laminas/laminas-eventmanager/src/EventManager.php(321): Laminas\\Mvc\\DispatchListener->onDispatch(Object(Laminas\\Mvc\\MvcEvent))\n#12 /home/xs931140/analoggamemuseum.org/public_html/id/vendor/laminas/laminas-eventmanager/src/EventManager.php(178): Laminas\\EventManager\\EventManager->triggerListeners(Object(Laminas\\Mvc\\MvcEvent), Object(Closure))\n#13 /home/xs931140/analoggamemuseum.org/public_html/id/vendor/laminas/laminas-mvc/src/Application.php(331): Laminas\\EventManager\\EventManager->triggerEventUntil(Object(Closure), Object(Laminas\\Mvc\\MvcEvent))\n#14 /home/xs931140/analoggamemuseum.org/public_html/id/index.php(21): Laminas\\Mvc\\Application->run()\n#15 {main}','[]','2021-10-16 02:12:35'),(39,1,NULL,'',3,'Omeka\\Api\\Exception\\NotFoundException: Omeka\\Entity\\Site エンティティ（ {\"slug\":\"site-slug\"} 基準）が見つかりません in /home/xs931140/analoggamemuseum.org/public_html/id/application/src/Api/Adapter/AbstractEntityAdapter.php:686\nStack trace:\n#0 /home/xs931140/analoggamemuseum.org/public_html/id/application/src/Api/Adapter/AbstractEntityAdapter.php(404): Omeka\\Api\\Adapter\\AbstractEntityAdapter->findEntity(Array, Object(Omeka\\Api\\Request))\n#1 /home/xs931140/analoggamemuseum.org/public_html/id/application/src/Api/Manager.php(230): Omeka\\Api\\Adapter\\AbstractEntityAdapter->read(Object(Omeka\\Api\\Request))\n#2 /home/xs931140/analoggamemuseum.org/public_html/id/application/src/Api/Manager.php(115): Omeka\\Api\\Manager->execute(Object(Omeka\\Api\\Request))\n#3 /home/xs931140/analoggamemuseum.org/public_html/id/application/src/Mvc/MvcListeners.php(392): Omeka\\Api\\Manager->read(\'sites\', Array)\n#4 /home/xs931140/analoggamemuseum.org/public_html/id/application/src/Mvc/MvcListeners.php(313): Omeka\\Mvc\\MvcListeners->prepareSite(Object(Laminas\\Mvc\\MvcEvent))\n#5 /home/xs931140/analoggamemuseum.org/public_html/id/vendor/laminas/laminas-eventmanager/src/EventManager.php(321): Omeka\\Mvc\\MvcListeners->preparePublicSite(Object(Laminas\\Mvc\\MvcEvent))\n#6 /home/xs931140/analoggamemuseum.org/public_html/id/vendor/laminas/laminas-eventmanager/src/EventManager.php(178): Laminas\\EventManager\\EventManager->triggerListeners(Object(Laminas\\Mvc\\MvcEvent), Object(Closure))\n#7 /home/xs931140/analoggamemuseum.org/public_html/id/vendor/laminas/laminas-mvc/src/Application.php(310): Laminas\\EventManager\\EventManager->triggerEventUntil(Object(Closure), Object(Laminas\\Mvc\\MvcEvent))\n#8 /home/xs931140/analoggamemuseum.org/public_html/id/index.php(21): Laminas\\Mvc\\Application->run()\n#9 {main}','[]','2021-10-16 02:37:34'),(40,1,NULL,'',3,'Omeka\\Api\\Exception\\NotFoundException: Omeka\\Entity\\Site エンティティ（ {\"slug\":\"site-slug\"} 基準）が見つかりません in /home/xs931140/analoggamemuseum.org/public_html/id/application/src/Api/Adapter/AbstractEntityAdapter.php:686\nStack trace:\n#0 /home/xs931140/analoggamemuseum.org/public_html/id/application/src/Api/Adapter/AbstractEntityAdapter.php(404): Omeka\\Api\\Adapter\\AbstractEntityAdapter->findEntity(Array, Object(Omeka\\Api\\Request))\n#1 /home/xs931140/analoggamemuseum.org/public_html/id/application/src/Api/Manager.php(230): Omeka\\Api\\Adapter\\AbstractEntityAdapter->read(Object(Omeka\\Api\\Request))\n#2 /home/xs931140/analoggamemuseum.org/public_html/id/application/src/Api/Manager.php(115): Omeka\\Api\\Manager->execute(Object(Omeka\\Api\\Request))\n#3 /home/xs931140/analoggamemuseum.org/public_html/id/application/src/Mvc/MvcListeners.php(392): Omeka\\Api\\Manager->read(\'sites\', Array)\n#4 /home/xs931140/analoggamemuseum.org/public_html/id/application/src/Mvc/MvcListeners.php(313): Omeka\\Mvc\\MvcListeners->prepareSite(Object(Laminas\\Mvc\\MvcEvent))\n#5 /home/xs931140/analoggamemuseum.org/public_html/id/vendor/laminas/laminas-eventmanager/src/EventManager.php(321): Omeka\\Mvc\\MvcListeners->preparePublicSite(Object(Laminas\\Mvc\\MvcEvent))\n#6 /home/xs931140/analoggamemuseum.org/public_html/id/vendor/laminas/laminas-eventmanager/src/EventManager.php(178): Laminas\\EventManager\\EventManager->triggerListeners(Object(Laminas\\Mvc\\MvcEvent), Object(Closure))\n#7 /home/xs931140/analoggamemuseum.org/public_html/id/vendor/laminas/laminas-mvc/src/Application.php(310): Laminas\\EventManager\\EventManager->triggerEventUntil(Object(Closure), Object(Laminas\\Mvc\\MvcEvent))\n#8 /home/xs931140/analoggamemuseum.org/public_html/id/index.php(21): Laminas\\Mvc\\Application->run()\n#9 {main}','[]','2021-10-16 02:37:40'),(41,NULL,NULL,'',3,'Omeka\\Api\\Exception\\NotFoundException: Omeka\\Entity\\Item エンティティ（ {\"id\":\"81\"} 基準）が見つかりません in /home/xs931140/analoggamemuseum.org/public_html/id/application/src/Api/Adapter/AbstractEntityAdapter.php:686\nStack trace:\n#0 /home/xs931140/analoggamemuseum.org/public_html/id/application/src/Api/Adapter/AbstractEntityAdapter.php(404): Omeka\\Api\\Adapter\\AbstractEntityAdapter->findEntity(Array, Object(Omeka\\Api\\Request))\n#1 /home/xs931140/analoggamemuseum.org/public_html/id/application/src/Api/Manager.php(230): Omeka\\Api\\Adapter\\AbstractEntityAdapter->read(Object(Omeka\\Api\\Request))\n#2 /home/xs931140/analoggamemuseum.org/public_html/id/application/src/Api/Manager.php(115): Omeka\\Api\\Manager->execute(Object(Omeka\\Api\\Request))\n#3 /home/xs931140/analoggamemuseum.org/public_html/id/application/src/Controller/ApiController.php(52): Omeka\\Api\\Manager->read(\'items\', \'81\')\n#4 /home/xs931140/analoggamemuseum.org/public_html/id/vendor/laminas/laminas-mvc/src/Controller/AbstractRestfulController.php(378): Omeka\\Controller\\ApiController->get(\'81\')\n#5 /home/xs931140/analoggamemuseum.org/public_html/id/application/src/Controller/ApiController.php(151): Laminas\\Mvc\\Controller\\AbstractRestfulController->onDispatch(Object(Laminas\\Mvc\\MvcEvent))\n#6 /home/xs931140/analoggamemuseum.org/public_html/id/vendor/laminas/laminas-eventmanager/src/EventManager.php(321): Omeka\\Controller\\ApiController->onDispatch(Object(Laminas\\Mvc\\MvcEvent))\n#7 /home/xs931140/analoggamemuseum.org/public_html/id/vendor/laminas/laminas-eventmanager/src/EventManager.php(178): Laminas\\EventManager\\EventManager->triggerListeners(Object(Laminas\\Mvc\\MvcEvent), Object(Closure))\n#8 /home/xs931140/analoggamemuseum.org/public_html/id/vendor/laminas/laminas-mvc/src/Controller/AbstractController.php(103): Laminas\\EventManager\\EventManager->triggerEventUntil(Object(Closure), Object(Laminas\\Mvc\\MvcEvent))\n#9 /home/xs931140/analoggamemuseum.org/public_html/id/vendor/laminas/laminas-mvc/src/Controller/AbstractRestfulController.php(312): Laminas\\Mvc\\Controller\\AbstractController->dispatch(Object(Laminas\\Http\\PhpEnvironment\\Request), Object(Laminas\\Http\\PhpEnvironment\\Response))\n#10 /home/xs931140/analoggamemuseum.org/public_html/id/vendor/laminas/laminas-mvc/src/DispatchListener.php(139): Laminas\\Mvc\\Controller\\AbstractRestfulController->dispatch(Object(Laminas\\Http\\PhpEnvironment\\Request), Object(Laminas\\Http\\PhpEnvironment\\Response))\n#11 /home/xs931140/analoggamemuseum.org/public_html/id/vendor/laminas/laminas-eventmanager/src/EventManager.php(321): Laminas\\Mvc\\DispatchListener->onDispatch(Object(Laminas\\Mvc\\MvcEvent))\n#12 /home/xs931140/analoggamemuseum.org/public_html/id/vendor/laminas/laminas-eventmanager/src/EventManager.php(178): Laminas\\EventManager\\EventManager->triggerListeners(Object(Laminas\\Mvc\\MvcEvent), Object(Closure))\n#13 /home/xs931140/analoggamemuseum.org/public_html/id/vendor/laminas/laminas-mvc/src/Application.php(331): Laminas\\EventManager\\EventManager->triggerEventUntil(Object(Closure), Object(Laminas\\Mvc\\MvcEvent))\n#14 /home/xs931140/analoggamemuseum.org/public_html/id/index.php(21): Laminas\\Mvc\\Application->run()\n#15 {main}','[]','2021-10-19 17:03:33'),(42,NULL,NULL,'',3,'Omeka\\Api\\Exception\\PermissionDeniedException: 現在のユーザーが Omeka\\Api\\Adapter\\UserAdapterリソースに対しreadする権限 が拒否されました。 in /home/xs931140/analoggamemuseum.org/public_html/id/application/src/Api/Manager.php:208\nStack trace:\n#0 /home/xs931140/analoggamemuseum.org/public_html/id/application/src/Api/Manager.php(115): Omeka\\Api\\Manager->execute(Object(Omeka\\Api\\Request))\n#1 /home/xs931140/analoggamemuseum.org/public_html/id/application/src/Controller/ApiController.php(52): Omeka\\Api\\Manager->read(\'users\', \'1\')\n#2 /home/xs931140/analoggamemuseum.org/public_html/id/vendor/laminas/laminas-mvc/src/Controller/AbstractRestfulController.php(378): Omeka\\Controller\\ApiController->get(\'1\')\n#3 /home/xs931140/analoggamemuseum.org/public_html/id/application/src/Controller/ApiController.php(151): Laminas\\Mvc\\Controller\\AbstractRestfulController->onDispatch(Object(Laminas\\Mvc\\MvcEvent))\n#4 /home/xs931140/analoggamemuseum.org/public_html/id/vendor/laminas/laminas-eventmanager/src/EventManager.php(321): Omeka\\Controller\\ApiController->onDispatch(Object(Laminas\\Mvc\\MvcEvent))\n#5 /home/xs931140/analoggamemuseum.org/public_html/id/vendor/laminas/laminas-eventmanager/src/EventManager.php(178): Laminas\\EventManager\\EventManager->triggerListeners(Object(Laminas\\Mvc\\MvcEvent), Object(Closure))\n#6 /home/xs931140/analoggamemuseum.org/public_html/id/vendor/laminas/laminas-mvc/src/Controller/AbstractController.php(103): Laminas\\EventManager\\EventManager->triggerEventUntil(Object(Closure), Object(Laminas\\Mvc\\MvcEvent))\n#7 /home/xs931140/analoggamemuseum.org/public_html/id/vendor/laminas/laminas-mvc/src/Controller/AbstractRestfulController.php(312): Laminas\\Mvc\\Controller\\AbstractController->dispatch(Object(Laminas\\Http\\PhpEnvironment\\Request), Object(Laminas\\Http\\PhpEnvironment\\Response))\n#8 /home/xs931140/analoggamemuseum.org/public_html/id/vendor/laminas/laminas-mvc/src/DispatchListener.php(139): Laminas\\Mvc\\Controller\\AbstractRestfulController->dispatch(Object(Laminas\\Http\\PhpEnvironment\\Request), Object(Laminas\\Http\\PhpEnvironment\\Response))\n#9 /home/xs931140/analoggamemuseum.org/public_html/id/vendor/laminas/laminas-eventmanager/src/EventManager.php(321): Laminas\\Mvc\\DispatchListener->onDispatch(Object(Laminas\\Mvc\\MvcEvent))\n#10 /home/xs931140/analoggamemuseum.org/public_html/id/vendor/laminas/laminas-eventmanager/src/EventManager.php(178): Laminas\\EventManager\\EventManager->triggerListeners(Object(Laminas\\Mvc\\MvcEvent), Object(Closure))\n#11 /home/xs931140/analoggamemuseum.org/public_html/id/vendor/laminas/laminas-mvc/src/Application.php(331): Laminas\\EventManager\\EventManager->triggerEventUntil(Object(Closure), Object(Laminas\\Mvc\\MvcEvent))\n#12 /home/xs931140/analoggamemuseum.org/public_html/id/index.php(21): Laminas\\Mvc\\Application->run()\n#13 {main}','[]','2021-10-19 17:04:03'),(43,NULL,NULL,'',3,'Omeka\\Api\\Exception\\BadRequestException: APIは \"infos\" リソースをサポートしていません。 in /home/xs931140/analoggamemuseum.org/public_html/id/application/src/Api/Manager.php:200\nStack trace:\n#0 /home/xs931140/analoggamemuseum.org/public_html/id/application/src/Api/Manager.php(115): Omeka\\Api\\Manager->execute(Object(Omeka\\Api\\Request))\n#1 /home/xs931140/analoggamemuseum.org/public_html/id/application/src/Controller/ApiController.php(52): Omeka\\Api\\Manager->read(\'infos\', \'user\')\n#2 /home/xs931140/analoggamemuseum.org/public_html/id/vendor/laminas/laminas-mvc/src/Controller/AbstractRestfulController.php(378): Omeka\\Controller\\ApiController->get(\'user\')\n#3 /home/xs931140/analoggamemuseum.org/public_html/id/application/src/Controller/ApiController.php(151): Laminas\\Mvc\\Controller\\AbstractRestfulController->onDispatch(Object(Laminas\\Mvc\\MvcEvent))\n#4 /home/xs931140/analoggamemuseum.org/public_html/id/vendor/laminas/laminas-eventmanager/src/EventManager.php(321): Omeka\\Controller\\ApiController->onDispatch(Object(Laminas\\Mvc\\MvcEvent))\n#5 /home/xs931140/analoggamemuseum.org/public_html/id/vendor/laminas/laminas-eventmanager/src/EventManager.php(178): Laminas\\EventManager\\EventManager->triggerListeners(Object(Laminas\\Mvc\\MvcEvent), Object(Closure))\n#6 /home/xs931140/analoggamemuseum.org/public_html/id/vendor/laminas/laminas-mvc/src/Controller/AbstractController.php(103): Laminas\\EventManager\\EventManager->triggerEventUntil(Object(Closure), Object(Laminas\\Mvc\\MvcEvent))\n#7 /home/xs931140/analoggamemuseum.org/public_html/id/vendor/laminas/laminas-mvc/src/Controller/AbstractRestfulController.php(312): Laminas\\Mvc\\Controller\\AbstractController->dispatch(Object(Laminas\\Http\\PhpEnvironment\\Request), Object(Laminas\\Http\\PhpEnvironment\\Response))\n#8 /home/xs931140/analoggamemuseum.org/public_html/id/vendor/laminas/laminas-mvc/src/DispatchListener.php(139): Laminas\\Mvc\\Controller\\AbstractRestfulController->dispatch(Object(Laminas\\Http\\PhpEnvironment\\Request), Object(Laminas\\Http\\PhpEnvironment\\Response))\n#9 /home/xs931140/analoggamemuseum.org/public_html/id/vendor/laminas/laminas-eventmanager/src/EventManager.php(321): Laminas\\Mvc\\DispatchListener->onDispatch(Object(Laminas\\Mvc\\MvcEvent))\n#10 /home/xs931140/analoggamemuseum.org/public_html/id/vendor/laminas/laminas-eventmanager/src/EventManager.php(178): Laminas\\EventManager\\EventManager->triggerListeners(Object(Laminas\\Mvc\\MvcEvent), Object(Closure))\n#11 /home/xs931140/analoggamemuseum.org/public_html/id/vendor/laminas/laminas-mvc/src/Application.php(331): Laminas\\EventManager\\EventManager->triggerEventUntil(Object(Closure), Object(Laminas\\Mvc\\MvcEvent))\n#12 /home/xs931140/analoggamemuseum.org/public_html/id/index.php(21): Laminas\\Mvc\\Application->run()\n#13 {main}','[]','2021-11-07 15:08:54'),(44,NULL,NULL,'',3,'Omeka\\Api\\Exception\\PermissionDeniedException: 現在のユーザーが Omeka\\Api\\Adapter\\UserAdapterリソースに対しreadする権限 が拒否されました。 in /home/xs931140/analoggamemuseum.org/public_html/id/application/src/Api/Manager.php:208\nStack trace:\n#0 /home/xs931140/analoggamemuseum.org/public_html/id/application/src/Api/Manager.php(115): Omeka\\Api\\Manager->execute(Object(Omeka\\Api\\Request))\n#1 /home/xs931140/analoggamemuseum.org/public_html/id/application/src/Controller/ApiController.php(52): Omeka\\Api\\Manager->read(\'users\', \'1\')\n#2 /home/xs931140/analoggamemuseum.org/public_html/id/vendor/laminas/laminas-mvc/src/Controller/AbstractRestfulController.php(378): Omeka\\Controller\\ApiController->get(\'1\')\n#3 /home/xs931140/analoggamemuseum.org/public_html/id/application/src/Controller/ApiController.php(151): Laminas\\Mvc\\Controller\\AbstractRestfulController->onDispatch(Object(Laminas\\Mvc\\MvcEvent))\n#4 /home/xs931140/analoggamemuseum.org/public_html/id/vendor/laminas/laminas-eventmanager/src/EventManager.php(321): Omeka\\Controller\\ApiController->onDispatch(Object(Laminas\\Mvc\\MvcEvent))\n#5 /home/xs931140/analoggamemuseum.org/public_html/id/vendor/laminas/laminas-eventmanager/src/EventManager.php(178): Laminas\\EventManager\\EventManager->triggerListeners(Object(Laminas\\Mvc\\MvcEvent), Object(Closure))\n#6 /home/xs931140/analoggamemuseum.org/public_html/id/vendor/laminas/laminas-mvc/src/Controller/AbstractController.php(103): Laminas\\EventManager\\EventManager->triggerEventUntil(Object(Closure), Object(Laminas\\Mvc\\MvcEvent))\n#7 /home/xs931140/analoggamemuseum.org/public_html/id/vendor/laminas/laminas-mvc/src/Controller/AbstractRestfulController.php(312): Laminas\\Mvc\\Controller\\AbstractController->dispatch(Object(Laminas\\Http\\PhpEnvironment\\Request), Object(Laminas\\Http\\PhpEnvironment\\Response))\n#8 /home/xs931140/analoggamemuseum.org/public_html/id/vendor/laminas/laminas-mvc/src/DispatchListener.php(139): Laminas\\Mvc\\Controller\\AbstractRestfulController->dispatch(Object(Laminas\\Http\\PhpEnvironment\\Request), Object(Laminas\\Http\\PhpEnvironment\\Response))\n#9 /home/xs931140/analoggamemuseum.org/public_html/id/vendor/laminas/laminas-eventmanager/src/EventManager.php(321): Laminas\\Mvc\\DispatchListener->onDispatch(Object(Laminas\\Mvc\\MvcEvent))\n#10 /home/xs931140/analoggamemuseum.org/public_html/id/vendor/laminas/laminas-eventmanager/src/EventManager.php(178): Laminas\\EventManager\\EventManager->triggerListeners(Object(Laminas\\Mvc\\MvcEvent), Object(Closure))\n#11 /home/xs931140/analoggamemuseum.org/public_html/id/vendor/laminas/laminas-mvc/src/Application.php(331): Laminas\\EventManager\\EventManager->triggerEventUntil(Object(Closure), Object(Laminas\\Mvc\\MvcEvent))\n#12 /home/xs931140/analoggamemuseum.org/public_html/id/index.php(21): Laminas\\Mvc\\Application->run()\n#13 {main}','[]','2021-11-07 15:15:03'),(45,1,53,'',4,'Warning: {message}\nin {file} on line {line}','{\"message\":\"Method Doctrine\\\\ORM\\\\EntityManager::merge() is deprecated and will be removed in Doctrine ORM 3.0.\",\"file\":\"/home/xs931140/analoggamemuseum.org/public_html/id/vendor/doctrine/orm/lib/Doctrine/ORM/EntityManager.php\",\"line\":716}','2021-11-07 15:54:42');
/*!40000 ALTER TABLE `log` ENABLE KEYS */;
UNLOCK TABLES;

--
-- Table structure for table `media`
--

DROP TABLE IF EXISTS `media`;
/*!40101 SET @saved_cs_client     = @@character_set_client */;
/*!40101 SET character_set_client = utf8 */;
CREATE TABLE `media` (
  `id` int(11) NOT NULL,
  `item_id` int(11) NOT NULL,
  `ingester` varchar(255) COLLATE utf8mb4_unicode_ci NOT NULL,
  `renderer` varchar(255) COLLATE utf8mb4_unicode_ci NOT NULL,
  `data` longtext COLLATE utf8mb4_unicode_ci DEFAULT NULL COMMENT '(DC2Type:json_array)',
  `source` longtext COLLATE utf8mb4_unicode_ci DEFAULT NULL,
  `media_type` varchar(255) COLLATE utf8mb4_unicode_ci DEFAULT NULL,
  `storage_id` varchar(190) COLLATE utf8mb4_unicode_ci DEFAULT NULL,
  `extension` varchar(255) COLLATE utf8mb4_unicode_ci DEFAULT NULL,
  `sha256` char(64) COLLATE utf8mb4_unicode_ci DEFAULT NULL,
  `size` bigint(20) DEFAULT NULL,
  `has_original` tinyint(1) NOT NULL,
  `has_thumbnails` tinyint(1) NOT NULL,
  `position` int(11) DEFAULT NULL,
  `lang` varchar(190) COLLATE utf8mb4_unicode_ci DEFAULT NULL,
  `alt_text` longtext COLLATE utf8mb4_unicode_ci DEFAULT NULL,
  PRIMARY KEY (`id`),
  UNIQUE KEY `UNIQ_6A2CA10C5CC5DB90` (`storage_id`),
  KEY `IDX_6A2CA10C126F525E` (`item_id`),
  KEY `item_position` (`item_id`,`position`),
  CONSTRAINT `FK_6A2CA10C126F525E` FOREIGN KEY (`item_id`) REFERENCES `item` (`id`),
  CONSTRAINT `FK_6A2CA10CBF396750` FOREIGN KEY (`id`) REFERENCES `resource` (`id`) ON DELETE CASCADE
) ENGINE=InnoDB DEFAULT CHARSET=utf8mb4 COLLATE=utf8mb4_unicode_ci;
/*!40101 SET character_set_client = @saved_cs_client */;

--
-- Dumping data for table `media`
--

LOCK TABLES `media` WRITE;
/*!40000 ALTER TABLE `media` DISABLE KEYS */;
INSERT INTO `media` VALUES (313,306,'upload','file',NULL,'9784905158530.jpg','image/jpeg','fbd5bd06a3d4a8816d8d715948b883c8db6e08db','jpg','ba1ac22f54f77e7ca5bb9e8d63ed3783932f6d0245c1850192498293cd952b5b',31904,1,1,1,NULL,NULL),(318,315,'upload','file',NULL,'9784798164731.jpg','image/jpeg','a934a51cb9c189c09c4f1ba1560880ec51bca79b','jpg','9055715c85f8426a7b22d0accadf95306a307fb2cd8f7b8d09f8f832d97109e7',46626,1,1,1,NULL,NULL);
/*!40000 ALTER TABLE `media` ENABLE KEYS */;
UNLOCK TABLES;

--
-- Table structure for table `migration`
--

DROP TABLE IF EXISTS `migration`;
/*!40101 SET @saved_cs_client     = @@character_set_client */;
/*!40101 SET character_set_client = utf8 */;
CREATE TABLE `migration` (
  `version` varchar(16) COLLATE utf8mb4_unicode_ci NOT NULL,
  PRIMARY KEY (`version`)
) ENGINE=InnoDB DEFAULT CHARSET=utf8mb4 COLLATE=utf8mb4_unicode_ci;
/*!40101 SET character_set_client = @saved_cs_client */;

--
-- Dumping data for table `migration`
--

LOCK TABLES `migration` WRITE;
/*!40000 ALTER TABLE `migration` DISABLE KEYS */;
INSERT INTO `migration` VALUES ('20171128053327'),('20180412035023'),('20180919072656'),('20180924033501'),('20181002015551'),('20181004043735'),('20181106060421'),('20190307043537'),('20190319020708'),('20190412090532'),('20190423040354'),('20190423071228'),('20190514061351'),('20190515055359'),('20190729023728'),('20190809092609'),('20190815062003'),('20200224022356'),('20200226064602'),('20200325091157'),('20200326091310'),('20200803000000'),('20200831000000'),('20210205101827'),('20210225095734');
/*!40000 ALTER TABLE `migration` ENABLE KEYS */;
UNLOCK TABLES;

--
-- Table structure for table `module`
--

DROP TABLE IF EXISTS `module`;
/*!40101 SET @saved_cs_client     = @@character_set_client */;
/*!40101 SET character_set_client = utf8 */;
CREATE TABLE `module` (
  `id` varchar(190) COLLATE utf8mb4_unicode_ci NOT NULL,
  `is_active` tinyint(1) NOT NULL,
  `version` varchar(255) COLLATE utf8mb4_unicode_ci NOT NULL,
  PRIMARY KEY (`id`)
) ENGINE=InnoDB DEFAULT CHARSET=utf8mb4 COLLATE=utf8mb4_unicode_ci;
/*!40101 SET character_set_client = @saved_cs_client */;

--
-- Dumping data for table `module`
--

LOCK TABLES `module` WRITE;
/*!40000 ALTER TABLE `module` DISABLE KEYS */;
INSERT INTO `module` VALUES ('AnyCloud',1,'2.0.0'),('BulkEdit',1,'3.3.13.1'),('BulkExport',1,'3.3.13.0'),('BulkImport',1,'3.3.25.0'),('CSSEditor',1,'1.3.0'),('CSVImport',1,'2.2.1'),('CustomVocab',1,'1.4.0'),('GoogleAnalytics',1,'1.2.2'),('Log',1,'3.3.12.9'),('RightsStatements',1,'1.2.0'),('Sitemaps',1,'0.1'),('Wikidata',1,'1.3.0');
/*!40000 ALTER TABLE `module` ENABLE KEYS */;
UNLOCK TABLES;

--
-- Table structure for table `password_creation`
--

DROP TABLE IF EXISTS `password_creation`;
/*!40101 SET @saved_cs_client     = @@character_set_client */;
/*!40101 SET character_set_client = utf8 */;
CREATE TABLE `password_creation` (
  `id` varchar(32) CHARACTER SET utf8mb4 COLLATE utf8mb4_bin NOT NULL,
  `user_id` int(11) NOT NULL,
  `created` datetime NOT NULL,
  `activate` tinyint(1) NOT NULL,
  PRIMARY KEY (`id`),
  UNIQUE KEY `UNIQ_C77917B4A76ED395` (`user_id`),
  CONSTRAINT `FK_C77917B4A76ED395` FOREIGN KEY (`user_id`) REFERENCES `user` (`id`) ON DELETE CASCADE
) ENGINE=InnoDB DEFAULT CHARSET=utf8mb4 COLLATE=utf8mb4_unicode_ci;
/*!40101 SET character_set_client = @saved_cs_client */;

--
-- Dumping data for table `password_creation`
--

LOCK TABLES `password_creation` WRITE;
/*!40000 ALTER TABLE `password_creation` DISABLE KEYS */;
INSERT INTO `password_creation` VALUES ('94CtV94IVpG2WiaMO6HAO21sKGhGcASf',14,'2021-11-10 00:10:27',1);
/*!40000 ALTER TABLE `password_creation` ENABLE KEYS */;
UNLOCK TABLES;

--
-- Table structure for table `property`
--

DROP TABLE IF EXISTS `property`;
/*!40101 SET @saved_cs_client     = @@character_set_client */;
/*!40101 SET character_set_client = utf8 */;
CREATE TABLE `property` (
  `id` int(11) NOT NULL AUTO_INCREMENT,
  `owner_id` int(11) DEFAULT NULL,
  `vocabulary_id` int(11) NOT NULL,
  `local_name` varchar(190) CHARACTER SET utf8mb4 COLLATE utf8mb4_bin NOT NULL,
  `label` varchar(255) COLLATE utf8mb4_unicode_ci NOT NULL,
  `comment` longtext COLLATE utf8mb4_unicode_ci DEFAULT NULL,
  PRIMARY KEY (`id`),
  UNIQUE KEY `UNIQ_8BF21CDEAD0E05F6623C14D5` (`vocabulary_id`,`local_name`),
  KEY `IDX_8BF21CDE7E3C61F9` (`owner_id`),
  KEY `IDX_8BF21CDEAD0E05F6` (`vocabulary_id`),
  CONSTRAINT `FK_8BF21CDE7E3C61F9` FOREIGN KEY (`owner_id`) REFERENCES `user` (`id`) ON DELETE SET NULL,
  CONSTRAINT `FK_8BF21CDEAD0E05F6` FOREIGN KEY (`vocabulary_id`) REFERENCES `vocabulary` (`id`)
) ENGINE=InnoDB AUTO_INCREMENT=295 DEFAULT CHARSET=utf8mb4 COLLATE=utf8mb4_unicode_ci;
/*!40101 SET character_set_client = @saved_cs_client */;

--
-- Dumping data for table `property`
--

LOCK TABLES `property` WRITE;
/*!40000 ALTER TABLE `property` DISABLE KEYS */;
INSERT INTO `property` VALUES (1,NULL,1,'title','Title','リソースを示す字句ラベル。他の記述項目の組み合わせで「タイトル△バージョン△部編△サブタイトル」の通り構成する。複数の言語によるタイトルなど、ラベルを構成する要素（タイトル、バージョン、部編、サブタイトル）それぞれにおいて資料に複数の表示がある場合、主要なものを採用する。'),(2,NULL,1,'creator','Creator','An entity primarily responsible for making the resource.'),(3,NULL,1,'subject','Subject','The topic of the resource.'),(4,NULL,1,'description','Description','An account of the resource.'),(5,NULL,1,'publisher','Publisher','An entity responsible for making the resource available.'),(6,NULL,1,'contributor','Contributor','An entity responsible for making contributions to the resource.'),(7,NULL,1,'date','Date','A point or period of time associated with an event in the lifecycle of the resource.'),(8,NULL,1,'type','Type','The nature or genre of the resource.'),(9,NULL,1,'format','Format','The file format, physical medium, or dimensions of the resource.'),(10,NULL,1,'identifier','Identifier','An unambiguous reference to the resource within a given context.'),(11,NULL,1,'source','Source','A related resource from which the described resource is derived.'),(12,NULL,1,'language','Language','A language of the resource.'),(13,NULL,1,'relation','Relation','A related resource.'),(14,NULL,1,'coverage','Coverage','The spatial or temporal topic of the resource, the spatial applicability of the resource, or the jurisdiction under which the resource is relevant.'),(15,NULL,1,'rights','Rights','Information about rights held in and over the resource.'),(16,NULL,1,'audience','Audience','A class of entity for whom the resource is intended or useful.'),(17,NULL,1,'alternative','Alternative Title','An alternative name for the resource.'),(18,NULL,1,'tableOfContents','Table Of Contents','A list of subunits of the resource.'),(19,NULL,1,'abstract','Abstract','A summary of the resource.'),(20,NULL,1,'created','Date Created','Date of creation of the resource.'),(21,NULL,1,'valid','Date Valid','Date (often a range) of validity of a resource.'),(22,NULL,1,'available','Date Available','Date (often a range) that the resource became or will become available.'),(23,NULL,1,'issued','Date Issued','Date of formal issuance (e.g., publication) of the resource.'),(24,NULL,1,'modified','Date Modified','Date on which the resource was changed.'),(25,NULL,1,'extent','Extent','The size or duration of the resource.'),(26,NULL,1,'medium','Medium','The material or physical carrier of the resource.'),(27,NULL,1,'isVersionOf','Is Version Of','A related resource of which the described resource is a version, edition, or adaptation.'),(28,NULL,1,'hasVersion','Has Version','A related resource that is a version, edition, or adaptation of the described resource.'),(29,NULL,1,'isReplacedBy','Is Replaced By','A related resource that supplants, displaces, or supersedes the described resource.'),(30,NULL,1,'replaces','Replaces','A related resource that is supplanted, displaced, or superseded by the described resource.'),(31,NULL,1,'isRequiredBy','Is Required By','A related resource that requires the described resource to support its function, delivery, or coherence.'),(32,NULL,1,'requires','Requires','A related resource that is required by the described resource to support its function, delivery, or coherence.'),(33,NULL,1,'isPartOf','Is Part Of','A related resource in which the described resource is physically or logically included.'),(34,NULL,1,'hasPart','Has Part','A related resource that is included either physically or logically in the described resource.'),(35,NULL,1,'isReferencedBy','Is Referenced By','A related resource that references, cites, or otherwise points to the described resource.'),(36,NULL,1,'references','References','A related resource that is referenced, cited, or otherwise pointed to by the described resource.'),(37,NULL,1,'isFormatOf','Is Format Of','A related resource that is substantially the same as the described resource, but in another format.'),(38,NULL,1,'hasFormat','Has Format','A related resource that is substantially the same as the pre-existing described resource, but in another format.'),(39,NULL,1,'conformsTo','Conforms To','An established standard to which the described resource conforms.'),(40,NULL,1,'spatial','Spatial Coverage','Spatial characteristics of the resource.'),(41,NULL,1,'temporal','Temporal Coverage','Temporal characteristics of the resource.'),(42,NULL,1,'mediator','Mediator','An entity that mediates access to the resource and for whom the resource is intended or useful.'),(43,NULL,1,'dateAccepted','Date Accepted','Date of acceptance of the resource.'),(44,NULL,1,'dateCopyrighted','Date Copyrighted','Date of copyright.'),(45,NULL,1,'dateSubmitted','Date Submitted','Date of submission of the resource.'),(46,NULL,1,'educationLevel','Audience Education Level','A class of entity, defined in terms of progression through an educational or training context, for which the described resource is intended.'),(47,NULL,1,'accessRights','Access Rights','Information about who can access the resource or an indication of its security status.'),(48,NULL,1,'bibliographicCitation','Bibliographic Citation','A bibliographic reference for the resource.'),(49,NULL,1,'license','License','A legal document giving official permission to do something with the resource.'),(50,NULL,1,'rightsHolder','Rights Holder','A person or organization owning or managing rights over the resource.'),(51,NULL,1,'provenance','Provenance','A statement of any changes in ownership and custody of the resource since its creation that are significant for its authenticity, integrity, and interpretation.'),(52,NULL,1,'instructionalMethod','Instructional Method','A process, used to engender knowledge, attitudes and skills, that the described resource is designed to support.'),(53,NULL,1,'accrualMethod','Accrual Method','The method by which items are added to a collection.'),(54,NULL,1,'accrualPeriodicity','Accrual Periodicity','The frequency with which items are added to a collection.'),(55,NULL,1,'accrualPolicy','Accrual Policy','The policy governing the addition of items to a collection.'),(56,NULL,3,'affirmedBy','affirmedBy','A legal decision that affirms a ruling.'),(57,NULL,3,'annotates','annotates','Critical or explanatory note for a Document.'),(58,NULL,3,'authorList','list of authors','An ordered list of authors. Normally, this list is seen as a priority list that order authors by importance.'),(59,NULL,3,'citedBy','cited by','Relates a document to another document that cites the\nfirst document.'),(60,NULL,3,'cites','cites','Relates a document to another document that is cited\nby the first document as reference, comment, review, quotation or for\nanother purpose.'),(61,NULL,3,'contributorList','list of contributors','An ordered list of contributors. Normally, this list is seen as a priority list that order contributors by importance.'),(62,NULL,3,'court','court','A court associated with a legal document; for example, that which issues a decision.'),(63,NULL,3,'degree','degree','The thesis degree.'),(64,NULL,3,'director','director','A Film director.'),(65,NULL,3,'distributor','distributor','Distributor of a document or a collection of documents.'),(66,NULL,3,'editor','editor','A person having managerial and sometimes policy-making responsibility for the editorial part of a publishing firm or of a newspaper, magazine, or other publication.'),(67,NULL,3,'editorList','list of editors','An ordered list of editors. Normally, this list is seen as a priority list that order editors by importance.'),(68,NULL,3,'interviewee','interviewee','An agent that is interviewed by another agent.'),(69,NULL,3,'interviewer','interviewer','An agent that interview another agent.'),(70,NULL,3,'issuer','issuer','An entity responsible for issuing often informally published documents such as press releases, reports, etc.'),(71,NULL,3,'organizer','organizer','The organizer of an event; includes conference organizers, but also government agencies or other bodies that are responsible for conducting hearings.'),(72,NULL,3,'owner','owner','Owner of a document or a collection of documents.'),(73,NULL,3,'performer','performer',NULL),(74,NULL,3,'presentedAt','presented at','Relates a document to an event; for example, a paper to a conference.'),(75,NULL,3,'presents','presents','Relates an event to associated documents; for example, conference to a paper.'),(76,NULL,3,'producer','producer','Producer of a document or a collection of documents.'),(77,NULL,3,'recipient','recipient','An agent that receives a communication document.'),(78,NULL,3,'reproducedIn','reproducedIn','The resource in which another resource is reproduced.'),(79,NULL,3,'reversedBy','reversedBy','A legal decision that reverses a ruling.'),(80,NULL,3,'reviewOf','review of','Relates a review document to a reviewed thing (resource, item, etc.).'),(81,NULL,3,'status','status','The publication status of (typically academic) content.'),(82,NULL,3,'subsequentLegalDecision','subsequentLegalDecision','A legal decision on appeal that takes action on a case (affirming it, reversing it, etc.).'),(83,NULL,3,'transcriptOf','transcript of','Relates a document to some transcribed original.'),(84,NULL,3,'translationOf','translation of','Relates a translated document to the original document.'),(85,NULL,3,'translator','translator','A person who translates written document from one language to another.'),(86,NULL,3,'abstract','abstract','A summary of the resource.'),(87,NULL,3,'argued','date argued','The date on which a legal case is argued before a court. Date is of format xsd:date'),(88,NULL,3,'asin','asin',NULL),(89,NULL,3,'chapter','chapter','An chapter number'),(90,NULL,3,'coden','coden',NULL),(91,NULL,3,'content','content','This property is for a plain-text rendering of the content of a Document. While the plain-text content of an entire document could be described by this property.'),(92,NULL,3,'doi','doi',NULL),(93,NULL,3,'eanucc13','eanucc13',NULL),(94,NULL,3,'edition','edition','The name defining a special edition of a document. Normally its a literal value composed of a version number and words.'),(95,NULL,3,'eissn','eissn',NULL),(96,NULL,3,'gtin14','gtin14',NULL),(97,NULL,3,'handle','handle',NULL),(98,NULL,3,'identifier','identifier',NULL),(99,NULL,3,'isbn','isbn',NULL),(100,NULL,3,'isbn10','isbn10',NULL),(101,NULL,3,'isbn13','isbn13',NULL),(102,NULL,3,'issn','issn',NULL),(103,NULL,3,'issue','issue','An issue number'),(104,NULL,3,'lccn','lccn',NULL),(105,NULL,3,'locator','locator','A description (often numeric) that locates an item within a containing document or collection.'),(106,NULL,3,'numPages','number of pages','The number of pages contained in a document'),(107,NULL,3,'numVolumes','number of volumes','The number of volumes contained in a collection of documents (usually a series, periodical, etc.).'),(108,NULL,3,'number','number','A generic item or document number. Not to be confused with issue number.'),(109,NULL,3,'oclcnum','oclcnum',NULL),(110,NULL,3,'pageEnd','page end','Ending page number within a continuous page range.'),(111,NULL,3,'pageStart','page start','Starting page number within a continuous page range.'),(112,NULL,3,'pages','pages','A string of non-contiguous page spans that locate a Document within a Collection. Example: 23-25, 34, 54-56. For continuous page ranges, use the pageStart and pageEnd properties.'),(113,NULL,3,'pmid','pmid',NULL),(114,NULL,3,'prefixName','prefix name','The prefix of a name'),(115,NULL,3,'section','section','A section number'),(116,NULL,3,'shortDescription','shortDescription',NULL),(117,NULL,3,'shortTitle','short title','The abbreviation of a title.'),(118,NULL,3,'sici','sici',NULL),(119,NULL,3,'suffixName','suffix name','The suffix of a name'),(120,NULL,3,'upc','upc',NULL),(121,NULL,3,'uri','uri','Universal Resource Identifier of a document'),(122,NULL,3,'volume','volume','A volume number'),(123,NULL,4,'mbox','personal mailbox','A  personal mailbox, ie. an Internet mailbox associated with exactly one owner, the first owner of this mailbox. This is a \'static inverse functional property\', in that  there is (across time and change) at most one individual that ever has any particular value for foaf:mbox.'),(124,NULL,4,'mbox_sha1sum','sha1sum of a personal mailbox URI name','The sha1sum of the URI of an Internet mailbox associated with exactly one owner, the  first owner of the mailbox.'),(125,NULL,4,'gender','gender','The gender of this Agent (typically but not necessarily \'male\' or \'female\').'),(126,NULL,4,'geekcode','geekcode','A textual geekcode for this person, see http://www.geekcode.com/geek.html'),(127,NULL,4,'dnaChecksum','DNA checksum','A checksum for the DNA of some thing. Joke.'),(128,NULL,4,'sha1','sha1sum (hex)','A sha1sum hash, in hex.'),(129,NULL,4,'based_near','based near','A location that something is based near, for some broadly human notion of near.'),(130,NULL,4,'title','title','Title (Mr, Mrs, Ms, Dr. etc)'),(131,NULL,4,'nick','nickname','A short informal nickname characterising an agent (includes login identifiers, IRC and other chat nicknames).'),(132,NULL,4,'jabberID','jabber ID','A jabber ID for something.'),(133,NULL,4,'aimChatID','AIM chat ID','An AIM chat ID'),(134,NULL,4,'skypeID','Skype ID','A Skype ID'),(135,NULL,4,'icqChatID','ICQ chat ID','An ICQ chat ID'),(136,NULL,4,'yahooChatID','Yahoo chat ID','A Yahoo chat ID'),(137,NULL,4,'msnChatID','MSN chat ID','An MSN chat ID'),(138,NULL,4,'name','name','A name for some thing.'),(139,NULL,4,'firstName','firstName','The first name of a person.'),(140,NULL,4,'lastName','lastName','The last name of a person.'),(141,NULL,4,'givenName','Given name','The given name of some person.'),(142,NULL,4,'givenname','Given name','The given name of some person.'),(143,NULL,4,'surname','Surname','The surname of some person.'),(144,NULL,4,'family_name','family_name','The family name of some person.'),(145,NULL,4,'familyName','familyName','The family name of some person.'),(146,NULL,4,'phone','phone','A phone,  specified using fully qualified tel: URI scheme (refs: http://www.w3.org/Addressing/schemes.html#tel).'),(147,NULL,4,'homepage','homepage','A homepage for some thing.'),(148,NULL,4,'weblog','weblog','A weblog of some thing (whether person, group, company etc.).'),(149,NULL,4,'openid','openid','An OpenID for an Agent.'),(150,NULL,4,'tipjar','tipjar','A tipjar document for this agent, describing means for payment and reward.'),(151,NULL,4,'plan','plan','A .plan comment, in the tradition of finger and \'.plan\' files.'),(152,NULL,4,'made','made','Something that was made by this agent.'),(153,NULL,4,'maker','maker','An agent that  made this thing.'),(154,NULL,4,'img','image','An image that can be used to represent some thing (ie. those depictions which are particularly representative of something, eg. one\'s photo on a homepage).'),(155,NULL,4,'depiction','depiction','A depiction of some thing.'),(156,NULL,4,'depicts','depicts','A thing depicted in this representation.'),(157,NULL,4,'thumbnail','thumbnail','A derived thumbnail image.'),(158,NULL,4,'myersBriggs','myersBriggs','A Myers Briggs (MBTI) personality classification.'),(159,NULL,4,'workplaceHomepage','workplace homepage','A workplace homepage of some person; the homepage of an organization they work for.'),(160,NULL,4,'workInfoHomepage','work info homepage','A work info homepage of some person; a page about their work for some organization.'),(161,NULL,4,'schoolHomepage','schoolHomepage','A homepage of a school attended by the person.'),(162,NULL,4,'knows','knows','A person known by this person (indicating some level of reciprocated interaction between the parties).'),(163,NULL,4,'interest','interest','A page about a topic of interest to this person.'),(164,NULL,4,'topic_interest','topic_interest','A thing of interest to this person.'),(165,NULL,4,'publications','publications','A link to the publications of this person.'),(166,NULL,4,'currentProject','current project','A current project this person works on.'),(167,NULL,4,'pastProject','past project','A project this person has previously worked on.'),(168,NULL,4,'fundedBy','funded by','An organization funding a project or person.'),(169,NULL,4,'logo','logo','A logo representing some thing.'),(170,NULL,4,'topic','topic','A topic of some page or document.'),(171,NULL,4,'primaryTopic','primary topic','The primary topic of some page or document.'),(172,NULL,4,'focus','focus','The underlying or \'focal\' entity associated with some SKOS-described concept.'),(173,NULL,4,'isPrimaryTopicOf','is primary topic of','A document that this thing is the primary topic of.'),(174,NULL,4,'page','page','A page or document about this thing.'),(175,NULL,4,'theme','theme','A theme.'),(176,NULL,4,'account','account','Indicates an account held by this agent.'),(177,NULL,4,'holdsAccount','account','Indicates an account held by this agent.'),(178,NULL,4,'accountServiceHomepage','account service homepage','Indicates a homepage of the service provide for this online account.'),(179,NULL,4,'accountName','account name','Indicates the name (identifier) associated with this online account.'),(180,NULL,4,'member','member','Indicates a member of a Group'),(181,NULL,4,'membershipClass','membershipClass','Indicates the class of individuals that are a member of a Group'),(182,NULL,4,'birthday','birthday','The birthday of this Agent, represented in mm-dd string form, eg. \'12-31\'.'),(183,NULL,4,'age','age','The age in years of some agent.'),(184,NULL,4,'status','status','A string expressing what the user is happy for the general public (normally) to know about their current activity.'),(185,1,5,'about','主題','リソースの内容において主題もしくは主な対象とされるリソース'),(186,1,5,'adaptation','翻案',NULL),(187,1,5,'agent','エージェント',NULL),(188,1,5,'artist','アーティスト','リソースの視覚的表象の作成者。'),(189,1,5,'award','受賞',NULL),(190,1,5,'character','キャラクター',NULL),(191,1,5,'coDesigner','サブデザイナー',NULL),(192,1,5,'contentLocation','設定（場所）',NULL),(193,1,5,'contentTimeSpan','設定（時期）',NULL),(194,1,5,'contribution','貢献',NULL),(195,1,5,'creator','作成者',NULL),(196,1,5,'designer','デザイナー','設計者'),(197,1,5,'director','ディレクター','作成責任者'),(198,1,5,'distributor','頒布者','公開者と別にリソースを特定の地域などある範囲で頒布する権利を有する行為主体'),(199,1,5,'donor','寄贈者',NULL),(200,1,5,'editor','エディター','リソースの編集責任者'),(201,1,5,'embodiment','具体化するインスタンス',NULL),(202,1,5,'embodimentOf','具体化される作品',NULL),(203,1,5,'exemplar','例示体である個別資料',NULL),(204,1,5,'exemplarOf','例示するインスタンス',NULL),(205,1,5,'exhibitedTo','展示',NULL),(206,1,5,'expantionOf','拡張',NULL),(207,1,5,'franchise','フランチャイズ',NULL),(208,1,5,'gameType','ゲームタイプ','ゲームであるリソースの形式的側面における種別の指定（e.g. ボードゲーム, テーブルトークRPG, カードゲーム）'),(210,1,5,'graphicDesigner','グラフィックデザイナー',NULL),(211,1,5,'hasPart','部分',NULL),(212,1,5,'hasWorkVariation','実現される作品バリエーション',NULL),(213,1,5,'holdingAgent','保管者',NULL),(214,1,5,'illustrator','イラストレーター',NULL),(215,1,5,'isPartOf','全体',NULL),(216,1,5,'isWorkVariationOf','実現する作品',NULL),(217,1,5,'locationCreated','作成地',NULL),(218,1,5,'mainDesigner','メインデザイナー','複数のデザイナーのうち主要な設計者。デザイナーのサブプロパティ。'),(219,1,5,'material','素材','リソースを物理的に構成する素材'),(220,1,5,'mechanic','メカニック','複数の人々により共有されるゲーム世界と相互作用するためのコンセプト'),(221,1,5,'motif','モチーフ',NULL),(222,1,5,'narrativeGenre','物語ジャンル','物語やフィクションの側面の分類'),(223,1,5,'producer','プロデューサー',NULL),(224,1,5,'publisher','発行者','リソースの公開に責任と権利を有する行為主体'),(225,1,5,'remadeAs','リメイク',NULL),(226,1,5,'requires','要件',NULL),(227,1,5,'role','役割',NULL),(228,1,5,'sculptor','彫刻師','リソースの立体造形物の作成者。アーティストのサブプロパティ。'),(229,1,5,'series','シリーズ',NULL),(230,1,5,'supervisor','監修','作成の監督者'),(231,1,5,'testPlayer','テストプレイヤー','リソースをテストプレイした行為主体'),(232,1,5,'translator','翻訳者','リソースを他言語への適用した行為主体'),(233,1,5,'abstract','要約','リソースの内容の要約。'),(234,1,5,'alternateName','別タイトル','「タイトル」として記録されたもの以外のリソースのタイトルや名前。言語タグを付与した記録を推奨する。'),(235,1,5,'audience','対象者','リソースが想定する利用者、とりわけ年齢の区分や年齢レーティング'),(236,1,5,'barcode','バーコード','商品識別コード（e.g. JANコード）などの光学的な機械可読の識別子'),(237,1,5,'bgg','ボードゲームギーク','ボドーゲームギークにおいてリソースを示すURI'),(238,1,5,'bodoge','ボドゲーマ','ボドゲーマにおいてリソースを示すURI'),(239,1,5,'component','コンポーネント','リソースを構成する内容物とその数量（e.g. オバケコマ△16個）'),(240,1,5,'contactPoint','コンタクト情報','責任を持つ行為主体への連絡に関わる電話番号やeメールアドレス'),(241,1,5,'copyrightYear','著作権年','著作権に関連する日付。とりわけ著作権表示の年。著作権表示から取得する場合、著作権記号と合わせて記録する（e.g. ©2001）。'),(242,1,5,'dateCreated','作成日','リソースが作成された日付。'),(243,1,5,'dateModified','修正日','リソースが修正された日付。'),(244,1,5,'datePublished','公開日','リソースが公開された日付。ISO8601形式で記録する（e.g. YYYY or YYYY-MM or YYYY-MM-DD）。'),(245,1,5,'description','説明','リソースに関する説明'),(246,1,5,'dimension','大きさ','リソースの大きさの測定値（e.g. 29.5△*△29.5△*△ 7△cm ）'),(247,1,5,'doi','doi',NULL),(248,1,5,'extent','数量','リソースの数量。'),(249,1,5,'format','形式','リソースのメディア種別やファイル形式（e.g. CD-ROM, 冊子）'),(250,1,5,'gtin','gtin',NULL),(251,1,5,'identifier','識別子','特定の文脈での曖昧さの無い参照に用いる名前や文字列'),(252,1,5,'image','画像','リソースを示す画像'),(253,1,5,'isbn','isbn','リソースのISBN（国際標準図書番号）'),(254,1,5,'issn','issn',NULL),(255,1,5,'issueNumber','号次',NULL),(256,1,5,'itemCondition','状態','個別資料であるリソースの特有の状態。カバー無し、コンポーネントの欠如など。'),(257,1,5,'label','ラベル','人間可読ラベル。'),(258,1,5,'language','言語','リソースの内容の表現に用いられる言語。'),(259,1,5,'manualFormat','マニュアル形式','マニュアルのメディア形式。'),(260,1,5,'manualName','マニュアルタイトル','Manual Name'),(261,1,5,'manualUrl','マニュアルURL','オンラインリソースであるマニュアルのURL'),(262,1,5,'modelNumber','型番','出版者や頒布者により体系付けられる製品やそのバージョンを示す識別子'),(263,1,5,'name','タイトル','リソースの主要なタイトルや名称。言語タグごとに最大一つのデータを記録可能とする。また、言語タグを付与した記録を推奨する。'),(264,1,5,'numberOfPlayers','プレイヤ数','ルールにより規定されるプレイヤーの人数の指定。整数およびその範囲を記録する（e.g. 2-10, 4）。'),(265,1,5,'playTime','プレイ時間','プレイを開始しそれが終了するまでに必要とされる時間の平均や目安（e.g. 15△min）'),(266,1,5,'price','価格','リソースの小売価格'),(267,1,5,'provenance','由来','リソースの真正性や解釈にとって必要となる所有の変遷の記述'),(268,1,5,'responsibilityStatement','責任表示','リソースの責任に関わる表示。「役割:△氏名」の形式で記録する。'),(269,1,5,'roleName','役割名',NULL),(270,1,5,'seeAlso','をも見よ','リソースに関連性の高いリソースのURL'),(271,1,5,'seriesStatement','シリーズ表示','リソースが所属するシリーズの表示（特に販売レーベルなど、作品が所属する例えばカタンなどのゲームシリーズはインスタンスでは記録しない）'),(272,1,5,'shelfNumber','書架番号','リソースの保管場所の指定'),(273,1,5,'source','情報源','メタデータの取得元となる情報源'),(274,1,5,'subtitle','サブタイトル','全体の作品としてのタイトルと別にその一部である本リソースを指定するタイトル'),(275,1,5,'systemRequirement','システム要件','リソースのアクセスに関わるシステム要件や必要とされる装置'),(276,1,5,'tableOfContents','目次','リソースの内容を構成するサブユニットのリスト'),(277,1,5,'thumb','サムネイル','リソースを示すサムネイル画像'),(278,1,5,'url','url','URL'),(279,1,5,'version','バージョン','タイトルで示される類似するリソース（異版）と識別するための版や編の表示（e.g. 豪華版, 普及版）'),(280,1,5,'volume','部編','あるタイトルや作品の一部であることを示す部編や巻号の表示（e.g. 第10巻、下巻）'),(281,1,5,'volumeNumber','巻次',NULL),(282,1,5,'weight','重さ','リソースの重さ'),(283,1,5,'wikidata','wikidata','当該リソースの作品であるwikidataのリソース'),(284,1,6,'birthDate','birthDate','Date of birth.'),(285,1,6,'birthPlace','birthPlace','The place where the person was born.'),(286,1,6,'deathDate','deathDate','Date of death.'),(287,1,6,'deathPlace','deathPlace','The place where the person died.'),(288,1,6,'startDate','startDate','The start date and time of the item (in [ISO 8601 date format](http://en.wikipedia.org/wiki/ISO_8601)).'),(289,1,6,'endDate','endDate','The end date and time of the item (in [ISO 8601 date format](http://en.wikipedia.org/wiki/ISO_8601)).'),(290,NULL,6,'address','address','Physical address of the item.'),(291,1,5,'manualExtent','マニュアル数量','マニュアルのメディアの数量（e.g. 12ページ, 1枚）'),(292,1,5,'freeword','フリーワード','リソースの内容を示すキーワードやタグ。他のプロパティで記録されない情報を記録することに用いることを推奨する。カタロガーの主観で記録することが許容される。'),(293,1,5,'adminNote','管理注記','資料管理上必要な注記。非公開項目。'),(294,1,5,'available','登録日',NULL);
/*!40000 ALTER TABLE `property` ENABLE KEYS */;
UNLOCK TABLES;

--
-- Table structure for table `resource`
--

DROP TABLE IF EXISTS `resource`;
/*!40101 SET @saved_cs_client     = @@character_set_client */;
/*!40101 SET character_set_client = utf8 */;
CREATE TABLE `resource` (
  `id` int(11) NOT NULL AUTO_INCREMENT,
  `owner_id` int(11) DEFAULT NULL,
  `resource_class_id` int(11) DEFAULT NULL,
  `resource_template_id` int(11) DEFAULT NULL,
  `thumbnail_id` int(11) DEFAULT NULL,
  `title` longtext COLLATE utf8mb4_unicode_ci DEFAULT NULL,
  `is_public` tinyint(1) NOT NULL,
  `created` datetime NOT NULL,
  `modified` datetime DEFAULT NULL,
  `resource_type` varchar(255) COLLATE utf8mb4_unicode_ci NOT NULL,
  PRIMARY KEY (`id`),
  KEY `IDX_BC91F4167E3C61F9` (`owner_id`),
  KEY `IDX_BC91F416448CC1BD` (`resource_class_id`),
  KEY `IDX_BC91F41616131EA` (`resource_template_id`),
  KEY `IDX_BC91F416FDFF2E92` (`thumbnail_id`),
  CONSTRAINT `FK_BC91F41616131EA` FOREIGN KEY (`resource_template_id`) REFERENCES `resource_template` (`id`) ON DELETE SET NULL,
  CONSTRAINT `FK_BC91F416448CC1BD` FOREIGN KEY (`resource_class_id`) REFERENCES `resource_class` (`id`) ON DELETE SET NULL,
  CONSTRAINT `FK_BC91F4167E3C61F9` FOREIGN KEY (`owner_id`) REFERENCES `user` (`id`) ON DELETE SET NULL,
  CONSTRAINT `FK_BC91F416FDFF2E92` FOREIGN KEY (`thumbnail_id`) REFERENCES `asset` (`id`) ON DELETE SET NULL
) ENGINE=InnoDB AUTO_INCREMENT=338 DEFAULT CHARSET=utf8mb4 COLLATE=utf8mb4_unicode_ci;
/*!40101 SET character_set_client = @saved_cs_client */;

--
-- Dumping data for table `resource`
--

LOCK TABLES `resource` WRITE;
/*!40000 ALTER TABLE `resource` DISABLE KEYS */;
INSERT INTO `resource` VALUES (85,1,136,8,NULL,'大創出版',1,'2021-10-09 13:31:40','2021-10-15 14:19:49','Omeka\\Entity\\Item'),(86,1,108,2,NULL,'歴史人物かるた',1,'2021-10-09 13:37:33','2021-10-15 14:18:18','Omeka\\Entity\\Item'),(87,1,NULL,NULL,NULL,'インスタンス',1,'2021-10-10 17:36:26','2021-10-10 17:36:26','Omeka\\Entity\\ItemSet'),(88,1,NULL,NULL,NULL,'エージェント',1,'2021-10-10 17:36:55','2021-10-10 17:36:55','Omeka\\Entity\\ItemSet'),(189,1,136,8,NULL,'MATAGOT',1,'2021-10-15 12:38:32','2021-10-15 12:38:32','Omeka\\Entity\\Item'),(190,1,136,8,NULL,'GIFT10 INDUSTRY',1,'2021-10-15 12:38:32','2021-10-15 12:38:32','Omeka\\Entity\\Item'),(191,1,136,8,NULL,'DAISO',1,'2021-10-15 12:38:32','2021-10-15 12:38:32','Omeka\\Entity\\Item'),(192,1,136,8,NULL,'ホビージャパン',1,'2021-10-15 12:38:32','2021-10-16 13:11:39','Omeka\\Entity\\Item'),(193,1,136,8,NULL,'ディライト・ワークス株式会社',1,'2021-10-15 12:38:32','2021-10-15 12:38:32','Omeka\\Entity\\Item'),(194,1,136,8,NULL,'新紀元社',1,'2021-10-15 12:38:32','2021-10-15 12:38:32','Omeka\\Entity\\Item'),(195,1,136,8,NULL,'ソニー・マガジンズ',1,'2021-10-15 12:38:32','2021-10-15 12:38:32','Omeka\\Entity\\Item'),(196,1,136,8,NULL,'社会思想社',1,'2021-10-15 12:38:32','2021-10-15 12:38:32','Omeka\\Entity\\Item'),(197,1,136,8,NULL,'グループSNE',1,'2021-10-15 12:38:32','2021-10-16 13:09:28','Omeka\\Entity\\Item'),(198,1,136,8,NULL,'McLeod Warner',1,'2021-10-15 12:38:32','2021-10-15 12:38:32','Omeka\\Entity\\Item'),(199,1,136,8,NULL,'Asia Goal',1,'2021-10-15 12:38:32','2021-10-15 12:38:32','Omeka\\Entity\\Item'),(200,1,136,8,NULL,'ラベンスバーガー',1,'2021-10-15 12:38:32','2021-10-15 12:38:32','Omeka\\Entity\\Item'),(201,1,136,8,NULL,'ハズブロ',1,'2021-10-15 12:38:32','2021-10-15 12:38:32','Omeka\\Entity\\Item'),(202,1,136,8,NULL,'AMIGO Spiel',1,'2021-10-15 12:38:32','2021-10-15 12:38:32','Omeka\\Entity\\Item'),(203,1,136,8,NULL,'Goldsieber Spiele',1,'2021-10-15 12:38:32','2021-10-15 12:38:32','Omeka\\Entity\\Item'),(204,1,136,8,NULL,'アバロンヒル',1,'2021-10-15 12:38:32','2021-10-15 12:38:32','Omeka\\Entity\\Item'),(205,1,136,8,NULL,'スモール出版',1,'2021-10-15 12:38:32','2021-10-15 12:38:32','Omeka\\Entity\\Item'),(206,1,136,8,NULL,'すごろくや',1,'2021-10-15 12:38:32','2021-10-15 12:38:32','Omeka\\Entity\\Item'),(207,1,136,8,NULL,'Asmadi Games',1,'2021-10-15 12:38:32','2021-10-15 12:38:32','Omeka\\Entity\\Item'),(208,1,136,8,NULL,'cosaic',1,'2021-10-15 12:38:32','2021-10-16 13:06:28','Omeka\\Entity\\Item'),(209,1,136,8,NULL,'エニックス',1,'2021-10-15 12:38:32','2021-10-16 13:04:17','Omeka\\Entity\\Item'),(210,1,136,8,NULL,'Wizards of the Coast',1,'2021-10-15 12:38:32','2021-10-16 13:03:55','Omeka\\Entity\\Item'),(211,1,136,8,NULL,'アナログゲームミュージアム',1,'2021-10-15 12:38:32','2021-10-15 12:38:32','Omeka\\Entity\\Item'),(212,1,136,8,NULL,'ニューゲームズオーダー',1,'2021-10-15 12:38:32','2021-10-16 13:01:29','Omeka\\Entity\\Item'),(213,1,136,8,NULL,'メビウスゲームス',1,'2021-10-15 12:38:32','2021-10-16 12:58:33','Omeka\\Entity\\Item'),(289,1,139,6,NULL,'François Rouzé',1,'2021-10-15 14:32:39','2021-10-15 14:32:39','Omeka\\Entity\\Item'),(290,1,139,6,NULL,'斎籐純',1,'2021-10-15 14:32:39','2021-10-15 14:32:39','Omeka\\Entity\\Item'),(291,1,139,6,NULL,'鈴木正一',1,'2021-10-15 14:32:39','2021-10-15 14:32:39','Omeka\\Entity\\Item'),(292,1,139,6,NULL,'ジェームズ・F・ダニガン',1,'2021-10-15 14:32:39','2021-10-15 14:32:39','Omeka\\Entity\\Item'),(293,1,139,6,NULL,'カナイ セイジ',1,'2021-10-15 14:32:39','2021-10-15 14:32:39','Omeka\\Entity\\Item'),(294,1,139,6,NULL,'刈谷圭司',1,'2021-10-15 14:32:39','2021-10-15 14:32:39','Omeka\\Entity\\Item'),(295,1,139,6,NULL,'田嶋安恵',1,'2021-10-15 14:32:39','2021-10-15 14:32:39','Omeka\\Entity\\Item'),(296,1,139,6,NULL,'川人忠明',1,'2021-10-15 14:32:39','2021-10-15 14:32:39','Omeka\\Entity\\Item'),(297,1,139,6,NULL,'友野詳',1,'2021-10-15 14:32:39','2021-10-15 14:32:39','Omeka\\Entity\\Item'),(298,1,139,6,NULL,'松田道弘',1,'2021-10-15 14:32:39','2021-10-15 14:32:39','Omeka\\Entity\\Item'),(299,1,139,6,NULL,'安田均',1,'2021-10-15 14:32:39','2021-10-15 14:32:39','Omeka\\Entity\\Item'),(300,1,139,6,NULL,'ドリス・マテーウス',1,'2021-10-15 14:32:39','2021-10-15 14:32:39','Omeka\\Entity\\Item'),(301,1,139,6,NULL,'ライナー・クニツィア',1,'2021-10-15 14:32:39','2021-10-15 14:32:39','Omeka\\Entity\\Item'),(302,1,139,6,NULL,'シド・サクソン',1,'2021-10-15 14:32:39','2021-10-15 14:32:39','Omeka\\Entity\\Item'),(303,1,139,6,NULL,'オリファー・フロイデンライヒ',1,'2021-10-15 14:32:39','2021-10-15 14:32:39','Omeka\\Entity\\Item'),(304,1,139,6,NULL,'ヴォルフガング・クラマー',1,'2021-10-15 14:32:39','2021-10-15 14:32:39','Omeka\\Entity\\Item'),(305,1,139,6,NULL,'ヴェルナー・ホーデル',1,'2021-10-15 14:32:39','2021-10-15 14:32:39','Omeka\\Entity\\Item'),(306,1,113,9,NULL,'ボードゲームカタログ202',1,'2021-10-15 14:39:36','2021-10-15 14:49:57','Omeka\\Entity\\Item'),(307,1,113,9,NULL,'ゲームを斬る',1,'2021-10-15 14:39:36','2021-10-15 14:45:00','Omeka\\Entity\\Item'),(308,1,113,9,NULL,'小説アクア・ステップ 1 素敵な恋敵 (ライバル)',1,'2021-10-15 14:39:36','2021-10-15 17:57:28','Omeka\\Entity\\Item'),(309,1,113,9,NULL,'ベストゲーム・カタログ',1,'2021-10-15 14:39:36','2021-10-15 14:52:44','Omeka\\Entity\\Item'),(310,1,113,9,NULL,'ドラゴンクエスト 上 甦るロト英雄伝説',1,'2021-10-15 14:39:36','2021-10-15 14:41:07','Omeka\\Entity\\Item'),(311,1,113,9,NULL,'ウォーゲームハンドブック',1,'2021-10-15 14:39:36','2021-10-15 14:42:27','Omeka\\Entity\\Item'),(312,1,113,9,NULL,'ドラゴンクエスト 下 死闘!竜王の島',1,'2021-10-15 14:39:36','2021-10-17 06:53:08','Omeka\\Entity\\Item'),(313,1,NULL,NULL,NULL,'https://cover.openbd.jp/9784905158530.jpg',1,'2021-10-15 14:49:57','2021-10-15 14:49:57','Omeka\\Entity\\Media'),(314,1,136,8,NULL,'翔泳社',1,'2021-10-15 14:58:19','2021-10-15 15:00:05','Omeka\\Entity\\Item'),(315,1,113,9,NULL,'ゲームメカニクス大全 ボードゲームに学ぶ「おもしろさ」の仕掛け',1,'2021-10-15 14:59:36','2021-10-15 15:30:49','Omeka\\Entity\\Item'),(316,1,139,6,NULL,'Geoffrey Engelstein',1,'2021-10-15 14:59:49','2021-10-15 14:59:49','Omeka\\Entity\\Item'),(317,1,139,6,NULL,'Isaac Shalev',1,'2021-10-15 15:01:29','2021-10-15 15:01:29','Omeka\\Entity\\Item'),(318,1,NULL,NULL,NULL,'https://cover.openbd.jp/9784798164731.jpg',1,'2021-10-15 15:07:59','2021-10-15 15:07:59','Omeka\\Entity\\Media'),(319,1,108,2,NULL,'The Last Brave',1,'2021-10-15 15:32:59','2021-10-15 15:32:59','Omeka\\Entity\\Item'),(320,1,108,2,NULL,'テストプレイなんてしてないよ',1,'2021-10-15 15:32:59','2021-10-15 17:28:42','Omeka\\Entity\\Item'),(321,1,108,2,NULL,'テストプレイなんてしてないよ ゾンビとバナナ',1,'2021-10-15 15:32:59','2021-10-15 17:26:55','Omeka\\Entity\\Item'),(322,1,108,2,NULL,'枯山水',1,'2021-10-15 15:32:59','2021-10-16 15:01:52','Omeka\\Entity\\Item'),(323,1,108,2,NULL,'ROOM-25',1,'2021-10-15 15:32:59','2021-10-15 16:00:01','Omeka\\Entity\\Item'),(324,1,108,2,NULL,'ガイスター',1,'2021-10-15 15:32:59','2021-10-17 07:17:40','Omeka\\Entity\\Item'),(325,1,108,2,NULL,'DUNGEONS & DRAGONS STARTER SET',1,'2021-10-15 15:32:59','2021-10-15 15:37:49','Omeka\\Entity\\Item'),(326,1,108,2,NULL,'怪盗ルパニャンの予告状',1,'2021-10-15 15:32:59','2021-10-17 07:03:49','Omeka\\Entity\\Item'),(327,1,108,2,NULL,'アラビアの壺',1,'2021-10-15 15:32:59','2021-10-15 15:56:07','Omeka\\Entity\\Item'),(328,1,108,2,NULL,'クッキングカード',1,'2021-10-15 15:32:59','2021-10-15 15:55:20','Omeka\\Entity\\Item'),(329,1,108,2,NULL,'ミッドナイトパーティ',1,'2021-10-15 15:32:59','2021-10-16 01:51:47','Omeka\\Entity\\Item'),(330,1,108,2,NULL,'ハリウッド',1,'2021-10-15 15:32:59','2021-10-15 15:53:03','Omeka\\Entity\\Item'),(331,1,108,2,NULL,'アクワイア',1,'2021-10-15 15:32:59','2021-10-16 01:52:17','Omeka\\Entity\\Item'),(332,1,108,2,NULL,'Tanz der Hornochsen!',1,'2021-10-15 15:32:59','2021-10-18 15:22:39','Omeka\\Entity\\Item'),(333,1,108,2,NULL,'ミシシッピ・クイーン',1,'2021-10-15 15:32:59','2021-10-15 17:01:54','Omeka\\Entity\\Item'),(334,1,139,6,NULL,'Chris Cieslik',1,'2021-10-15 17:14:41','2021-10-17 06:59:16','Omeka\\Entity\\Item'),(335,1,139,6,NULL,'山田空太',1,'2021-10-15 17:48:34','2021-10-15 17:48:34','Omeka\\Entity\\Item');
/*!40000 ALTER TABLE `resource` ENABLE KEYS */;
UNLOCK TABLES;

--
-- Table structure for table `resource_class`
--

DROP TABLE IF EXISTS `resource_class`;
/*!40101 SET @saved_cs_client     = @@character_set_client */;
/*!40101 SET character_set_client = utf8 */;
CREATE TABLE `resource_class` (
  `id` int(11) NOT NULL AUTO_INCREMENT,
  `owner_id` int(11) DEFAULT NULL,
  `vocabulary_id` int(11) NOT NULL,
  `local_name` varchar(190) CHARACTER SET utf8mb4 COLLATE utf8mb4_bin NOT NULL,
  `label` varchar(255) COLLATE utf8mb4_unicode_ci NOT NULL,
  `comment` longtext COLLATE utf8mb4_unicode_ci DEFAULT NULL,
  PRIMARY KEY (`id`),
  UNIQUE KEY `UNIQ_C6F063ADAD0E05F6623C14D5` (`vocabulary_id`,`local_name`),
  KEY `IDX_C6F063AD7E3C61F9` (`owner_id`),
  KEY `IDX_C6F063ADAD0E05F6` (`vocabulary_id`),
  CONSTRAINT `FK_C6F063AD7E3C61F9` FOREIGN KEY (`owner_id`) REFERENCES `user` (`id`) ON DELETE SET NULL,
  CONSTRAINT `FK_C6F063ADAD0E05F6` FOREIGN KEY (`vocabulary_id`) REFERENCES `vocabulary` (`id`)
) ENGINE=InnoDB AUTO_INCREMENT=150 DEFAULT CHARSET=utf8mb4 COLLATE=utf8mb4_unicode_ci;
/*!40101 SET character_set_client = @saved_cs_client */;

--
-- Dumping data for table `resource_class`
--

LOCK TABLES `resource_class` WRITE;
/*!40000 ALTER TABLE `resource_class` DISABLE KEYS */;
INSERT INTO `resource_class` VALUES (1,NULL,1,'Agent','Agent','A resource that acts or has the power to act.'),(2,NULL,1,'AgentClass','Agent Class','A group of agents.'),(3,NULL,1,'BibliographicResource','Bibliographic Resource','A book, article, or other documentary resource.'),(4,NULL,1,'FileFormat','File Format','A digital resource format.'),(5,NULL,1,'Frequency','Frequency','A rate at which something recurs.'),(6,NULL,1,'Jurisdiction','Jurisdiction','The extent or range of judicial, law enforcement, or other authority.'),(7,NULL,1,'LicenseDocument','License Document','A legal document giving official permission to do something with a Resource.'),(8,NULL,1,'LinguisticSystem','Linguistic System','A system of signs, symbols, sounds, gestures, or rules used in communication.'),(9,NULL,1,'Location','Location','A spatial region or named place.'),(10,NULL,1,'LocationPeriodOrJurisdiction','Location, Period, or Jurisdiction','A location, period of time, or jurisdiction.'),(11,NULL,1,'MediaType','Media Type','A file format or physical medium.'),(12,NULL,1,'MediaTypeOrExtent','Media Type or Extent','A media type or extent.'),(13,NULL,1,'MethodOfInstruction','Method of Instruction','A process that is used to engender knowledge, attitudes, and skills.'),(14,NULL,1,'MethodOfAccrual','Method of Accrual','A method by which resources are added to a collection.'),(15,NULL,1,'PeriodOfTime','Period of Time','An interval of time that is named or defined by its start and end dates.'),(16,NULL,1,'PhysicalMedium','Physical Medium','A physical material or carrier.'),(17,NULL,1,'PhysicalResource','Physical Resource','A material thing.'),(18,NULL,1,'Policy','Policy','A plan or course of action by an authority, intended to influence and determine decisions, actions, and other matters.'),(19,NULL,1,'ProvenanceStatement','Provenance Statement','A statement of any changes in ownership and custody of a resource since its creation that are significant for its authenticity, integrity, and interpretation.'),(20,NULL,1,'RightsStatement','Rights Statement','A statement about the intellectual property rights (IPR) held in or over a Resource, a legal document giving official permission to do something with a resource, or a statement about access rights.'),(21,NULL,1,'SizeOrDuration','Size or Duration','A dimension or extent, or a time taken to play or execute.'),(22,NULL,1,'Standard','Standard','A basis for comparison; a reference point against which other things can be evaluated.'),(23,NULL,2,'Collection','Collection','An aggregation of resources.'),(24,NULL,2,'Dataset','Dataset','Data encoded in a defined structure.'),(25,NULL,2,'Event','Event','A non-persistent, time-based occurrence.'),(26,NULL,2,'Image','Image','A visual representation other than text.'),(27,NULL,2,'InteractiveResource','Interactive Resource','A resource requiring interaction from the user to be understood, executed, or experienced.'),(28,NULL,2,'Service','Service','A system that provides one or more functions.'),(29,NULL,2,'Software','Software','A computer program in source or compiled form.'),(30,NULL,2,'Sound','Sound','A resource primarily intended to be heard.'),(31,NULL,2,'Text','Text','A resource consisting primarily of words for reading.'),(32,NULL,2,'PhysicalObject','Physical Object','An inanimate, three-dimensional object or substance.'),(33,NULL,2,'StillImage','Still Image','A static visual representation.'),(34,NULL,2,'MovingImage','Moving Image','A series of visual representations imparting an impression of motion when shown in succession.'),(35,NULL,3,'AcademicArticle','Academic Article','A scholarly academic article, typically published in a journal.'),(36,NULL,3,'Article','Article','A written composition in prose, usually nonfiction, on a specific topic, forming an independent part of a book or other publication, as a newspaper or magazine.'),(37,NULL,3,'AudioDocument','audio document','An audio document; aka record.'),(38,NULL,3,'AudioVisualDocument','audio-visual document','An audio-visual document; film, video, and so forth.'),(39,NULL,3,'Bill','Bill','Draft legislation presented for discussion to a legal body.'),(40,NULL,3,'Book','Book','A written or printed work of fiction or nonfiction, usually on sheets of paper fastened or bound together within covers.'),(41,NULL,3,'BookSection','Book Section','A section of a book.'),(42,NULL,3,'Brief','Brief','A written argument submitted to a court.'),(43,NULL,3,'Chapter','Chapter','A chapter of a book.'),(44,NULL,3,'Code','Code','A collection of statutes.'),(45,NULL,3,'CollectedDocument','Collected Document','A document that simultaneously contains other documents.'),(46,NULL,3,'Collection','Collection','A collection of Documents or Collections'),(47,NULL,3,'Conference','Conference','A meeting for consultation or discussion.'),(48,NULL,3,'CourtReporter','Court Reporter','A collection of legal cases.'),(49,NULL,3,'Document','Document','A document (noun) is a bounded physical representation of body of information designed with the capacity (and usually intent) to communicate. A document may manifest symbolic, diagrammatic or sensory-representational information.'),(50,NULL,3,'DocumentPart','document part','a distinct part of a larger document or collected document.'),(51,NULL,3,'DocumentStatus','Document Status','The status of the publication of a document.'),(52,NULL,3,'EditedBook','Edited Book','An edited book.'),(53,NULL,3,'Email','EMail','A written communication addressed to a person or organization and transmitted electronically.'),(54,NULL,3,'Event','Event',NULL),(55,NULL,3,'Excerpt','Excerpt','A passage selected from a larger work.'),(56,NULL,3,'Film','Film','aka movie.'),(57,NULL,3,'Hearing','Hearing','An instance or a session in which testimony and arguments are presented, esp. before an official, as a judge in a lawsuit.'),(58,NULL,3,'Image','Image','A document that presents visual or diagrammatic information.'),(59,NULL,3,'Interview','Interview','A formalized discussion between two or more people.'),(60,NULL,3,'Issue','Issue','something that is printed or published and distributed, esp. a given number of a periodical'),(61,NULL,3,'Journal','Journal','A periodical of scholarly journal Articles.'),(62,NULL,3,'LegalCaseDocument','Legal Case Document','A document accompanying a legal case.'),(63,NULL,3,'LegalDecision','Decision','A document containing an authoritative determination (as a decree or judgment) made after consideration of facts or law.'),(64,NULL,3,'LegalDocument','Legal Document','A legal document; for example, a court decision, a brief, and so forth.'),(65,NULL,3,'Legislation','Legislation','A legal document proposing or enacting a law or a group of laws.'),(66,NULL,3,'Letter','Letter','A written or printed communication addressed to a person or organization and usually transmitted by mail.'),(67,NULL,3,'Magazine','Magazine','A periodical of magazine Articles. A magazine is a publication that is issued periodically, usually bound in a paper cover, and typically contains essays, stories, poems, etc., by many writers, and often photographs and drawings, frequently specializing in a particular subject or area, as hobbies, news, or sports.'),(68,NULL,3,'Manual','Manual','A small reference book, especially one giving instructions.'),(69,NULL,3,'Manuscript','Manuscript','An unpublished Document, which may also be submitted to a publisher for publication.'),(70,NULL,3,'Map','Map','A graphical depiction of geographic features.'),(71,NULL,3,'MultiVolumeBook','Multivolume Book','A loose, thematic, collection of Documents, often Books.'),(72,NULL,3,'Newspaper','Newspaper','A periodical of documents, usually issued daily or weekly, containing current news, editorials, feature articles, and usually advertising.'),(73,NULL,3,'Note','Note','Notes or annotations about a resource.'),(74,NULL,3,'Patent','Patent','A document describing the exclusive right granted by a government to an inventor to manufacture, use, or sell an invention for a certain number of years.'),(75,NULL,3,'Performance','Performance','A public performance.'),(76,NULL,3,'Periodical','Periodical','A group of related documents issued at regular intervals.'),(77,NULL,3,'PersonalCommunication','Personal Communication','A communication between an agent and one or more specific recipients.'),(78,NULL,3,'PersonalCommunicationDocument','Personal Communication Document','A personal communication manifested in some document.'),(79,NULL,3,'Proceedings','Proceedings','A compilation of documents published from an event, such as a conference.'),(80,NULL,3,'Quote','Quote','An excerpted collection of words.'),(81,NULL,3,'ReferenceSource','Reference Source','A document that presents authoritative reference information, such as a dictionary or encylopedia .'),(82,NULL,3,'Report','Report','A document describing an account or statement describing in detail an event, situation, or the like, usually as the result of observation, inquiry, etc..'),(83,NULL,3,'Series','Series','A loose, thematic, collection of Documents, often Books.'),(84,NULL,3,'Slide','Slide','A slide in a slideshow'),(85,NULL,3,'Slideshow','Slideshow','A presentation of a series of slides, usually presented in front of an audience with written text and images.'),(86,NULL,3,'Standard','Standard','A document describing a standard'),(87,NULL,3,'Statute','Statute','A bill enacted into law.'),(88,NULL,3,'Thesis','Thesis','A document created to summarize research findings associated with the completion of an academic degree.'),(89,NULL,3,'ThesisDegree','Thesis degree','The academic degree of a Thesis'),(90,NULL,3,'Webpage','Webpage','A web page is an online document available (at least initially) on the world wide web. A web page is written first and foremost to appear on the web, as distinct from other online resources such as books, manuscripts or audio documents which use the web primarily as a distribution mechanism alongside other more traditional methods such as print.'),(91,NULL,3,'Website','Website','A group of Webpages accessible on the Web.'),(92,NULL,3,'Workshop','Workshop','A seminar, discussion group, or the like, that emphasizes zxchange of ideas and the demonstration and application of techniques, skills, etc.'),(93,NULL,4,'LabelProperty','Label Property','A foaf:LabelProperty is any RDF property with texual values that serve as labels.'),(94,NULL,4,'Person','Person','A person.'),(95,NULL,4,'Document','Document','A document.'),(96,NULL,4,'Organization','Organization','An organization.'),(97,NULL,4,'Group','Group','A class of Agents.'),(98,NULL,4,'Agent','Agent','An agent (eg. person, group, software or physical artifact).'),(99,NULL,4,'Project','Project','A project (a collective endeavour of some kind).'),(100,NULL,4,'Image','Image','An image.'),(101,NULL,4,'PersonalProfileDocument','PersonalProfileDocument','A personal profile RDF document.'),(102,NULL,4,'OnlineAccount','Online Account','An online account.'),(103,NULL,4,'OnlineGamingAccount','Online Gaming Account','An online gaming account.'),(104,NULL,4,'OnlineEcommerceAccount','Online E-commerce Account','An online e-commerce account.'),(105,NULL,4,'OnlineChatAccount','Online Chat Account','An online chat account.'),(106,1,5,'AdminMetadata','管理メタデータ','メタデータをリソースとする管理情報'),(107,1,5,'Agent','行為主体','リソースの頒布や制作に責任を有する個人や団体'),(108,1,5,'TableTopGame','テーブルトップゲーム',NULL),(109,1,5,'AnalogGameType','アナログゲーム種別',NULL),(110,1,5,'Article','記事',NULL),(111,1,5,'AudioMaterial','音声資料',NULL),(112,1,5,'Award','受賞',NULL),(113,1,5,'Book','図書',NULL),(114,1,5,'Card','カード',NULL),(115,1,5,'Character','キャラクター',NULL),(116,1,5,'Collection','コレクション','ある文脈で関連付けられるリソースの集合'),(117,1,5,'Contribution','貢献','創作への貢献。その役割と行為主体を記録する。'),(118,1,5,'ControlledVocabulary','統制語彙','その他のリソースを記述するための用語や概念のリスト。統制語彙。'),(119,1,5,'Event','イベント',NULL),(120,1,5,'FictionalPlace','虚構の場所',NULL),(121,1,5,'FictionalTimespan','虚構の時期',NULL),(122,1,5,'Flyer','フライヤー',NULL),(123,1,5,'Franchise','フランチャイズ',NULL),(124,1,5,'GameComponent','ゲームコンポーネント',NULL),(125,1,5,'GamePlatform','ゲームプラットフォーム',NULL),(126,1,5,'GameType','ゲームタイプ',NULL),(127,1,5,'Instance','インスタンス','作品を個別的かつ物質的もしくは電子的に具体化するリソース'),(128,1,5,'Item','個別資料','パッケージを例示する個別の物品'),(129,1,5,'Journal','ジャーナル',NULL),(130,1,5,'Magazine','雑誌',NULL),(131,1,5,'Material','素材',NULL),(132,1,5,'Mechanic','メカニック',NULL),(133,1,5,'MediaType','メディア種別',NULL),(134,1,5,'Motif','モチーフ',NULL),(135,1,5,'Narrative_Genre','物語ジャンル',NULL),(136,1,5,'Organization','団体','複数の個人が所属し名前を持ち行為の単位である組織などの集合'),(137,1,5,'Pamphlet','パンフレット',NULL),(138,1,5,'Periodical','逐次刊行物',NULL),(139,1,5,'Person','個人','人間'),(140,1,5,'Place','場所',NULL),(141,1,5,'Role','役割',NULL),(142,1,5,'Series','シリーズ',NULL),(143,1,5,'Subject','主題',NULL),(144,1,5,'Timespan','時期',NULL),(145,1,5,'Topic','トピック','その他の実体のリソースを記述するための概念や事物'),(146,1,5,'VideoGame','ビデオゲーム',NULL),(147,1,5,'VisualAudioMaterial','視聴覚資料',NULL),(148,1,5,'Work','作品','目録されるリソースのユーザによって識別可能な創作的な内容を反映したリソース'),(149,1,5,'WorkVariation','作品バリエーション',NULL);
/*!40000 ALTER TABLE `resource_class` ENABLE KEYS */;
UNLOCK TABLES;

--
-- Table structure for table `resource_template`
--

DROP TABLE IF EXISTS `resource_template`;
/*!40101 SET @saved_cs_client     = @@character_set_client */;
/*!40101 SET character_set_client = utf8 */;
CREATE TABLE `resource_template` (
  `id` int(11) NOT NULL AUTO_INCREMENT,
  `owner_id` int(11) DEFAULT NULL,
  `resource_class_id` int(11) DEFAULT NULL,
  `title_property_id` int(11) DEFAULT NULL,
  `description_property_id` int(11) DEFAULT NULL,
  `label` varchar(190) COLLATE utf8mb4_unicode_ci NOT NULL,
  PRIMARY KEY (`id`),
  UNIQUE KEY `UNIQ_39ECD52EEA750E8` (`label`),
  KEY `IDX_39ECD52E7E3C61F9` (`owner_id`),
  KEY `IDX_39ECD52E448CC1BD` (`resource_class_id`),
  KEY `IDX_39ECD52E724734A3` (`title_property_id`),
  KEY `IDX_39ECD52EB84E0D1D` (`description_property_id`),
  CONSTRAINT `FK_39ECD52E448CC1BD` FOREIGN KEY (`resource_class_id`) REFERENCES `resource_class` (`id`) ON DELETE SET NULL,
  CONSTRAINT `FK_39ECD52E724734A3` FOREIGN KEY (`title_property_id`) REFERENCES `property` (`id`) ON DELETE SET NULL,
  CONSTRAINT `FK_39ECD52E7E3C61F9` FOREIGN KEY (`owner_id`) REFERENCES `user` (`id`) ON DELETE SET NULL,
  CONSTRAINT `FK_39ECD52EB84E0D1D` FOREIGN KEY (`description_property_id`) REFERENCES `property` (`id`) ON DELETE SET NULL
) ENGINE=InnoDB AUTO_INCREMENT=11 DEFAULT CHARSET=utf8mb4 COLLATE=utf8mb4_unicode_ci;
/*!40101 SET character_set_client = @saved_cs_client */;

--
-- Dumping data for table `resource_template`
--

LOCK TABLES `resource_template` WRITE;
/*!40000 ALTER TABLE `resource_template` DISABLE KEYS */;
INSERT INTO `resource_template` VALUES (2,1,108,NULL,NULL,'テーブルトップゲーム'),(3,1,142,NULL,NULL,'シリーズ'),(4,1,116,NULL,NULL,'コレクション'),(5,1,148,NULL,NULL,'作品'),(6,1,139,NULL,NULL,'個人'),(7,1,128,NULL,NULL,'個別資料'),(8,1,136,NULL,NULL,'団体'),(9,1,113,NULL,NULL,'図書'),(10,1,108,NULL,NULL,'図書館総合展：テーブルトップゲーム');
/*!40000 ALTER TABLE `resource_template` ENABLE KEYS */;
UNLOCK TABLES;

--
-- Table structure for table `resource_template_property`
--

DROP TABLE IF EXISTS `resource_template_property`;
/*!40101 SET @saved_cs_client     = @@character_set_client */;
/*!40101 SET character_set_client = utf8 */;
CREATE TABLE `resource_template_property` (
  `id` int(11) NOT NULL AUTO_INCREMENT,
  `resource_template_id` int(11) NOT NULL,
  `property_id` int(11) NOT NULL,
  `alternate_label` varchar(255) COLLATE utf8mb4_unicode_ci DEFAULT NULL,
  `alternate_comment` longtext COLLATE utf8mb4_unicode_ci DEFAULT NULL,
  `position` int(11) DEFAULT NULL,
  `data_type` longtext COLLATE utf8mb4_unicode_ci DEFAULT NULL COMMENT '(DC2Type:json_array)',
  `is_required` tinyint(1) NOT NULL,
  `is_private` tinyint(1) NOT NULL,
  PRIMARY KEY (`id`),
  UNIQUE KEY `UNIQ_4689E2F116131EA549213EC` (`resource_template_id`,`property_id`),
  KEY `IDX_4689E2F116131EA` (`resource_template_id`),
  KEY `IDX_4689E2F1549213EC` (`property_id`),
  CONSTRAINT `FK_4689E2F116131EA` FOREIGN KEY (`resource_template_id`) REFERENCES `resource_template` (`id`),
  CONSTRAINT `FK_4689E2F1549213EC` FOREIGN KEY (`property_id`) REFERENCES `property` (`id`) ON DELETE CASCADE
) ENGINE=InnoDB AUTO_INCREMENT=195 DEFAULT CHARSET=utf8mb4 COLLATE=utf8mb4_unicode_ci;
/*!40101 SET character_set_client = @saved_cs_client */;

--
-- Dumping data for table `resource_template_property`
--

LOCK TABLES `resource_template_property` WRITE;
/*!40000 ALTER TABLE `resource_template_property` DISABLE KEYS */;
INSERT INTO `resource_template_property` VALUES (21,2,1,'ラベル',NULL,1,NULL,0,0),(22,2,263,NULL,NULL,2,NULL,0,0),(23,2,234,NULL,NULL,3,NULL,0,0),(24,2,274,NULL,NULL,4,NULL,0,0),(25,2,279,NULL,NULL,5,NULL,0,0),(26,2,280,NULL,NULL,6,NULL,0,0),(27,2,271,NULL,NULL,7,NULL,0,0),(28,2,208,NULL,NULL,8,'[\"customvocab:6\"]',0,0),(29,2,268,NULL,NULL,9,NULL,0,0),(30,2,244,NULL,NULL,10,NULL,0,0),(31,2,224,NULL,NULL,11,'[\"resource:item\"]',0,0),(32,2,198,NULL,NULL,12,'[\"resource:item\"]',0,0),(33,2,196,NULL,NULL,13,'[\"resource:item\"]',0,0),(34,2,241,NULL,NULL,14,NULL,0,0),(35,2,220,NULL,NULL,15,'[\"customvocab:3\"]',0,0),(36,2,237,NULL,NULL,16,'[\"uri\"]',0,0),(37,2,238,NULL,NULL,17,'[\"uri\"]',0,0),(38,2,283,NULL,NULL,18,'[\"wikidata:mediawiki:all\"]',0,0),(39,2,262,NULL,NULL,19,NULL,0,0),(40,2,236,NULL,NULL,20,NULL,0,0),(41,2,270,NULL,NULL,21,'[\"uri\"]',0,0),(42,2,251,NULL,NULL,22,NULL,0,0),(43,2,240,NULL,NULL,23,NULL,0,0),(44,2,266,NULL,NULL,24,NULL,0,0),(45,2,249,NULL,NULL,25,'[\"customvocab:7\"]',0,0),(46,2,248,NULL,NULL,26,NULL,0,0),(47,2,246,NULL,NULL,27,NULL,0,0),(48,2,282,NULL,NULL,28,NULL,0,0),(49,2,219,NULL,NULL,29,'[\"customvocab:1\"]',0,0),(50,2,239,NULL,NULL,30,NULL,0,0),(51,2,264,NULL,NULL,31,NULL,0,0),(52,2,265,NULL,NULL,32,NULL,0,0),(53,2,235,NULL,NULL,33,NULL,0,0),(54,2,258,NULL,NULL,34,'[\"customvocab:4\"]',0,0),(55,2,259,NULL,NULL,35,'[\"customvocab:2\"]',0,0),(56,2,291,NULL,NULL,36,NULL,0,0),(57,2,260,NULL,NULL,37,NULL,0,0),(58,2,261,NULL,NULL,38,'[\"uri\"]',0,0),(59,2,202,NULL,NULL,39,'[\"resource:item\"]',0,0),(60,2,292,NULL,NULL,40,NULL,0,0),(61,2,273,NULL,NULL,42,NULL,0,0),(62,3,1,'ラベル',NULL,1,NULL,0,0),(63,3,263,NULL,NULL,2,NULL,0,0),(64,3,245,NULL,NULL,3,NULL,0,0),(65,4,1,NULL,NULL,1,NULL,0,0),(66,4,267,NULL,NULL,2,NULL,0,0),(67,4,242,NULL,NULL,3,NULL,0,0),(68,4,199,NULL,NULL,4,'[\"resource:item\"]',0,0),(69,4,245,NULL,NULL,5,NULL,0,0),(70,5,1,'ラベル',NULL,1,NULL,0,0),(71,5,263,NULL,NULL,2,NULL,0,0),(72,5,234,NULL,NULL,3,NULL,0,0),(73,5,208,NULL,NULL,4,NULL,0,0),(74,5,222,NULL,NULL,5,'[\"customvocab:5\"]',0,0),(75,5,192,NULL,NULL,6,NULL,0,0),(76,5,193,NULL,NULL,7,NULL,0,0),(77,5,190,NULL,NULL,8,'[\"resource:item\"]',0,0),(78,5,229,NULL,NULL,9,'[\"resource:item\"]',0,0),(79,5,207,NULL,NULL,10,'[\"resource:item\"]',0,0),(80,5,220,NULL,NULL,11,'[\"customvocab:3\"]',0,0),(81,5,237,NULL,NULL,12,'[\"uri\"]',0,0),(82,5,238,NULL,NULL,13,'[\"uri\"]',0,0),(83,5,283,NULL,NULL,14,'[\"wikidata:mediawiki:all\"]',0,0),(84,5,270,NULL,NULL,15,'[\"uri\"]',0,0),(85,5,251,NULL,NULL,16,NULL,0,0),(86,5,196,NULL,NULL,17,'[\"resource:item\"]',0,0),(87,5,218,NULL,NULL,18,'[\"resource:item\"]',0,0),(88,5,191,NULL,NULL,19,'[\"resource:item\"]',0,0),(89,5,230,NULL,NULL,20,'[\"resource:item\"]',0,0),(90,5,197,NULL,NULL,21,'[\"resource:item\"]',0,0),(91,5,200,NULL,NULL,22,'[\"resource:item\"]',0,0),(92,5,188,NULL,NULL,23,'[\"resource:item\"]',0,0),(93,5,214,NULL,NULL,24,'[\"resource:item\"]',0,0),(94,5,210,NULL,NULL,25,'[\"resource:item\"]',0,0),(95,5,228,NULL,NULL,26,'[\"resource:item\"]',0,0),(96,5,232,NULL,NULL,27,'[\"resource:item\"]',0,0),(97,5,231,NULL,NULL,28,'[\"resource:item\"]',0,0),(98,5,217,NULL,NULL,29,NULL,0,0),(99,5,242,NULL,NULL,30,NULL,0,0),(100,5,195,NULL,NULL,31,'[\"resource:item\"]',0,0),(101,5,189,NULL,NULL,32,NULL,0,0),(102,6,1,'ラベル',NULL,1,NULL,0,0),(103,6,263,'名前',NULL,2,NULL,0,0),(104,6,234,'別名',NULL,3,NULL,0,0),(105,6,139,'ファーストネーム',NULL,4,NULL,0,0),(106,6,145,'ファミリーネーム',NULL,5,NULL,0,0),(107,6,245,NULL,NULL,6,NULL,0,0),(108,6,285,'出生地',NULL,7,NULL,0,0),(109,6,284,'生年',NULL,8,NULL,0,0),(110,6,286,'没年',NULL,9,NULL,0,0),(112,6,283,NULL,NULL,10,'[\"wikidata:reconciliation:persons\"]',0,0),(113,6,270,NULL,NULL,12,'[\"uri\"]',0,0),(114,6,237,NULL,NULL,11,'[\"uri\"]',0,0),(115,6,273,NULL,NULL,14,NULL,0,0),(116,7,1,NULL,NULL,1,NULL,0,0),(117,7,251,NULL,NULL,2,NULL,0,0),(118,7,256,NULL,NULL,3,NULL,0,0),(119,7,267,NULL,NULL,4,NULL,0,0),(120,7,213,NULL,NULL,5,'[\"resource:item\"]',0,0),(121,7,204,NULL,NULL,6,'[\"resource:item\"]',0,0),(122,7,215,NULL,NULL,7,'[\"resource:item\"]',0,0),(123,7,272,NULL,NULL,8,NULL,0,0),(124,8,1,'ラベル',NULL,1,NULL,0,0),(125,8,263,'名前',NULL,2,NULL,0,0),(126,8,234,'別名',NULL,3,NULL,0,0),(127,8,288,'設立日',NULL,4,NULL,0,0),(128,8,289,'廃止日',NULL,5,NULL,0,0),(130,8,290,'住所',NULL,6,NULL,0,0),(131,8,245,NULL,NULL,7,NULL,0,0),(132,8,283,NULL,NULL,8,'[\"wikidata:mediawiki:all\"]',0,0),(133,8,237,NULL,NULL,9,'[\"uri\"]',0,0),(134,8,270,NULL,NULL,10,'[\"uri\"]',0,0),(135,8,278,NULL,NULL,11,'[\"uri\"]',0,0),(136,8,251,NULL,NULL,12,NULL,0,0),(137,8,273,NULL,NULL,13,NULL,0,0),(138,9,1,'ラベル',NULL,1,NULL,0,0),(139,9,263,NULL,NULL,2,NULL,0,0),(140,9,234,NULL,NULL,3,NULL,0,0),(141,9,279,NULL,NULL,4,NULL,0,0),(142,9,280,NULL,NULL,5,NULL,0,0),(143,9,274,NULL,NULL,6,NULL,0,0),(144,9,268,NULL,NULL,7,NULL,0,0),(145,9,195,NULL,NULL,8,'[\"resource:item\"]',0,0),(146,9,224,NULL,NULL,9,'[\"resource:item\"]',0,0),(147,9,244,NULL,NULL,10,NULL,0,0),(148,9,271,NULL,NULL,11,NULL,0,0),(149,9,258,NULL,NULL,12,'[\"customvocab:4\"]',0,0),(150,9,241,NULL,NULL,13,NULL,0,0),(151,9,253,NULL,NULL,14,NULL,0,0),(152,9,270,NULL,NULL,15,NULL,0,0),(153,9,185,NULL,NULL,16,NULL,0,0),(154,9,249,NULL,NULL,17,'[\"customvocab:2\"]',0,0),(155,9,248,NULL,NULL,18,NULL,0,0),(156,9,246,NULL,NULL,19,NULL,0,0),(157,9,266,NULL,NULL,20,NULL,0,0),(158,9,240,NULL,NULL,21,NULL,0,0),(159,9,245,NULL,NULL,22,NULL,0,0),(160,9,202,NULL,NULL,23,NULL,0,0),(161,9,292,NULL,NULL,24,NULL,0,0),(162,9,273,NULL,NULL,25,NULL,0,0),(163,2,245,NULL,NULL,41,NULL,0,0),(164,2,293,NULL,NULL,43,NULL,0,1),(165,9,293,NULL,NULL,26,NULL,0,1),(166,7,293,NULL,NULL,9,NULL,0,0),(167,6,278,NULL,NULL,13,NULL,0,0),(168,7,294,NULL,NULL,10,NULL,0,0),(169,10,1,'ラベル',NULL,1,NULL,0,0),(170,10,263,NULL,NULL,3,NULL,0,0),(171,10,279,NULL,NULL,4,NULL,0,0),(172,10,280,NULL,NULL,5,NULL,0,0),(173,10,274,NULL,NULL,6,NULL,0,0),(174,10,258,NULL,NULL,20,'[\"customvocab:4\"]',0,0),(175,10,235,NULL,NULL,21,NULL,0,0),(176,10,268,NULL,NULL,7,NULL,0,0),(177,10,196,NULL,NULL,11,'[\"resource:item\"]',0,0),(178,10,224,NULL,NULL,9,'[\"resource:item\"]',0,0),(179,10,198,NULL,NULL,10,'[\"resource:item\"]',0,0),(180,10,208,NULL,NULL,2,'[\"customvocab:6\"]',0,0),(181,10,220,NULL,NULL,12,'[\"customvocab:3\"]',0,0),(182,10,265,NULL,NULL,13,NULL,0,0),(183,10,264,NULL,NULL,14,NULL,0,0),(184,10,236,NULL,NULL,15,NULL,0,0),(185,10,249,NULL,NULL,17,NULL,0,0),(186,10,246,NULL,NULL,18,NULL,0,0),(187,10,239,NULL,NULL,19,NULL,0,0),(189,10,292,NULL,NULL,22,NULL,0,0),(190,10,273,NULL,NULL,24,NULL,0,0),(191,10,293,NULL,NULL,25,NULL,0,1),(192,10,244,NULL,NULL,8,NULL,0,0),(193,10,262,NULL,NULL,16,NULL,0,0),(194,10,245,NULL,NULL,23,NULL,0,0);
/*!40000 ALTER TABLE `resource_template_property` ENABLE KEYS */;
UNLOCK TABLES;

--
-- Table structure for table `session`
--

DROP TABLE IF EXISTS `session`;
/*!40101 SET @saved_cs_client     = @@character_set_client */;
/*!40101 SET character_set_client = utf8 */;
CREATE TABLE `session` (
  `id` varchar(190) COLLATE utf8mb4_unicode_ci NOT NULL,
  `data` longblob NOT NULL,
  `modified` int(11) NOT NULL,
  PRIMARY KEY (`id`)
) ENGINE=InnoDB DEFAULT CHARSET=utf8mb4 COLLATE=utf8mb4_unicode_ci;
/*!40101 SET character_set_client = @saved_cs_client */;

--
-- Dumping data for table `session`
--

LOCK TABLES `session` WRITE;
/*!40000 ALTER TABLE `session` DISABLE KEYS */;
INSERT INTO `session` VALUES ('001dc38f1523a8812bb21659eb02048c','__Laminas|a:4:{s:20:\"_REQUEST_ACCESS_TIME\";d:1636381273.31130695343017578125;s:6:\"_VALID\";a:1:{s:28:\"Laminas\\Session\\Validator\\Id\";s:32:\"cdd83d846ae36c48e60c905e3486a718\";}s:42:\"Laminas_Validator_Csrf_salt_loginform_csrf\";a:1:{s:6:\"EXPIRE\";i:1636384868;}s:32:\"Laminas_Validator_Csrf_salt_csrf\";a:1:{s:6:\"EXPIRE\";i:1636384873;}}Laminas_Validator_Csrf_salt_loginform_csrf|C:26:\"Laminas\\Stdlib\\ArrayObject\":391:{a:4:{s:7:\"storage\";a:2:{s:9:\"tokenList\";a:1:{s:32:\"6436a43ac2d9d53f0ac1ec21955b5a40\";s:32:\"03261aeb7002628b8bc45e6a0979d787\";}s:4:\"hash\";s:65:\"03261aeb7002628b8bc45e6a0979d787-6436a43ac2d9d53f0ac1ec21955b5a40\";}s:4:\"flag\";i:2;s:13:\"iteratorClass\";s:13:\"ArrayIterator\";s:19:\"protectedProperties\";a:4:{i:0;s:7:\"storage\";i:1;s:4:\"flag\";i:2;s:13:\"iteratorClass\";i:3;s:19:\"protectedProperties\";}}}Laminas_Auth|C:26:\"Laminas\\Stdlib\\ArrayObject\":223:{a:4:{s:7:\"storage\";a:1:{s:7:\"storage\";i:1;}s:4:\"flag\";i:2;s:13:\"iteratorClass\";s:13:\"ArrayIterator\";s:19:\"protectedProperties\";a:4:{i:0;s:7:\"storage\";i:1;s:4:\"flag\";i:2;s:13:\"iteratorClass\";i:3;s:19:\"protectedProperties\";}}}OmekaMessenger|C:26:\"Laminas\\Stdlib\\ArrayObject\":205:{a:4:{s:7:\"storage\";a:0:{}s:4:\"flag\";i:2;s:13:\"iteratorClass\";s:13:\"ArrayIterator\";s:19:\"protectedProperties\";a:4:{i:0;s:7:\"storage\";i:1;s:4:\"flag\";i:2;s:13:\"iteratorClass\";i:3;s:19:\"protectedProperties\";}}}redirect_url|N;Laminas_Validator_Csrf_salt_csrf|C:26:\"Laminas\\Stdlib\\ArrayObject\":391:{a:4:{s:7:\"storage\";a:2:{s:9:\"tokenList\";a:1:{s:32:\"d4d4477a2755d242d2aae7a8043f0083\";s:32:\"4fd5fc5518482f51deed847b58846001\";}s:4:\"hash\";s:65:\"4fd5fc5518482f51deed847b58846001-d4d4477a2755d242d2aae7a8043f0083\";}s:4:\"flag\";i:2;s:13:\"iteratorClass\";s:13:\"ArrayIterator\";s:19:\"protectedProperties\";a:4:{i:0;s:7:\"storage\";i:1;s:4:\"flag\";i:2;s:13:\"iteratorClass\";i:3;s:19:\"protectedProperties\";}}}',1636381273),('014b525e0ffe65fac8e42cfa29081fb0','__Laminas|a:2:{s:20:\"_REQUEST_ACCESS_TIME\";d:1636488549.2441890239715576171875;s:6:\"_VALID\";a:1:{s:28:\"Laminas\\Session\\Validator\\Id\";s:32:\"014b525e0ffe65fac8e42cfa29081fb0\";}}',1636488549),('078aef796e90a99fe5ab7aa64522dd57','__Laminas|a:3:{s:20:\"_REQUEST_ACCESS_TIME\";d:1636380904.2520310878753662109375;s:6:\"_VALID\";a:1:{s:28:\"Laminas\\Session\\Validator\\Id\";s:32:\"078aef796e90a99fe5ab7aa64522dd57\";}s:42:\"Laminas_Validator_Csrf_salt_loginform_csrf\";a:1:{s:6:\"EXPIRE\";i:1636384503;}}Laminas_Validator_Csrf_salt_loginform_csrf|C:26:\"Laminas\\Stdlib\\ArrayObject\":391:{a:4:{s:7:\"storage\";a:2:{s:9:\"tokenList\";a:1:{s:32:\"e4e66d622b8daaa17620f08ec5d1e907\";s:32:\"af1f525e30e2ff28bc3aedd9be47aecd\";}s:4:\"hash\";s:65:\"af1f525e30e2ff28bc3aedd9be47aecd-e4e66d622b8daaa17620f08ec5d1e907\";}s:4:\"flag\";i:2;s:13:\"iteratorClass\";s:13:\"ArrayIterator\";s:19:\"protectedProperties\";a:4:{i:0;s:7:\"storage\";i:1;s:4:\"flag\";i:2;s:13:\"iteratorClass\";i:3;s:19:\"protectedProperties\";}}}',1636380904),('08038fd58acfc1b0e96fb034d5061367','__Laminas|a:5:{s:20:\"_REQUEST_ACCESS_TIME\";d:1635406645.2352020740509033203125;s:6:\"_VALID\";a:1:{s:28:\"Laminas\\Session\\Validator\\Id\";s:32:\"9fced4e1f7d5900fcafe638265916dac\";}s:42:\"Laminas_Validator_Csrf_salt_loginform_csrf\";a:1:{s:6:\"EXPIRE\";i:1635410147;}s:44:\"Laminas_Validator_Csrf_salt_confirmform_csrf\";a:1:{s:6:\"EXPIRE\";i:1635410154;}s:32:\"Laminas_Validator_Csrf_salt_csrf\";a:1:{s:6:\"EXPIRE\";i:1635410212;}}redirect_url|s:36:\"http://id.analoggamemuseum.org/admin\";Laminas_Validator_Csrf_salt_loginform_csrf|C:26:\"Laminas\\Stdlib\\ArrayObject\":391:{a:4:{s:7:\"storage\";a:2:{s:9:\"tokenList\";a:1:{s:32:\"e4a41b35770109d0d44754f21f8da01f\";s:32:\"2669e2955e4d0462dec2383c0be1778b\";}s:4:\"hash\";s:65:\"2669e2955e4d0462dec2383c0be1778b-e4a41b35770109d0d44754f21f8da01f\";}s:4:\"flag\";i:2;s:13:\"iteratorClass\";s:13:\"ArrayIterator\";s:19:\"protectedProperties\";a:4:{i:0;s:7:\"storage\";i:1;s:4:\"flag\";i:2;s:13:\"iteratorClass\";i:3;s:19:\"protectedProperties\";}}}Laminas_Auth|C:26:\"Laminas\\Stdlib\\ArrayObject\":205:{a:4:{s:7:\"storage\";a:0:{}s:4:\"flag\";i:2;s:13:\"iteratorClass\";s:13:\"ArrayIterator\";s:19:\"protectedProperties\";a:4:{i:0;s:7:\"storage\";i:1;s:4:\"flag\";i:2;s:13:\"iteratorClass\";i:3;s:19:\"protectedProperties\";}}}OmekaMessenger|C:26:\"Laminas\\Stdlib\\ArrayObject\":271:{a:4:{s:7:\"storage\";a:1:{s:8:\"messages\";a:1:{i:1;a:1:{i:0;s:23:\"Successfully logged out\";}}}s:4:\"flag\";i:2;s:13:\"iteratorClass\";s:13:\"ArrayIterator\";s:19:\"protectedProperties\";a:4:{i:0;s:7:\"storage\";i:1;s:4:\"flag\";i:2;s:13:\"iteratorClass\";i:3;s:19:\"protectedProperties\";}}}Laminas_Validator_Csrf_salt_confirmform_csrf|C:26:\"Laminas\\Stdlib\\ArrayObject\":471:{a:4:{s:7:\"storage\";a:2:{s:9:\"tokenList\";a:2:{s:32:\"605e7f44842cdf3b08057e777de375ec\";s:32:\"cfdebdd6e70fc602bcd62a63c67b7a1f\";s:32:\"0fe598b344f30c800b8ae6a1ecb5b68e\";s:32:\"73de43192ac1081490aab7aecefaf240\";}s:4:\"hash\";s:65:\"73de43192ac1081490aab7aecefaf240-0fe598b344f30c800b8ae6a1ecb5b68e\";}s:4:\"flag\";i:2;s:13:\"iteratorClass\";s:13:\"ArrayIterator\";s:19:\"protectedProperties\";a:4:{i:0;s:7:\"storage\";i:1;s:4:\"flag\";i:2;s:13:\"iteratorClass\";i:3;s:19:\"protectedProperties\";}}}Laminas_Validator_Csrf_salt_csrf|C:26:\"Laminas\\Stdlib\\ArrayObject\":551:{a:4:{s:7:\"storage\";a:2:{s:9:\"tokenList\";a:3:{s:32:\"c703501d2d325dd895485431ce9f9005\";s:32:\"671e34c39a428b14b9ea7254180792e2\";s:32:\"5a14d067fb2e35e8e92d94b8c38ec07f\";s:32:\"0cf36712735e496a4c1e98bb8552f59d\";s:32:\"3c4dbe4b123af654159cf307530a6bf4\";s:32:\"5a78fa350dd11b6a8ec9553bf3751649\";}s:4:\"hash\";s:65:\"5a78fa350dd11b6a8ec9553bf3751649-3c4dbe4b123af654159cf307530a6bf4\";}s:4:\"flag\";i:2;s:13:\"iteratorClass\";s:13:\"ArrayIterator\";s:19:\"protectedProperties\";a:4:{i:0;s:7:\"storage\";i:1;s:4:\"flag\";i:2;s:13:\"iteratorClass\";i:3;s:19:\"protectedProperties\";}}}',1635406645),('08c6a30f048d2f33c341c35d3cbbcbc5','__Laminas|a:2:{s:20:\"_REQUEST_ACCESS_TIME\";d:1636120236.6801030635833740234375;s:6:\"_VALID\";a:1:{s:28:\"Laminas\\Session\\Validator\\Id\";s:32:\"08c6a30f048d2f33c341c35d3cbbcbc5\";}}',1636120236),('093fbbfb3ea0c19920cea64c040b2c1b','__Laminas|a:3:{s:20:\"_REQUEST_ACCESS_TIME\";d:1636380836.154409885406494140625;s:6:\"_VALID\";a:1:{s:28:\"Laminas\\Session\\Validator\\Id\";s:32:\"093fbbfb3ea0c19920cea64c040b2c1b\";}s:42:\"Laminas_Validator_Csrf_salt_loginform_csrf\";a:1:{s:6:\"EXPIRE\";i:1636384436;}}Laminas_Validator_Csrf_salt_loginform_csrf|C:26:\"Laminas\\Stdlib\\ArrayObject\":391:{a:4:{s:7:\"storage\";a:2:{s:9:\"tokenList\";a:1:{s:32:\"c167edde15cb37c0d1f38849eb476dae\";s:32:\"28b35906592bbbd7585a0a3cd1ffa6cc\";}s:4:\"hash\";s:65:\"28b35906592bbbd7585a0a3cd1ffa6cc-c167edde15cb37c0d1f38849eb476dae\";}s:4:\"flag\";i:2;s:13:\"iteratorClass\";s:13:\"ArrayIterator\";s:19:\"protectedProperties\";a:4:{i:0;s:7:\"storage\";i:1;s:4:\"flag\";i:2;s:13:\"iteratorClass\";i:3;s:19:\"protectedProperties\";}}}',1636380836),('0aa34f81268be3d285ce83ef827b3bd2','__Laminas|a:3:{s:20:\"_REQUEST_ACCESS_TIME\";d:1636379764.61960601806640625;s:6:\"_VALID\";a:1:{s:28:\"Laminas\\Session\\Validator\\Id\";s:32:\"0aa34f81268be3d285ce83ef827b3bd2\";}s:42:\"Laminas_Validator_Csrf_salt_loginform_csrf\";a:1:{s:6:\"EXPIRE\";i:1636383364;}}Laminas_Validator_Csrf_salt_loginform_csrf|C:26:\"Laminas\\Stdlib\\ArrayObject\":391:{a:4:{s:7:\"storage\";a:2:{s:9:\"tokenList\";a:1:{s:32:\"0c2c7bed2f76449f75f25be6b986c471\";s:32:\"39fcc510baa45628b794cdca87db9628\";}s:4:\"hash\";s:65:\"39fcc510baa45628b794cdca87db9628-0c2c7bed2f76449f75f25be6b986c471\";}s:4:\"flag\";i:2;s:13:\"iteratorClass\";s:13:\"ArrayIterator\";s:19:\"protectedProperties\";a:4:{i:0;s:7:\"storage\";i:1;s:4:\"flag\";i:2;s:13:\"iteratorClass\";i:3;s:19:\"protectedProperties\";}}}',1636379764),('0b722c37561810aecec3599a149f0e20','__Laminas|a:2:{s:20:\"_REQUEST_ACCESS_TIME\";d:1636488525.844921112060546875;s:6:\"_VALID\";a:1:{s:28:\"Laminas\\Session\\Validator\\Id\";s:32:\"0b722c37561810aecec3599a149f0e20\";}}',1636488525),('0bcaad8591e2e01ab3c327175046c0ec','__Laminas|a:4:{s:20:\"_REQUEST_ACCESS_TIME\";d:1636447985.4811460971832275390625;s:6:\"_VALID\";a:1:{s:28:\"Laminas\\Session\\Validator\\Id\";s:32:\"8b1044ba593aa77db368fbf7c18be782\";}s:42:\"Laminas_Validator_Csrf_salt_loginform_csrf\";a:1:{s:6:\"EXPIRE\";i:1636451580;}s:32:\"Laminas_Validator_Csrf_salt_csrf\";a:1:{s:6:\"EXPIRE\";i:1636451585;}}Laminas_Validator_Csrf_salt_loginform_csrf|C:26:\"Laminas\\Stdlib\\ArrayObject\":391:{a:4:{s:7:\"storage\";a:2:{s:9:\"tokenList\";a:1:{s:32:\"cd50d3badb45d8135347c2defb0ffa4a\";s:32:\"cdc256db0905d2e18d249a437d7e147e\";}s:4:\"hash\";s:65:\"cdc256db0905d2e18d249a437d7e147e-cd50d3badb45d8135347c2defb0ffa4a\";}s:4:\"flag\";i:2;s:13:\"iteratorClass\";s:13:\"ArrayIterator\";s:19:\"protectedProperties\";a:4:{i:0;s:7:\"storage\";i:1;s:4:\"flag\";i:2;s:13:\"iteratorClass\";i:3;s:19:\"protectedProperties\";}}}Laminas_Auth|C:26:\"Laminas\\Stdlib\\ArrayObject\":223:{a:4:{s:7:\"storage\";a:1:{s:7:\"storage\";i:1;}s:4:\"flag\";i:2;s:13:\"iteratorClass\";s:13:\"ArrayIterator\";s:19:\"protectedProperties\";a:4:{i:0;s:7:\"storage\";i:1;s:4:\"flag\";i:2;s:13:\"iteratorClass\";i:3;s:19:\"protectedProperties\";}}}OmekaMessenger|C:26:\"Laminas\\Stdlib\\ArrayObject\":205:{a:4:{s:7:\"storage\";a:0:{}s:4:\"flag\";i:2;s:13:\"iteratorClass\";s:13:\"ArrayIterator\";s:19:\"protectedProperties\";a:4:{i:0;s:7:\"storage\";i:1;s:4:\"flag\";i:2;s:13:\"iteratorClass\";i:3;s:19:\"protectedProperties\";}}}redirect_url|N;Laminas_Validator_Csrf_salt_csrf|C:26:\"Laminas\\Stdlib\\ArrayObject\":391:{a:4:{s:7:\"storage\";a:2:{s:9:\"tokenList\";a:1:{s:32:\"a7554c63a9ccaca85bc909fb072d3939\";s:32:\"f6fe15944a376d1c189552db2d45cb20\";}s:4:\"hash\";s:65:\"f6fe15944a376d1c189552db2d45cb20-a7554c63a9ccaca85bc909fb072d3939\";}s:4:\"flag\";i:2;s:13:\"iteratorClass\";s:13:\"ArrayIterator\";s:19:\"protectedProperties\";a:4:{i:0;s:7:\"storage\";i:1;s:4:\"flag\";i:2;s:13:\"iteratorClass\";i:3;s:19:\"protectedProperties\";}}}',1636447985),('0d2e34392322d55baeddd591f0ba1313','__Laminas|a:2:{s:20:\"_REQUEST_ACCESS_TIME\";d:1636120292.6023499965667724609375;s:6:\"_VALID\";a:1:{s:28:\"Laminas\\Session\\Validator\\Id\";s:32:\"0d2e34392322d55baeddd591f0ba1313\";}}',1636120292),('0e237051034dc702c0a295e72bf3e5c0','__Laminas|a:4:{s:20:\"_REQUEST_ACCESS_TIME\";d:1636501123.668569087982177734375;s:6:\"_VALID\";a:1:{s:28:\"Laminas\\Session\\Validator\\Id\";s:32:\"75579ac6b91b7e8140370c4f27ebdb57\";}s:42:\"Laminas_Validator_Csrf_salt_loginform_csrf\";a:1:{s:6:\"EXPIRE\";i:1636504719;}s:32:\"Laminas_Validator_Csrf_salt_csrf\";a:1:{s:6:\"EXPIRE\";i:1636504723;}}Laminas_Validator_Csrf_salt_loginform_csrf|C:26:\"Laminas\\Stdlib\\ArrayObject\":391:{a:4:{s:7:\"storage\";a:2:{s:9:\"tokenList\";a:1:{s:32:\"b4b7d20fc61193f4f57013d0f25b28f3\";s:32:\"973085233e59bc6e66fa4c9ab13f5599\";}s:4:\"hash\";s:65:\"973085233e59bc6e66fa4c9ab13f5599-b4b7d20fc61193f4f57013d0f25b28f3\";}s:4:\"flag\";i:2;s:13:\"iteratorClass\";s:13:\"ArrayIterator\";s:19:\"protectedProperties\";a:4:{i:0;s:7:\"storage\";i:1;s:4:\"flag\";i:2;s:13:\"iteratorClass\";i:3;s:19:\"protectedProperties\";}}}Laminas_Auth|C:26:\"Laminas\\Stdlib\\ArrayObject\":223:{a:4:{s:7:\"storage\";a:1:{s:7:\"storage\";i:1;}s:4:\"flag\";i:2;s:13:\"iteratorClass\";s:13:\"ArrayIterator\";s:19:\"protectedProperties\";a:4:{i:0;s:7:\"storage\";i:1;s:4:\"flag\";i:2;s:13:\"iteratorClass\";i:3;s:19:\"protectedProperties\";}}}OmekaMessenger|C:26:\"Laminas\\Stdlib\\ArrayObject\":205:{a:4:{s:7:\"storage\";a:0:{}s:4:\"flag\";i:2;s:13:\"iteratorClass\";s:13:\"ArrayIterator\";s:19:\"protectedProperties\";a:4:{i:0;s:7:\"storage\";i:1;s:4:\"flag\";i:2;s:13:\"iteratorClass\";i:3;s:19:\"protectedProperties\";}}}redirect_url|N;Laminas_Validator_Csrf_salt_csrf|C:26:\"Laminas\\Stdlib\\ArrayObject\":391:{a:4:{s:7:\"storage\";a:2:{s:9:\"tokenList\";a:1:{s:32:\"287677340567a82ed9990ddfe011e73d\";s:32:\"e680d35242ca3183b9044b4f0b9257af\";}s:4:\"hash\";s:65:\"e680d35242ca3183b9044b4f0b9257af-287677340567a82ed9990ddfe011e73d\";}s:4:\"flag\";i:2;s:13:\"iteratorClass\";s:13:\"ArrayIterator\";s:19:\"protectedProperties\";a:4:{i:0;s:7:\"storage\";i:1;s:4:\"flag\";i:2;s:13:\"iteratorClass\";i:3;s:19:\"protectedProperties\";}}}',1636501123),('100456aaa436b721cefefb8057f17c91','__Laminas|a:2:{s:20:\"_REQUEST_ACCESS_TIME\";d:1636488543.4727909564971923828125;s:6:\"_VALID\";a:1:{s:28:\"Laminas\\Session\\Validator\\Id\";s:32:\"100456aaa436b721cefefb8057f17c91\";}}',1636488543),('1211b4fc1e028470e936396676df3309','__Laminas|a:2:{s:20:\"_REQUEST_ACCESS_TIME\";d:1636389366.5714209079742431640625;s:6:\"_VALID\";a:1:{s:28:\"Laminas\\Session\\Validator\\Id\";s:32:\"1211b4fc1e028470e936396676df3309\";}}',1636389366),('12599704d1eeda68b2b4a6125e03b735','__Laminas|a:3:{s:20:\"_REQUEST_ACCESS_TIME\";d:1636389673.4807949066162109375;s:6:\"_VALID\";a:1:{s:28:\"Laminas\\Session\\Validator\\Id\";s:32:\"12599704d1eeda68b2b4a6125e03b735\";}s:42:\"Laminas_Validator_Csrf_salt_loginform_csrf\";a:1:{s:6:\"EXPIRE\";i:1636389651;}}redirect_url|s:36:\"http://id.analoggamemuseum.org/admin\";Laminas_Validator_Csrf_salt_loginform_csrf|C:26:\"Laminas\\Stdlib\\ArrayObject\":391:{a:4:{s:7:\"storage\";a:2:{s:9:\"tokenList\";a:1:{s:32:\"dc4a27180cc9448d3f1716a2d7210a6b\";s:32:\"0461e7fd8f1f42b8523f77dff3c9cfdc\";}s:4:\"hash\";s:65:\"0461e7fd8f1f42b8523f77dff3c9cfdc-dc4a27180cc9448d3f1716a2d7210a6b\";}s:4:\"flag\";i:2;s:13:\"iteratorClass\";s:13:\"ArrayIterator\";s:19:\"protectedProperties\";a:4:{i:0;s:7:\"storage\";i:1;s:4:\"flag\";i:2;s:13:\"iteratorClass\";i:3;s:19:\"protectedProperties\";}}}',1636389673),('13a2576fbf01be4c9bf090b078610c9b','__Laminas|a:2:{s:20:\"_REQUEST_ACCESS_TIME\";d:1636120297.61285305023193359375;s:6:\"_VALID\";a:1:{s:28:\"Laminas\\Session\\Validator\\Id\";s:32:\"13a2576fbf01be4c9bf090b078610c9b\";}}',1636120297),('149bf08dc23da690d960f4f406591a9b','__Laminas|a:2:{s:20:\"_REQUEST_ACCESS_TIME\";d:1636120264.0505120754241943359375;s:6:\"_VALID\";a:1:{s:28:\"Laminas\\Session\\Validator\\Id\";s:32:\"149bf08dc23da690d960f4f406591a9b\";}}',1636120264),('15381c7f7c36d35b3bff865323d4d0e6','__Laminas|a:2:{s:20:\"_REQUEST_ACCESS_TIME\";d:1636120222.030725002288818359375;s:6:\"_VALID\";a:1:{s:28:\"Laminas\\Session\\Validator\\Id\";s:32:\"15381c7f7c36d35b3bff865323d4d0e6\";}}',1636120222),('15b9a87dcd86dbc99e100f52b05697aa','__Laminas|a:2:{s:20:\"_REQUEST_ACCESS_TIME\";d:1636120277.1844279766082763671875;s:6:\"_VALID\";a:1:{s:28:\"Laminas\\Session\\Validator\\Id\";s:32:\"15b9a87dcd86dbc99e100f52b05697aa\";}}',1636120277),('16578858c0e0c6d28d15fcfda40b8f4a','__Laminas|a:2:{s:20:\"_REQUEST_ACCESS_TIME\";d:1636488517.829051971435546875;s:6:\"_VALID\";a:1:{s:28:\"Laminas\\Session\\Validator\\Id\";s:32:\"16578858c0e0c6d28d15fcfda40b8f4a\";}}',1636488517),('16a1d9931105ef5e71cba042a6124f24','__Laminas|a:2:{s:20:\"_REQUEST_ACCESS_TIME\";d:1635541093.2892000675201416015625;s:6:\"_VALID\";a:1:{s:28:\"Laminas\\Session\\Validator\\Id\";s:32:\"16a1d9931105ef5e71cba042a6124f24\";}}',1635541093),('172157c3cdee3f95edb54ff84bdffb49','__Laminas|a:2:{s:20:\"_REQUEST_ACCESS_TIME\";d:1636488516.6904261112213134765625;s:6:\"_VALID\";a:1:{s:28:\"Laminas\\Session\\Validator\\Id\";s:32:\"172157c3cdee3f95edb54ff84bdffb49\";}}',1636488516),('187ed2cd110edf9ab5e8644bae0118eb','__Laminas|a:2:{s:20:\"_REQUEST_ACCESS_TIME\";d:1636120233.1109559535980224609375;s:6:\"_VALID\";a:1:{s:28:\"Laminas\\Session\\Validator\\Id\";s:32:\"187ed2cd110edf9ab5e8644bae0118eb\";}}',1636120233),('196b275e8645768b6a6340f4daef11db','__Laminas|a:2:{s:20:\"_REQUEST_ACCESS_TIME\";d:1636536390.7971479892730712890625;s:6:\"_VALID\";a:1:{s:28:\"Laminas\\Session\\Validator\\Id\";s:32:\"196b275e8645768b6a6340f4daef11db\";}}',1636536390),('1c67be838124f2de70ad2f123f3af7c1','__Laminas|a:2:{s:20:\"_REQUEST_ACCESS_TIME\";d:1636488523.5546009540557861328125;s:6:\"_VALID\";a:1:{s:28:\"Laminas\\Session\\Validator\\Id\";s:32:\"1c67be838124f2de70ad2f123f3af7c1\";}}',1636488523),('1c8895d89a15c83c38c99e63001762b3','__Laminas|a:2:{s:20:\"_REQUEST_ACCESS_TIME\";d:1636120184.2656269073486328125;s:6:\"_VALID\";a:1:{s:28:\"Laminas\\Session\\Validator\\Id\";s:32:\"1c8895d89a15c83c38c99e63001762b3\";}}',1636120184),('1c8d70dc148b3e2f32c8010b5f8700e6','__Laminas|a:2:{s:20:\"_REQUEST_ACCESS_TIME\";d:1636120288.74254608154296875;s:6:\"_VALID\";a:1:{s:28:\"Laminas\\Session\\Validator\\Id\";s:32:\"1c8d70dc148b3e2f32c8010b5f8700e6\";}}',1636120288),('1d1670b5fd984549d28b9b12dd23f428','__Laminas|a:4:{s:20:\"_REQUEST_ACCESS_TIME\";d:1636381224.6374680995941162109375;s:6:\"_VALID\";a:1:{s:28:\"Laminas\\Session\\Validator\\Id\";s:32:\"d3a848b58fcb60cf3b93ee55cb25d359\";}s:42:\"Laminas_Validator_Csrf_salt_loginform_csrf\";a:1:{s:6:\"EXPIRE\";i:1636384821;}s:32:\"Laminas_Validator_Csrf_salt_csrf\";a:1:{s:6:\"EXPIRE\";i:1636384824;}}Laminas_Validator_Csrf_salt_loginform_csrf|C:26:\"Laminas\\Stdlib\\ArrayObject\":391:{a:4:{s:7:\"storage\";a:2:{s:9:\"tokenList\";a:1:{s:32:\"e7c0014c3a98e2f8e9f0b782464f48ab\";s:32:\"e273a933c8051efa50c90a1042b87d46\";}s:4:\"hash\";s:65:\"e273a933c8051efa50c90a1042b87d46-e7c0014c3a98e2f8e9f0b782464f48ab\";}s:4:\"flag\";i:2;s:13:\"iteratorClass\";s:13:\"ArrayIterator\";s:19:\"protectedProperties\";a:4:{i:0;s:7:\"storage\";i:1;s:4:\"flag\";i:2;s:13:\"iteratorClass\";i:3;s:19:\"protectedProperties\";}}}Laminas_Auth|C:26:\"Laminas\\Stdlib\\ArrayObject\":223:{a:4:{s:7:\"storage\";a:1:{s:7:\"storage\";i:1;}s:4:\"flag\";i:2;s:13:\"iteratorClass\";s:13:\"ArrayIterator\";s:19:\"protectedProperties\";a:4:{i:0;s:7:\"storage\";i:1;s:4:\"flag\";i:2;s:13:\"iteratorClass\";i:3;s:19:\"protectedProperties\";}}}OmekaMessenger|C:26:\"Laminas\\Stdlib\\ArrayObject\":205:{a:4:{s:7:\"storage\";a:0:{}s:4:\"flag\";i:2;s:13:\"iteratorClass\";s:13:\"ArrayIterator\";s:19:\"protectedProperties\";a:4:{i:0;s:7:\"storage\";i:1;s:4:\"flag\";i:2;s:13:\"iteratorClass\";i:3;s:19:\"protectedProperties\";}}}redirect_url|N;Laminas_Validator_Csrf_salt_csrf|C:26:\"Laminas\\Stdlib\\ArrayObject\":391:{a:4:{s:7:\"storage\";a:2:{s:9:\"tokenList\";a:1:{s:32:\"3b41d95cfdbe1cd4eaa61ba01dff4da0\";s:32:\"29d8259878c7449802fb515b5767ab5d\";}s:4:\"hash\";s:65:\"29d8259878c7449802fb515b5767ab5d-3b41d95cfdbe1cd4eaa61ba01dff4da0\";}s:4:\"flag\";i:2;s:13:\"iteratorClass\";s:13:\"ArrayIterator\";s:19:\"protectedProperties\";a:4:{i:0;s:7:\"storage\";i:1;s:4:\"flag\";i:2;s:13:\"iteratorClass\";i:3;s:19:\"protectedProperties\";}}}',1636381224),('1d62f456e8ff588d5fc8141adc7f59e7','__Laminas|a:2:{s:20:\"_REQUEST_ACCESS_TIME\";d:1636488519.5530719757080078125;s:6:\"_VALID\";a:1:{s:28:\"Laminas\\Session\\Validator\\Id\";s:32:\"1d62f456e8ff588d5fc8141adc7f59e7\";}}',1636488519),('1d6aebffab21351faadfd944b1844077','__Laminas|a:2:{s:20:\"_REQUEST_ACCESS_TIME\";d:1636120274.6688859462738037109375;s:6:\"_VALID\";a:1:{s:28:\"Laminas\\Session\\Validator\\Id\";s:32:\"1d6aebffab21351faadfd944b1844077\";}}',1636120274),('23405b3cdb17541fbb56e96fff4d54d0','__Laminas|a:3:{s:20:\"_REQUEST_ACCESS_TIME\";d:1636297093.1980879306793212890625;s:6:\"_VALID\";a:1:{s:28:\"Laminas\\Session\\Validator\\Id\";s:32:\"23405b3cdb17541fbb56e96fff4d54d0\";}s:45:\"Laminas_Validator_Csrf_salt_activateform_csrf\";a:1:{s:6:\"EXPIRE\";i:1636300693;}}Laminas_Validator_Csrf_salt_activateform_csrf|C:26:\"Laminas\\Stdlib\\ArrayObject\":391:{a:4:{s:7:\"storage\";a:2:{s:9:\"tokenList\";a:1:{s:32:\"98ddbbe1ed24216a3a0fee25946d66fb\";s:32:\"b5acba060f48bd0a98897745b80a9e2f\";}s:4:\"hash\";s:65:\"b5acba060f48bd0a98897745b80a9e2f-98ddbbe1ed24216a3a0fee25946d66fb\";}s:4:\"flag\";i:2;s:13:\"iteratorClass\";s:13:\"ArrayIterator\";s:19:\"protectedProperties\";a:4:{i:0;s:7:\"storage\";i:1;s:4:\"flag\";i:2;s:13:\"iteratorClass\";i:3;s:19:\"protectedProperties\";}}}',1636297093),('23415285bd6188f025e25e2a6a31f689','__Laminas|a:5:{s:20:\"_REQUEST_ACCESS_TIME\";d:1636690523.297338962554931640625;s:6:\"_VALID\";a:1:{s:28:\"Laminas\\Session\\Validator\\Id\";s:32:\"ace7800e5639e2ac4f5f2b02b3c3dfc2\";}s:42:\"Laminas_Validator_Csrf_salt_loginform_csrf\";a:1:{s:6:\"EXPIRE\";i:1636451600;}s:32:\"Laminas_Validator_Csrf_salt_csrf\";a:1:{s:6:\"EXPIRE\";i:1636693690;}s:44:\"Laminas_Validator_Csrf_salt_confirmform_csrf\";a:1:{s:6:\"EXPIRE\";i:1636693646;}}redirect_url|s:45:\"http://id.analoggamemuseum.org/admin/user/add\";Laminas_Validator_Csrf_salt_loginform_csrf|C:26:\"Laminas\\Stdlib\\ArrayObject\":391:{a:4:{s:7:\"storage\";a:2:{s:9:\"tokenList\";a:1:{s:32:\"f84160e6e21d1f378842a2efacf101e4\";s:32:\"c230478e43a93f74b045e30ae6620acf\";}s:4:\"hash\";s:65:\"c230478e43a93f74b045e30ae6620acf-f84160e6e21d1f378842a2efacf101e4\";}s:4:\"flag\";i:2;s:13:\"iteratorClass\";s:13:\"ArrayIterator\";s:19:\"protectedProperties\";a:4:{i:0;s:7:\"storage\";i:1;s:4:\"flag\";i:2;s:13:\"iteratorClass\";i:3;s:19:\"protectedProperties\";}}}Laminas_Auth|C:26:\"Laminas\\Stdlib\\ArrayObject\":223:{a:4:{s:7:\"storage\";a:1:{s:7:\"storage\";i:1;}s:4:\"flag\";i:2;s:13:\"iteratorClass\";s:13:\"ArrayIterator\";s:19:\"protectedProperties\";a:4:{i:0;s:7:\"storage\";i:1;s:4:\"flag\";i:2;s:13:\"iteratorClass\";i:3;s:19:\"protectedProperties\";}}}OmekaMessenger|C:26:\"Laminas\\Stdlib\\ArrayObject\":205:{a:4:{s:7:\"storage\";a:0:{}s:4:\"flag\";i:2;s:13:\"iteratorClass\";s:13:\"ArrayIterator\";s:19:\"protectedProperties\";a:4:{i:0;s:7:\"storage\";i:1;s:4:\"flag\";i:2;s:13:\"iteratorClass\";i:3;s:19:\"protectedProperties\";}}}Laminas_Validator_Csrf_salt_csrf|C:26:\"Laminas\\Stdlib\\ArrayObject\":471:{a:4:{s:7:\"storage\";a:2:{s:9:\"tokenList\";a:2:{s:32:\"d8e39004699ae117a4aeb4d3d3f0e304\";s:32:\"d5a96d215ba030b6b74562798a804f83\";s:32:\"e8cd1b38d7918918f04f3cefcb565ad1\";s:32:\"588617eef070404bb400205b686c4e1a\";}s:4:\"hash\";s:65:\"588617eef070404bb400205b686c4e1a-e8cd1b38d7918918f04f3cefcb565ad1\";}s:4:\"flag\";i:2;s:13:\"iteratorClass\";s:13:\"ArrayIterator\";s:19:\"protectedProperties\";a:4:{i:0;s:7:\"storage\";i:1;s:4:\"flag\";i:2;s:13:\"iteratorClass\";i:3;s:19:\"protectedProperties\";}}}Laminas_Validator_Csrf_salt_confirmform_csrf|C:26:\"Laminas\\Stdlib\\ArrayObject\":631:{a:4:{s:7:\"storage\";a:2:{s:9:\"tokenList\";a:4:{s:32:\"c65c0c52a8a25f716fa840f7fd81ef19\";s:32:\"140b5d4bb2052233c1d314c51422a212\";s:32:\"69dacbfb9db570c41cce031f660609b0\";s:32:\"74386c24532c0c85caba223a40562dee\";s:32:\"2ec00b930e412ab4311092a4f8050510\";s:32:\"d3cb039d24ad6b4e69202283281e8b3b\";s:32:\"b23d4d7567e538ec82f6daad9b06201d\";s:32:\"148868d370d50540b816b04c35ea0179\";}s:4:\"hash\";s:65:\"148868d370d50540b816b04c35ea0179-b23d4d7567e538ec82f6daad9b06201d\";}s:4:\"flag\";i:2;s:13:\"iteratorClass\";s:13:\"ArrayIterator\";s:19:\"protectedProperties\";a:4:{i:0;s:7:\"storage\";i:1;s:4:\"flag\";i:2;s:13:\"iteratorClass\";i:3;s:19:\"protectedProperties\";}}}',1636690523),('24115c2cea34396c5e7ce033d1a7a9b3','__Laminas|a:2:{s:20:\"_REQUEST_ACCESS_TIME\";d:1636488548.091289043426513671875;s:6:\"_VALID\";a:1:{s:28:\"Laminas\\Session\\Validator\\Id\";s:32:\"24115c2cea34396c5e7ce033d1a7a9b3\";}}',1636488548),('25ac6713349a43ce2ed8baf6dc9f2b8b','__Laminas|a:4:{s:20:\"_REQUEST_ACCESS_TIME\";d:1636501986.9513180255889892578125;s:6:\"_VALID\";a:1:{s:28:\"Laminas\\Session\\Validator\\Id\";s:32:\"b1738d8e01515f436fd9e250c6012601\";}s:42:\"Laminas_Validator_Csrf_salt_loginform_csrf\";a:1:{s:6:\"EXPIRE\";i:1636505582;}s:32:\"Laminas_Validator_Csrf_salt_csrf\";a:1:{s:6:\"EXPIRE\";i:1636505586;}}Laminas_Validator_Csrf_salt_loginform_csrf|C:26:\"Laminas\\Stdlib\\ArrayObject\":391:{a:4:{s:7:\"storage\";a:2:{s:9:\"tokenList\";a:1:{s:32:\"82358c22e520875f0fed179de01f9307\";s:32:\"22b10785b8e1f83df98e2b8d01bbadc9\";}s:4:\"hash\";s:65:\"22b10785b8e1f83df98e2b8d01bbadc9-82358c22e520875f0fed179de01f9307\";}s:4:\"flag\";i:2;s:13:\"iteratorClass\";s:13:\"ArrayIterator\";s:19:\"protectedProperties\";a:4:{i:0;s:7:\"storage\";i:1;s:4:\"flag\";i:2;s:13:\"iteratorClass\";i:3;s:19:\"protectedProperties\";}}}Laminas_Auth|C:26:\"Laminas\\Stdlib\\ArrayObject\":223:{a:4:{s:7:\"storage\";a:1:{s:7:\"storage\";i:1;}s:4:\"flag\";i:2;s:13:\"iteratorClass\";s:13:\"ArrayIterator\";s:19:\"protectedProperties\";a:4:{i:0;s:7:\"storage\";i:1;s:4:\"flag\";i:2;s:13:\"iteratorClass\";i:3;s:19:\"protectedProperties\";}}}OmekaMessenger|C:26:\"Laminas\\Stdlib\\ArrayObject\":205:{a:4:{s:7:\"storage\";a:0:{}s:4:\"flag\";i:2;s:13:\"iteratorClass\";s:13:\"ArrayIterator\";s:19:\"protectedProperties\";a:4:{i:0;s:7:\"storage\";i:1;s:4:\"flag\";i:2;s:13:\"iteratorClass\";i:3;s:19:\"protectedProperties\";}}}redirect_url|N;Laminas_Validator_Csrf_salt_csrf|C:26:\"Laminas\\Stdlib\\ArrayObject\":391:{a:4:{s:7:\"storage\";a:2:{s:9:\"tokenList\";a:1:{s:32:\"ccfc0c02b2e5d176b35be6bc99c4d8e4\";s:32:\"b06cc6378165f4004ddc51c362f9cfec\";}s:4:\"hash\";s:65:\"b06cc6378165f4004ddc51c362f9cfec-ccfc0c02b2e5d176b35be6bc99c4d8e4\";}s:4:\"flag\";i:2;s:13:\"iteratorClass\";s:13:\"ArrayIterator\";s:19:\"protectedProperties\";a:4:{i:0;s:7:\"storage\";i:1;s:4:\"flag\";i:2;s:13:\"iteratorClass\";i:3;s:19:\"protectedProperties\";}}}',1636501986),('26547a5db920728f55d40ea06c8df18a','__Laminas|a:4:{s:20:\"_REQUEST_ACCESS_TIME\";d:1636502210.667891025543212890625;s:6:\"_VALID\";a:1:{s:28:\"Laminas\\Session\\Validator\\Id\";s:32:\"37e72a7f973a9d8cb0593a8ee9b980d2\";}s:42:\"Laminas_Validator_Csrf_salt_loginform_csrf\";a:1:{s:6:\"EXPIRE\";i:1636505807;}s:32:\"Laminas_Validator_Csrf_salt_csrf\";a:1:{s:6:\"EXPIRE\";i:1636505810;}}Laminas_Validator_Csrf_salt_loginform_csrf|C:26:\"Laminas\\Stdlib\\ArrayObject\":391:{a:4:{s:7:\"storage\";a:2:{s:9:\"tokenList\";a:1:{s:32:\"c0214ade45e70ff39b453c806064d3d5\";s:32:\"9122ff0f74b7fea2da14f3e39b9001a0\";}s:4:\"hash\";s:65:\"9122ff0f74b7fea2da14f3e39b9001a0-c0214ade45e70ff39b453c806064d3d5\";}s:4:\"flag\";i:2;s:13:\"iteratorClass\";s:13:\"ArrayIterator\";s:19:\"protectedProperties\";a:4:{i:0;s:7:\"storage\";i:1;s:4:\"flag\";i:2;s:13:\"iteratorClass\";i:3;s:19:\"protectedProperties\";}}}Laminas_Auth|C:26:\"Laminas\\Stdlib\\ArrayObject\":223:{a:4:{s:7:\"storage\";a:1:{s:7:\"storage\";i:1;}s:4:\"flag\";i:2;s:13:\"iteratorClass\";s:13:\"ArrayIterator\";s:19:\"protectedProperties\";a:4:{i:0;s:7:\"storage\";i:1;s:4:\"flag\";i:2;s:13:\"iteratorClass\";i:3;s:19:\"protectedProperties\";}}}OmekaMessenger|C:26:\"Laminas\\Stdlib\\ArrayObject\":205:{a:4:{s:7:\"storage\";a:0:{}s:4:\"flag\";i:2;s:13:\"iteratorClass\";s:13:\"ArrayIterator\";s:19:\"protectedProperties\";a:4:{i:0;s:7:\"storage\";i:1;s:4:\"flag\";i:2;s:13:\"iteratorClass\";i:3;s:19:\"protectedProperties\";}}}redirect_url|N;Laminas_Validator_Csrf_salt_csrf|C:26:\"Laminas\\Stdlib\\ArrayObject\":391:{a:4:{s:7:\"storage\";a:2:{s:9:\"tokenList\";a:1:{s:32:\"ff3e130ba488d424f3d2f04586cad51b\";s:32:\"140ed65a59560f8ea49dfab03ab4c81a\";}s:4:\"hash\";s:65:\"140ed65a59560f8ea49dfab03ab4c81a-ff3e130ba488d424f3d2f04586cad51b\";}s:4:\"flag\";i:2;s:13:\"iteratorClass\";s:13:\"ArrayIterator\";s:19:\"protectedProperties\";a:4:{i:0;s:7:\"storage\";i:1;s:4:\"flag\";i:2;s:13:\"iteratorClass\";i:3;s:19:\"protectedProperties\";}}}',1636502210),('26d80678821efce631b5e797838857aa','__Laminas|a:2:{s:20:\"_REQUEST_ACCESS_TIME\";d:1636120208.124340057373046875;s:6:\"_VALID\";a:1:{s:28:\"Laminas\\Session\\Validator\\Id\";s:32:\"26d80678821efce631b5e797838857aa\";}}',1636120208),('2ad29d890708b16af9bb9266ce31c123','__Laminas|a:4:{s:20:\"_REQUEST_ACCESS_TIME\";d:1636502074.423078060150146484375;s:6:\"_VALID\";a:1:{s:28:\"Laminas\\Session\\Validator\\Id\";s:32:\"c1c86be3fb39cbf9030665fad47daf6e\";}s:42:\"Laminas_Validator_Csrf_salt_loginform_csrf\";a:1:{s:6:\"EXPIRE\";i:1636505670;}s:32:\"Laminas_Validator_Csrf_salt_csrf\";a:1:{s:6:\"EXPIRE\";i:1636505674;}}Laminas_Validator_Csrf_salt_loginform_csrf|C:26:\"Laminas\\Stdlib\\ArrayObject\":391:{a:4:{s:7:\"storage\";a:2:{s:9:\"tokenList\";a:1:{s:32:\"f5162e3c096353b8f235b92def051692\";s:32:\"8f1d770bcd68dc38395dfd4874147018\";}s:4:\"hash\";s:65:\"8f1d770bcd68dc38395dfd4874147018-f5162e3c096353b8f235b92def051692\";}s:4:\"flag\";i:2;s:13:\"iteratorClass\";s:13:\"ArrayIterator\";s:19:\"protectedProperties\";a:4:{i:0;s:7:\"storage\";i:1;s:4:\"flag\";i:2;s:13:\"iteratorClass\";i:3;s:19:\"protectedProperties\";}}}Laminas_Auth|C:26:\"Laminas\\Stdlib\\ArrayObject\":223:{a:4:{s:7:\"storage\";a:1:{s:7:\"storage\";i:1;}s:4:\"flag\";i:2;s:13:\"iteratorClass\";s:13:\"ArrayIterator\";s:19:\"protectedProperties\";a:4:{i:0;s:7:\"storage\";i:1;s:4:\"flag\";i:2;s:13:\"iteratorClass\";i:3;s:19:\"protectedProperties\";}}}OmekaMessenger|C:26:\"Laminas\\Stdlib\\ArrayObject\":205:{a:4:{s:7:\"storage\";a:0:{}s:4:\"flag\";i:2;s:13:\"iteratorClass\";s:13:\"ArrayIterator\";s:19:\"protectedProperties\";a:4:{i:0;s:7:\"storage\";i:1;s:4:\"flag\";i:2;s:13:\"iteratorClass\";i:3;s:19:\"protectedProperties\";}}}redirect_url|N;Laminas_Validator_Csrf_salt_csrf|C:26:\"Laminas\\Stdlib\\ArrayObject\":391:{a:4:{s:7:\"storage\";a:2:{s:9:\"tokenList\";a:1:{s:32:\"c6b9dfd5c92f9810aebe9293838e5723\";s:32:\"0a95a4f2d22ed83ec1d2c789e3af3787\";}s:4:\"hash\";s:65:\"0a95a4f2d22ed83ec1d2c789e3af3787-c6b9dfd5c92f9810aebe9293838e5723\";}s:4:\"flag\";i:2;s:13:\"iteratorClass\";s:13:\"ArrayIterator\";s:19:\"protectedProperties\";a:4:{i:0;s:7:\"storage\";i:1;s:4:\"flag\";i:2;s:13:\"iteratorClass\";i:3;s:19:\"protectedProperties\";}}}',1636502074),('2bc6c94f294096f5bc842a7e90370d00','__Laminas|a:4:{s:20:\"_REQUEST_ACCESS_TIME\";d:1636448140.9642269611358642578125;s:6:\"_VALID\";a:1:{s:28:\"Laminas\\Session\\Validator\\Id\";s:32:\"e02d40cbc026612405ff995fbfc55bca\";}s:42:\"Laminas_Validator_Csrf_salt_loginform_csrf\";a:1:{s:6:\"EXPIRE\";i:1636451737;}s:32:\"Laminas_Validator_Csrf_salt_csrf\";a:1:{s:6:\"EXPIRE\";i:1636451740;}}Laminas_Validator_Csrf_salt_loginform_csrf|C:26:\"Laminas\\Stdlib\\ArrayObject\":391:{a:4:{s:7:\"storage\";a:2:{s:9:\"tokenList\";a:1:{s:32:\"49ce7e17a7f03fa2e81483515754b53c\";s:32:\"76dc32ede00a724f28f0beeabe70b45e\";}s:4:\"hash\";s:65:\"76dc32ede00a724f28f0beeabe70b45e-49ce7e17a7f03fa2e81483515754b53c\";}s:4:\"flag\";i:2;s:13:\"iteratorClass\";s:13:\"ArrayIterator\";s:19:\"protectedProperties\";a:4:{i:0;s:7:\"storage\";i:1;s:4:\"flag\";i:2;s:13:\"iteratorClass\";i:3;s:19:\"protectedProperties\";}}}Laminas_Auth|C:26:\"Laminas\\Stdlib\\ArrayObject\":223:{a:4:{s:7:\"storage\";a:1:{s:7:\"storage\";i:1;}s:4:\"flag\";i:2;s:13:\"iteratorClass\";s:13:\"ArrayIterator\";s:19:\"protectedProperties\";a:4:{i:0;s:7:\"storage\";i:1;s:4:\"flag\";i:2;s:13:\"iteratorClass\";i:3;s:19:\"protectedProperties\";}}}OmekaMessenger|C:26:\"Laminas\\Stdlib\\ArrayObject\":205:{a:4:{s:7:\"storage\";a:0:{}s:4:\"flag\";i:2;s:13:\"iteratorClass\";s:13:\"ArrayIterator\";s:19:\"protectedProperties\";a:4:{i:0;s:7:\"storage\";i:1;s:4:\"flag\";i:2;s:13:\"iteratorClass\";i:3;s:19:\"protectedProperties\";}}}redirect_url|N;Laminas_Validator_Csrf_salt_csrf|C:26:\"Laminas\\Stdlib\\ArrayObject\":391:{a:4:{s:7:\"storage\";a:2:{s:9:\"tokenList\";a:1:{s:32:\"294f2181c664db10a58a45d0a83f3d39\";s:32:\"c1155083d1dd1b64cfc440aaec8274fe\";}s:4:\"hash\";s:65:\"c1155083d1dd1b64cfc440aaec8274fe-294f2181c664db10a58a45d0a83f3d39\";}s:4:\"flag\";i:2;s:13:\"iteratorClass\";s:13:\"ArrayIterator\";s:19:\"protectedProperties\";a:4:{i:0;s:7:\"storage\";i:1;s:4:\"flag\";i:2;s:13:\"iteratorClass\";i:3;s:19:\"protectedProperties\";}}}',1636448140),('2def80a85d359877576fa53710789d01','__Laminas|a:2:{s:20:\"_REQUEST_ACCESS_TIME\";d:1636120257.5586988925933837890625;s:6:\"_VALID\";a:1:{s:28:\"Laminas\\Session\\Validator\\Id\";s:32:\"2def80a85d359877576fa53710789d01\";}}',1636120257),('2e0bdc3d94103c6f3c82506d21b9dffd','__Laminas|a:2:{s:20:\"_REQUEST_ACCESS_TIME\";d:1636488542.3162229061126708984375;s:6:\"_VALID\";a:1:{s:28:\"Laminas\\Session\\Validator\\Id\";s:32:\"2e0bdc3d94103c6f3c82506d21b9dffd\";}}',1636488542),('2e0dfaa560d7b88aec4298bc8f0a4123','__Laminas|a:2:{s:20:\"_REQUEST_ACCESS_TIME\";d:1636488546.9372870922088623046875;s:6:\"_VALID\";a:1:{s:28:\"Laminas\\Session\\Validator\\Id\";s:32:\"2e0dfaa560d7b88aec4298bc8f0a4123\";}}',1636488546),('2eef526d67c81f0be4c5d7c57fe7cfb5','__Laminas|a:2:{s:20:\"_REQUEST_ACCESS_TIME\";d:1636488538.3043429851531982421875;s:6:\"_VALID\";a:1:{s:28:\"Laminas\\Session\\Validator\\Id\";s:32:\"2eef526d67c81f0be4c5d7c57fe7cfb5\";}}',1636488538),('2f212851fd22edb97c74c821c7f3f932','__Laminas|a:2:{s:20:\"_REQUEST_ACCESS_TIME\";d:1636120266.5334999561309814453125;s:6:\"_VALID\";a:1:{s:28:\"Laminas\\Session\\Validator\\Id\";s:32:\"2f212851fd22edb97c74c821c7f3f932\";}}',1636120266),('316921177386033e59730c76ae504f52','__Laminas|a:2:{s:20:\"_REQUEST_ACCESS_TIME\";d:1636488542.8958709239959716796875;s:6:\"_VALID\";a:1:{s:28:\"Laminas\\Session\\Validator\\Id\";s:32:\"316921177386033e59730c76ae504f52\";}}',1636488542),('322e7b5e65df35821c45adb6f9fb2b75','__Laminas|a:2:{s:20:\"_REQUEST_ACCESS_TIME\";d:1636536391.37306308746337890625;s:6:\"_VALID\";a:1:{s:28:\"Laminas\\Session\\Validator\\Id\";s:32:\"322e7b5e65df35821c45adb6f9fb2b75\";}}',1636536391),('325c570a9348c4797d72a996162190ad','__Laminas|a:2:{s:20:\"_REQUEST_ACCESS_TIME\";d:1636120261.545219898223876953125;s:6:\"_VALID\";a:1:{s:28:\"Laminas\\Session\\Validator\\Id\";s:32:\"325c570a9348c4797d72a996162190ad\";}}',1636120261),('33bdd3d43ead30d7ac88b91174a26acb','__Laminas|a:2:{s:20:\"_REQUEST_ACCESS_TIME\";d:1636488524.704557895660400390625;s:6:\"_VALID\";a:1:{s:28:\"Laminas\\Session\\Validator\\Id\";s:32:\"33bdd3d43ead30d7ac88b91174a26acb\";}}',1636488524),('33dad41bf7acd3901581c0d7bad28787','__Laminas|a:2:{s:20:\"_REQUEST_ACCESS_TIME\";d:1636120251.2561509609222412109375;s:6:\"_VALID\";a:1:{s:28:\"Laminas\\Session\\Validator\\Id\";s:32:\"33dad41bf7acd3901581c0d7bad28787\";}}',1636120251),('364f2b31fb50be5751706fb861524930','__Laminas|a:2:{s:20:\"_REQUEST_ACCESS_TIME\";d:1636120271.2915279865264892578125;s:6:\"_VALID\";a:1:{s:28:\"Laminas\\Session\\Validator\\Id\";s:32:\"364f2b31fb50be5751706fb861524930\";}}',1636120271),('36742669f5cdd80764ef79c50942f947','__Laminas|a:2:{s:20:\"_REQUEST_ACCESS_TIME\";d:1636488529.8514120578765869140625;s:6:\"_VALID\";a:1:{s:28:\"Laminas\\Session\\Validator\\Id\";s:32:\"36742669f5cdd80764ef79c50942f947\";}}',1636488529),('3845f8210249b6473438a5e169000737','__Laminas|a:5:{s:20:\"_REQUEST_ACCESS_TIME\";d:1636297127.561810970306396484375;s:6:\"_VALID\";a:1:{s:28:\"Laminas\\Session\\Validator\\Id\";s:32:\"2f6fd1171404ca75d16d7eb661fcfbc9\";}s:42:\"Laminas_Validator_Csrf_salt_loginform_csrf\";a:1:{s:6:\"EXPIRE\";i:1636297492;}s:44:\"Laminas_Validator_Csrf_salt_confirmform_csrf\";a:1:{s:6:\"EXPIRE\";i:1636300713;}s:32:\"Laminas_Validator_Csrf_salt_csrf\";a:1:{s:6:\"EXPIRE\";i:1636300707;}}redirect_url|s:36:\"http://id.analoggamemuseum.org/admin\";Laminas_Validator_Csrf_salt_loginform_csrf|C:26:\"Laminas\\Stdlib\\ArrayObject\":471:{a:4:{s:7:\"storage\";a:2:{s:9:\"tokenList\";a:2:{s:32:\"d2c43cd328beaf233c04c30f8cf1e620\";s:32:\"d0872b36474435687c73c8f84f72b59e\";s:32:\"ac85faf63b88c679e588821bef9620a0\";s:32:\"3688a9f493c8f2a6c7270c912a4fd2fb\";}s:4:\"hash\";s:65:\"3688a9f493c8f2a6c7270c912a4fd2fb-ac85faf63b88c679e588821bef9620a0\";}s:4:\"flag\";i:2;s:13:\"iteratorClass\";s:13:\"ArrayIterator\";s:19:\"protectedProperties\";a:4:{i:0;s:7:\"storage\";i:1;s:4:\"flag\";i:2;s:13:\"iteratorClass\";i:3;s:19:\"protectedProperties\";}}}Laminas_Auth|C:26:\"Laminas\\Stdlib\\ArrayObject\":205:{a:4:{s:7:\"storage\";a:0:{}s:4:\"flag\";i:2;s:13:\"iteratorClass\";s:13:\"ArrayIterator\";s:19:\"protectedProperties\";a:4:{i:0;s:7:\"storage\";i:1;s:4:\"flag\";i:2;s:13:\"iteratorClass\";i:3;s:19:\"protectedProperties\";}}}OmekaMessenger|C:26:\"Laminas\\Stdlib\\ArrayObject\":271:{a:4:{s:7:\"storage\";a:1:{s:8:\"messages\";a:1:{i:1;a:1:{i:0;s:23:\"Successfully logged out\";}}}s:4:\"flag\";i:2;s:13:\"iteratorClass\";s:13:\"ArrayIterator\";s:19:\"protectedProperties\";a:4:{i:0;s:7:\"storage\";i:1;s:4:\"flag\";i:2;s:13:\"iteratorClass\";i:3;s:19:\"protectedProperties\";}}}Laminas_Validator_Csrf_salt_confirmform_csrf|C:26:\"Laminas\\Stdlib\\ArrayObject\":2392:{a:4:{s:7:\"storage\";a:2:{s:9:\"tokenList\";a:26:{s:32:\"b75c7e35095dc84af14c2e7c0ff19000\";s:32:\"e49aefd9412152b4090466490baedcea\";s:32:\"d1c2106bf2be5c407453bb746bfc07b7\";s:32:\"09b1cd96f55f2c3499a2ec19c5bd8fde\";s:32:\"37c170afdad4642ad58cab9f4705e39d\";s:32:\"8ceda07539ae1baf421404eb392c34f9\";s:32:\"a79bb137286463b59e7085d36bce0872\";s:32:\"f21a89132ceecc3e77103367c9c27eb8\";s:32:\"88377264cb3dfec61df53f06e343c6be\";s:32:\"de75b05688aa65b327d6c9343c2be921\";s:32:\"dea89c9f9f721ec516ac6e11d7a8f044\";s:32:\"8bb23fdcde202d5afe303ea53b482a39\";s:32:\"b30bd202a3a30fcd71df8cda9162322a\";s:32:\"d3454fb9ba967c363a4633ca256b6dc8\";s:32:\"37d6458e5a4dc1d0a2c8e3eaa5ae9237\";s:32:\"ebcc13fd49b414fe5328bb0fa50a7a3e\";s:32:\"10941b8d131a55c1a9de0c72bbc69e81\";s:32:\"46828d1a4abf17de2c1912cf6d6ac1b6\";s:32:\"a7a42f22d83e0ed7072d9e8cc6f218a7\";s:32:\"f0ae4e17144582f51e4698677fe2fe53\";s:32:\"958b7c1c74c1eb6130ed735d84e5a9d9\";s:32:\"284d9677485ff86e300c05d15a118b80\";s:32:\"634002dd3c87d4987a27be35b1953104\";s:32:\"ce05d8d0affe38268845b77f9d0b25db\";s:32:\"1f9d2c01f46b0a1f9dbc3feb5e845efd\";s:32:\"d98837f3d7adf9f32ab2cca272758624\";s:32:\"5cf33f5005d1e034ec3df1bde1bc9d9d\";s:32:\"a7f50a2c5138d8ee78fe600f44dae0ec\";s:32:\"d85e590f94bf5f2b3e30917fceb05bef\";s:32:\"bbb7bc00e42e7cd67d7bc1fb8865afce\";s:32:\"326140c7f19c83fba73190ed94c4b5f7\";s:32:\"52a69fba8c7395ca40a23465d72e0322\";s:32:\"ca7534ec320970cba5409c7ed0493ea9\";s:32:\"9c2eea3f73eb168f5bf259275dcf9bd7\";s:32:\"91fa9fb14d2e5bb2a0354688fd5eab01\";s:32:\"f62d1efec6dc80b77b582747b1371c20\";s:32:\"1a30f0bb41fb7fbdc68111afb93b8526\";s:32:\"e457fb7f53ac53e59944478531e39f29\";s:32:\"8ee958738c81d78a0329b4ef5a9d6c05\";s:32:\"0c5935a99c2e537abb7e06b4ec9f2168\";s:32:\"861507738313a268d387c4fb0f5fca1e\";s:32:\"bfc026253f20e0c8fd36c7e926bf5484\";s:32:\"8c32628e1f0a4a535d53756033ba7b5e\";s:32:\"e07f766fa52b58e82876f32e64a76aa5\";s:32:\"0d6f23b403b9c4ce334cd9f58d844c1d\";s:32:\"e17c16e0523390830df4b8e2e25379de\";s:32:\"912cb345e0287a7bc9f8439f981fa092\";s:32:\"38f9daa63b43c72b3b55e07618cd7b39\";s:32:\"7ecff98977379dd41240516b212e2e46\";s:32:\"8758d36cf904450479b057c64dfb72d2\";s:32:\"b62088778a29262aa8b98f8452133ae3\";s:32:\"345bdfad3c4d71e7a20e6358d7bec931\";}s:4:\"hash\";s:65:\"345bdfad3c4d71e7a20e6358d7bec931-b62088778a29262aa8b98f8452133ae3\";}s:4:\"flag\";i:2;s:13:\"iteratorClass\";s:13:\"ArrayIterator\";s:19:\"protectedProperties\";a:4:{i:0;s:7:\"storage\";i:1;s:4:\"flag\";i:2;s:13:\"iteratorClass\";i:3;s:19:\"protectedProperties\";}}}Laminas_Validator_Csrf_salt_csrf|C:26:\"Laminas\\Stdlib\\ArrayObject\":4392:{a:4:{s:7:\"storage\";a:2:{s:9:\"tokenList\";a:51:{s:32:\"0852cb5362f0674eca8efbc200067cb0\";s:32:\"6515ef7f8843df1d4d3e16214cecb8d0\";s:32:\"42b9905df89ce1974417e427fa6dd25e\";s:32:\"d9bd646c27d9e3d7732f8a62771e9b17\";s:32:\"7abc6e80091758def087337e2c4c16fb\";s:32:\"4f7b328199695c6f872e07da72532597\";s:32:\"83ccc62bf9869d5cef2a7bd7e0bb595f\";s:32:\"4c06175348da235286e86a32c11ec63d\";s:32:\"8680219ce77d9c2f067779644c5c6338\";s:32:\"c965d6ddb8d55687566594e4afca4f01\";s:32:\"f8a7d4ecd49c5396ba968860615c723e\";s:32:\"c90da7d177ac4907ad9fda4d875f1c57\";s:32:\"fc140c3081e0c9e3b4333e185cf46e8b\";s:32:\"ea56a2c452147e846cc195c353d637c5\";s:32:\"17734e7c518d0a60d6af5ae56a6d3c6b\";s:32:\"e3ded234304f2779fe9bfdb831f70c50\";s:32:\"51ab444e22cf1a474f4346b10e2e44a2\";s:32:\"4869a4011048b1c9f1b3ccbf3014de95\";s:32:\"e453a769fbae7cf0018dc5a61a430b17\";s:32:\"959c815cf67e7f5b6ecc66ea77a395ed\";s:32:\"7a7f13ee48d150e16798f077fc415890\";s:32:\"6c888f31d25e0e2f32b9aebca6f16954\";s:32:\"12bffdcfca547f339b0a65b217fe9424\";s:32:\"ccd550861d6c15d3aae512165b009e16\";s:32:\"ac52248e83de83ba29ddbea0aab1a3e5\";s:32:\"f3fa33a9b1fcd6590ada5e55d432fd53\";s:32:\"3b57a4dba86735500026140fadef7a0a\";s:32:\"f5318cef328c2a85308f8bfdbffe98b6\";s:32:\"0689cef52e1dae9132a45dae730a7937\";s:32:\"374b8b96c9cbffe99d66f56664bf94f9\";s:32:\"2d0cbcd87db9bec1c81e29b4f41b7938\";s:32:\"09ef626a305ccb3f94b9d15b0c2c4544\";s:32:\"3a30f02134a7b7b5b56982b36f151f11\";s:32:\"b7ca92880a64fc53c679c1299eef5043\";s:32:\"0b7a536cd42af60adbb4f6d906d58df2\";s:32:\"23ebfec40d0cb67afbc59d25e5e7da79\";s:32:\"dae5b8ec1ebbe83430df19f025a9c6f6\";s:32:\"fab8a8b095bcd1de00ecd3736313635d\";s:32:\"b3c72ee4ed24d890a8fdcd11a9378673\";s:32:\"27fc7dcb55f207010ca35370e0d25f55\";s:32:\"34cb7672447d794e7b26efc7318b9f18\";s:32:\"6cd0809cbf4fc2f4754cfb1b4908c79b\";s:32:\"8c7a3b91f26807dcb9144105207ceae1\";s:32:\"deabc8f0ad2aeb65430a9fd9eb542663\";s:32:\"ec2e2b5eda5c2f574cee2c58ba383eb5\";s:32:\"e38184af42ba70e5cdc39b87582991ec\";s:32:\"15ee42ab72812160a0dd7d37d597e5ea\";s:32:\"5bce5cb512c53de708ebe87d777626bf\";s:32:\"874c9d5869d1d21b1d59c5dffee0aa47\";s:32:\"0a06e1a4f5968719da634e3aa4249f83\";s:32:\"9b2aa7ecf36f806ef64cdcc00081b500\";s:32:\"24e231f8c22f3c275affd2db5b3e0a2c\";s:32:\"aad16ea113c9da96de629a1866e01593\";s:32:\"3a1367d2e587539513039904080425de\";s:32:\"0fc4619c5972981065c3b3192fe4dd1b\";s:32:\"478241f359d3797c35260d2c4e2cd783\";s:32:\"1ef79845bdd6cb7861278a5208e82d9a\";s:32:\"0a3f655a945b9be7354b05b37f5734f7\";s:32:\"3b3139752f47d4676705e9ab4da9b7f4\";s:32:\"55dd38f8f7cb8b6ad87682c5296c42db\";s:32:\"e40ccbd929f139f185554a510424d6d2\";s:32:\"eeeaeee76532b983760d034590cc6ade\";s:32:\"9695f5c2f7253792b0b71ac3ec883e87\";s:32:\"5bbb5e42aea70851b3e3a7d2c65cd230\";s:32:\"21fb28ce1c96dd2154fd0449e5486d3a\";s:32:\"f0e8e46e092269f67851332406bbdd55\";s:32:\"d6addf033017b5e5873e8a1d66eb8feb\";s:32:\"c9774aa14257effff2266c9fc2ee9727\";s:32:\"a03462fc492c913a6e667669f3206eaa\";s:32:\"7df709ad5728ab653dad3524d5a0d8af\";s:32:\"4239f7b8d806cfe1d8740883504875a8\";s:32:\"3c4bc55ec6912546662ca17c7248fd62\";s:32:\"8a94f5d997d345278807b58e7f6cf4e8\";s:32:\"d6ec9eeab68159df7a156fff945c38ce\";s:32:\"39c6bb8b5a8de6135562eacb5ac6318a\";s:32:\"412652063f75cc88c2711c5c6f77cc31\";s:32:\"755272373e9e5896b3f4e7f81ff578ab\";s:32:\"506234dba72b1a5beabff4c2e7f958bc\";s:32:\"1655f50438502768a9a6a37783f63505\";s:32:\"3de791022f2c9b649bdefa43c4146348\";s:32:\"51a1c5f374d1df2762c7dedff5eb221c\";s:32:\"bf887dcf9625cd19c0332bd3ee0a560e\";s:32:\"52999efc7a8431cb898733b407a66d45\";s:32:\"ccc070925e12bb7849f783923295af48\";s:32:\"54ececd24c8049bc950a3093f8c43556\";s:32:\"cc8cbaf441313f2555589cf16946ff38\";s:32:\"3b3a02b20c66454cf3fe9d5e20b514b1\";s:32:\"d5b1dfb4a5aa77a8f5f44a93d5243909\";s:32:\"ba21a0e2c6b9e94f3f63009c35b31f99\";s:32:\"49807c870dededa23526b674598b10ca\";s:32:\"23f946cfcde0388b577c7145882cd97c\";s:32:\"badc52536b09214eeadc435c8ea7e5a0\";s:32:\"0afa18058035ccd008bbe3006c51f383\";s:32:\"42327d7fbe3ee825772fa36e7d135c21\";s:32:\"b66fa80a12f157627c26d6e0f83237c0\";s:32:\"aedb161076bd16b9b9f5cc0ffe06ef8b\";s:32:\"0e8bd8c19577597aa5515c1485e076ca\";s:32:\"b7b4c0d27a69c8b74c05ffbbac543628\";s:32:\"a7535a600bd1a0de78d4dadd62c99e3c\";s:32:\"56e8104198df9ac4d934d5fe9b5ecac5\";s:32:\"942fa8b1616134ef89675a6dd383056f\";s:32:\"650970feb9c5ab36708db85e21195a52\";}s:4:\"hash\";s:65:\"650970feb9c5ab36708db85e21195a52-942fa8b1616134ef89675a6dd383056f\";}s:4:\"flag\";i:2;s:13:\"iteratorClass\";s:13:\"ArrayIterator\";s:19:\"protectedProperties\";a:4:{i:0;s:7:\"storage\";i:1;s:4:\"flag\";i:2;s:13:\"iteratorClass\";i:3;s:19:\"protectedProperties\";}}}',1636297127),('38de9e23f8b9abaf6d219f82d0b31bfe','__Laminas|a:2:{s:20:\"_REQUEST_ACCESS_TIME\";d:1636488528.7178189754486083984375;s:6:\"_VALID\";a:1:{s:28:\"Laminas\\Session\\Validator\\Id\";s:32:\"38de9e23f8b9abaf6d219f82d0b31bfe\";}}',1636488528),('39105c489ca40b7ce4eb0d4a0689816a','__Laminas|a:2:{s:20:\"_REQUEST_ACCESS_TIME\";d:1636120248.8129460811614990234375;s:6:\"_VALID\";a:1:{s:28:\"Laminas\\Session\\Validator\\Id\";s:32:\"39105c489ca40b7ce4eb0d4a0689816a\";}}',1636120248),('3a0fc1479cbdd0bdd4b75d4d139cc4eb','__Laminas|a:4:{s:20:\"_REQUEST_ACCESS_TIME\";d:1636447425.962850093841552734375;s:6:\"_VALID\";a:1:{s:28:\"Laminas\\Session\\Validator\\Id\";s:32:\"7458f0910d21090275c3126a2a8bdde8\";}s:42:\"Laminas_Validator_Csrf_salt_loginform_csrf\";a:1:{s:6:\"EXPIRE\";i:1636451022;}s:32:\"Laminas_Validator_Csrf_salt_csrf\";a:1:{s:6:\"EXPIRE\";i:1636451025;}}Laminas_Validator_Csrf_salt_loginform_csrf|C:26:\"Laminas\\Stdlib\\ArrayObject\":391:{a:4:{s:7:\"storage\";a:2:{s:9:\"tokenList\";a:1:{s:32:\"b709830daccb7d7afa008614385f6024\";s:32:\"c9a0a3d5e7de70115198d4c76427d3b3\";}s:4:\"hash\";s:65:\"c9a0a3d5e7de70115198d4c76427d3b3-b709830daccb7d7afa008614385f6024\";}s:4:\"flag\";i:2;s:13:\"iteratorClass\";s:13:\"ArrayIterator\";s:19:\"protectedProperties\";a:4:{i:0;s:7:\"storage\";i:1;s:4:\"flag\";i:2;s:13:\"iteratorClass\";i:3;s:19:\"protectedProperties\";}}}Laminas_Auth|C:26:\"Laminas\\Stdlib\\ArrayObject\":223:{a:4:{s:7:\"storage\";a:1:{s:7:\"storage\";i:1;}s:4:\"flag\";i:2;s:13:\"iteratorClass\";s:13:\"ArrayIterator\";s:19:\"protectedProperties\";a:4:{i:0;s:7:\"storage\";i:1;s:4:\"flag\";i:2;s:13:\"iteratorClass\";i:3;s:19:\"protectedProperties\";}}}OmekaMessenger|C:26:\"Laminas\\Stdlib\\ArrayObject\":205:{a:4:{s:7:\"storage\";a:0:{}s:4:\"flag\";i:2;s:13:\"iteratorClass\";s:13:\"ArrayIterator\";s:19:\"protectedProperties\";a:4:{i:0;s:7:\"storage\";i:1;s:4:\"flag\";i:2;s:13:\"iteratorClass\";i:3;s:19:\"protectedProperties\";}}}redirect_url|N;Laminas_Validator_Csrf_salt_csrf|C:26:\"Laminas\\Stdlib\\ArrayObject\":391:{a:4:{s:7:\"storage\";a:2:{s:9:\"tokenList\";a:1:{s:32:\"0a4ba2ed6eb192af302d3c1965dac1c6\";s:32:\"6894f85cf5dacd1f43b47545fb4dce3c\";}s:4:\"hash\";s:65:\"6894f85cf5dacd1f43b47545fb4dce3c-0a4ba2ed6eb192af302d3c1965dac1c6\";}s:4:\"flag\";i:2;s:13:\"iteratorClass\";s:13:\"ArrayIterator\";s:19:\"protectedProperties\";a:4:{i:0;s:7:\"storage\";i:1;s:4:\"flag\";i:2;s:13:\"iteratorClass\";i:3;s:19:\"protectedProperties\";}}}',1636447425),('3cc0ba9bde8f9bf2a058adf6c596f71f','__Laminas|a:2:{s:20:\"_REQUEST_ACCESS_TIME\";d:1636448013.7911140918731689453125;s:6:\"_VALID\";a:1:{s:28:\"Laminas\\Session\\Validator\\Id\";s:32:\"3cc0ba9bde8f9bf2a058adf6c596f71f\";}}redirect_url|s:45:\"http://id.analoggamemuseum.org/admin/user/add\";',1636448013),('3fefa0d6497332a2518316cdcf1b8451','__Laminas|a:2:{s:20:\"_REQUEST_ACCESS_TIME\";d:1636488552.1183431148529052734375;s:6:\"_VALID\";a:1:{s:28:\"Laminas\\Session\\Validator\\Id\";s:32:\"3fefa0d6497332a2518316cdcf1b8451\";}}',1636488552),('40249779377d975797f37817ded689fb','__Laminas|a:4:{s:20:\"_REQUEST_ACCESS_TIME\";d:1636502818.013452053070068359375;s:6:\"_VALID\";a:1:{s:28:\"Laminas\\Session\\Validator\\Id\";s:32:\"349f3344b329c3c01847c617cc65305f\";}s:42:\"Laminas_Validator_Csrf_salt_loginform_csrf\";a:1:{s:6:\"EXPIRE\";i:1636506413;}s:32:\"Laminas_Validator_Csrf_salt_csrf\";a:1:{s:6:\"EXPIRE\";i:1636506418;}}Laminas_Validator_Csrf_salt_loginform_csrf|C:26:\"Laminas\\Stdlib\\ArrayObject\":391:{a:4:{s:7:\"storage\";a:2:{s:9:\"tokenList\";a:1:{s:32:\"27a7fa3bfd777536e013d49f264dc17e\";s:32:\"d0da5844e8d8915b773ff8df10221801\";}s:4:\"hash\";s:65:\"d0da5844e8d8915b773ff8df10221801-27a7fa3bfd777536e013d49f264dc17e\";}s:4:\"flag\";i:2;s:13:\"iteratorClass\";s:13:\"ArrayIterator\";s:19:\"protectedProperties\";a:4:{i:0;s:7:\"storage\";i:1;s:4:\"flag\";i:2;s:13:\"iteratorClass\";i:3;s:19:\"protectedProperties\";}}}Laminas_Auth|C:26:\"Laminas\\Stdlib\\ArrayObject\":223:{a:4:{s:7:\"storage\";a:1:{s:7:\"storage\";i:1;}s:4:\"flag\";i:2;s:13:\"iteratorClass\";s:13:\"ArrayIterator\";s:19:\"protectedProperties\";a:4:{i:0;s:7:\"storage\";i:1;s:4:\"flag\";i:2;s:13:\"iteratorClass\";i:3;s:19:\"protectedProperties\";}}}OmekaMessenger|C:26:\"Laminas\\Stdlib\\ArrayObject\":205:{a:4:{s:7:\"storage\";a:0:{}s:4:\"flag\";i:2;s:13:\"iteratorClass\";s:13:\"ArrayIterator\";s:19:\"protectedProperties\";a:4:{i:0;s:7:\"storage\";i:1;s:4:\"flag\";i:2;s:13:\"iteratorClass\";i:3;s:19:\"protectedProperties\";}}}redirect_url|N;Laminas_Validator_Csrf_salt_csrf|C:26:\"Laminas\\Stdlib\\ArrayObject\":391:{a:4:{s:7:\"storage\";a:2:{s:9:\"tokenList\";a:1:{s:32:\"42998e3cb90d9ffd7e696fe561598177\";s:32:\"7b79daa3e3c80da7319c7fc0bb537213\";}s:4:\"hash\";s:65:\"7b79daa3e3c80da7319c7fc0bb537213-42998e3cb90d9ffd7e696fe561598177\";}s:4:\"flag\";i:2;s:13:\"iteratorClass\";s:13:\"ArrayIterator\";s:19:\"protectedProperties\";a:4:{i:0;s:7:\"storage\";i:1;s:4:\"flag\";i:2;s:13:\"iteratorClass\";i:3;s:19:\"protectedProperties\";}}}',1636502818),('42ed0fcf69727fbbe5132845e8b96777','__Laminas|a:4:{s:20:\"_REQUEST_ACCESS_TIME\";d:1636502443.773912906646728515625;s:6:\"_VALID\";a:1:{s:28:\"Laminas\\Session\\Validator\\Id\";s:32:\"4faa0f029503db8a5bd08da6760c06d8\";}s:42:\"Laminas_Validator_Csrf_salt_loginform_csrf\";a:1:{s:6:\"EXPIRE\";i:1636506040;}s:32:\"Laminas_Validator_Csrf_salt_csrf\";a:1:{s:6:\"EXPIRE\";i:1636506043;}}Laminas_Validator_Csrf_salt_loginform_csrf|C:26:\"Laminas\\Stdlib\\ArrayObject\":391:{a:4:{s:7:\"storage\";a:2:{s:9:\"tokenList\";a:1:{s:32:\"d0398512905896cc91cf637758d0bc09\";s:32:\"63c49c3fccfa181fb8b5c57a39134031\";}s:4:\"hash\";s:65:\"63c49c3fccfa181fb8b5c57a39134031-d0398512905896cc91cf637758d0bc09\";}s:4:\"flag\";i:2;s:13:\"iteratorClass\";s:13:\"ArrayIterator\";s:19:\"protectedProperties\";a:4:{i:0;s:7:\"storage\";i:1;s:4:\"flag\";i:2;s:13:\"iteratorClass\";i:3;s:19:\"protectedProperties\";}}}Laminas_Auth|C:26:\"Laminas\\Stdlib\\ArrayObject\":223:{a:4:{s:7:\"storage\";a:1:{s:7:\"storage\";i:1;}s:4:\"flag\";i:2;s:13:\"iteratorClass\";s:13:\"ArrayIterator\";s:19:\"protectedProperties\";a:4:{i:0;s:7:\"storage\";i:1;s:4:\"flag\";i:2;s:13:\"iteratorClass\";i:3;s:19:\"protectedProperties\";}}}OmekaMessenger|C:26:\"Laminas\\Stdlib\\ArrayObject\":205:{a:4:{s:7:\"storage\";a:0:{}s:4:\"flag\";i:2;s:13:\"iteratorClass\";s:13:\"ArrayIterator\";s:19:\"protectedProperties\";a:4:{i:0;s:7:\"storage\";i:1;s:4:\"flag\";i:2;s:13:\"iteratorClass\";i:3;s:19:\"protectedProperties\";}}}redirect_url|N;Laminas_Validator_Csrf_salt_csrf|C:26:\"Laminas\\Stdlib\\ArrayObject\":391:{a:4:{s:7:\"storage\";a:2:{s:9:\"tokenList\";a:1:{s:32:\"f930eb7706ff1c75e90074e53e8c978a\";s:32:\"c8ee25a9f46de15326b885632fa3bb35\";}s:4:\"hash\";s:65:\"c8ee25a9f46de15326b885632fa3bb35-f930eb7706ff1c75e90074e53e8c978a\";}s:4:\"flag\";i:2;s:13:\"iteratorClass\";s:13:\"ArrayIterator\";s:19:\"protectedProperties\";a:4:{i:0;s:7:\"storage\";i:1;s:4:\"flag\";i:2;s:13:\"iteratorClass\";i:3;s:19:\"protectedProperties\";}}}',1636502443),('43d9b8616388aad08d1490fde6026dec','__Laminas|a:6:{s:20:\"_REQUEST_ACCESS_TIME\";d:1636297173.86433696746826171875;s:6:\"_VALID\";a:1:{s:28:\"Laminas\\Session\\Validator\\Id\";s:32:\"67b701b1741721298bcbca8f4fca6af8\";}s:42:\"Laminas_Validator_Csrf_salt_loginform_csrf\";a:1:{s:6:\"EXPIRE\";i:1636300736;}s:45:\"Laminas_Validator_Csrf_salt_activateform_csrf\";a:1:{s:6:\"EXPIRE\";i:1636300730;}s:44:\"Laminas_Validator_Csrf_salt_confirmform_csrf\";a:1:{s:6:\"EXPIRE\";i:1636300752;}s:32:\"Laminas_Validator_Csrf_salt_csrf\";a:1:{s:6:\"EXPIRE\";i:1636300755;}}Laminas_Validator_Csrf_salt_loginform_csrf|C:26:\"Laminas\\Stdlib\\ArrayObject\":471:{a:4:{s:7:\"storage\";a:2:{s:9:\"tokenList\";a:2:{s:32:\"fc216c8f65fbc629ea4e4e5ef2c9aabc\";s:32:\"320f82d9fb323b62c4a27c6b3aa0eb65\";s:32:\"e0e18c2801185f60795f0fd9a5ac0e9e\";s:32:\"647e0e539f03d4e691dc8d152152ed35\";}s:4:\"hash\";s:65:\"647e0e539f03d4e691dc8d152152ed35-e0e18c2801185f60795f0fd9a5ac0e9e\";}s:4:\"flag\";i:2;s:13:\"iteratorClass\";s:13:\"ArrayIterator\";s:19:\"protectedProperties\";a:4:{i:0;s:7:\"storage\";i:1;s:4:\"flag\";i:2;s:13:\"iteratorClass\";i:3;s:19:\"protectedProperties\";}}}Laminas_Validator_Csrf_salt_activateform_csrf|C:26:\"Laminas\\Stdlib\\ArrayObject\":391:{a:4:{s:7:\"storage\";a:2:{s:9:\"tokenList\";a:1:{s:32:\"ebe164161bf315c32d4d7f648ccc3ba2\";s:32:\"ee597cacec56e3b9c8a68126fd3f055f\";}s:4:\"hash\";s:65:\"ee597cacec56e3b9c8a68126fd3f055f-ebe164161bf315c32d4d7f648ccc3ba2\";}s:4:\"flag\";i:2;s:13:\"iteratorClass\";s:13:\"ArrayIterator\";s:19:\"protectedProperties\";a:4:{i:0;s:7:\"storage\";i:1;s:4:\"flag\";i:2;s:13:\"iteratorClass\";i:3;s:19:\"protectedProperties\";}}}OmekaMessenger|C:26:\"Laminas\\Stdlib\\ArrayObject\":271:{a:4:{s:7:\"storage\";a:1:{s:8:\"messages\";a:1:{i:1;a:1:{i:0;s:23:\"Successfully logged out\";}}}s:4:\"flag\";i:2;s:13:\"iteratorClass\";s:13:\"ArrayIterator\";s:19:\"protectedProperties\";a:4:{i:0;s:7:\"storage\";i:1;s:4:\"flag\";i:2;s:13:\"iteratorClass\";i:3;s:19:\"protectedProperties\";}}}Laminas_Auth|C:26:\"Laminas\\Stdlib\\ArrayObject\":205:{a:4:{s:7:\"storage\";a:0:{}s:4:\"flag\";i:2;s:13:\"iteratorClass\";s:13:\"ArrayIterator\";s:19:\"protectedProperties\";a:4:{i:0;s:7:\"storage\";i:1;s:4:\"flag\";i:2;s:13:\"iteratorClass\";i:3;s:19:\"protectedProperties\";}}}redirect_url|N;Laminas_Validator_Csrf_salt_confirmform_csrf|C:26:\"Laminas\\Stdlib\\ArrayObject\":471:{a:4:{s:7:\"storage\";a:2:{s:9:\"tokenList\";a:2:{s:32:\"1cd2988bf9e6aa573f65d3337d62d32d\";s:32:\"4b7f2b6d27c8294613eb793d6f1750c1\";s:32:\"f7a3adb259903761dfc26f7ca513cccb\";s:32:\"15b07475ef62d8b4d3c52dc8d09fe29d\";}s:4:\"hash\";s:65:\"15b07475ef62d8b4d3c52dc8d09fe29d-f7a3adb259903761dfc26f7ca513cccb\";}s:4:\"flag\";i:2;s:13:\"iteratorClass\";s:13:\"ArrayIterator\";s:19:\"protectedProperties\";a:4:{i:0;s:7:\"storage\";i:1;s:4:\"flag\";i:2;s:13:\"iteratorClass\";i:3;s:19:\"protectedProperties\";}}}Laminas_Validator_Csrf_salt_csrf|C:26:\"Laminas\\Stdlib\\ArrayObject\":391:{a:4:{s:7:\"storage\";a:2:{s:9:\"tokenList\";a:1:{s:32:\"62fcedf1beea9a40fcbf9cd387a9edfa\";s:32:\"a251509240469c114da23610205b3cc3\";}s:4:\"hash\";s:65:\"a251509240469c114da23610205b3cc3-62fcedf1beea9a40fcbf9cd387a9edfa\";}s:4:\"flag\";i:2;s:13:\"iteratorClass\";s:13:\"ArrayIterator\";s:19:\"protectedProperties\";a:4:{i:0;s:7:\"storage\";i:1;s:4:\"flag\";i:2;s:13:\"iteratorClass\";i:3;s:19:\"protectedProperties\";}}}',1636297173),('454eb9cf9ea7db0adfac4f955933316b','__Laminas|a:2:{s:20:\"_REQUEST_ACCESS_TIME\";d:1636488518.976602077484130859375;s:6:\"_VALID\";a:1:{s:28:\"Laminas\\Session\\Validator\\Id\";s:32:\"454eb9cf9ea7db0adfac4f955933316b\";}}',1636488518),('465a4ea2975ca932987f22b4690dae17','__Laminas|a:2:{s:20:\"_REQUEST_ACCESS_TIME\";d:1636536389.3840219974517822265625;s:6:\"_VALID\";a:1:{s:28:\"Laminas\\Session\\Validator\\Id\";s:32:\"465a4ea2975ca932987f22b4690dae17\";}}',1636536389),('46d968fc59c4be182eba137e5b67f3bd','__Laminas|a:2:{s:20:\"_REQUEST_ACCESS_TIME\";d:1636488530.42730808258056640625;s:6:\"_VALID\";a:1:{s:28:\"Laminas\\Session\\Validator\\Id\";s:32:\"46d968fc59c4be182eba137e5b67f3bd\";}}',1636488530),('4731253bbbccab3a2e0766c4848c7a6e','__Laminas|a:2:{s:20:\"_REQUEST_ACCESS_TIME\";d:1636120259.538341045379638671875;s:6:\"_VALID\";a:1:{s:28:\"Laminas\\Session\\Validator\\Id\";s:32:\"4731253bbbccab3a2e0766c4848c7a6e\";}}',1636120259),('48800329fc02ba2703dab7798769eb3d','__Laminas|a:2:{s:20:\"_REQUEST_ACCESS_TIME\";d:1636488550.3854129314422607421875;s:6:\"_VALID\";a:1:{s:28:\"Laminas\\Session\\Validator\\Id\";s:32:\"48800329fc02ba2703dab7798769eb3d\";}}',1636488550),('4a00301efe9c9ea8ad760ce45e9943b2','__Laminas|a:2:{s:20:\"_REQUEST_ACCESS_TIME\";d:1636389367.1474840641021728515625;s:6:\"_VALID\";a:1:{s:28:\"Laminas\\Session\\Validator\\Id\";s:32:\"4a00301efe9c9ea8ad760ce45e9943b2\";}}',1636389367),('4aa80d0505158f2f69f3a03a18d0a33d','__Laminas|a:2:{s:20:\"_REQUEST_ACCESS_TIME\";d:1636120225.382750988006591796875;s:6:\"_VALID\";a:1:{s:28:\"Laminas\\Session\\Validator\\Id\";s:32:\"4aa80d0505158f2f69f3a03a18d0a33d\";}}',1636120225),('4bd7417dea472f5fa8c81c3449f77541','__Laminas|a:2:{s:20:\"_REQUEST_ACCESS_TIME\";d:1636120309.2523670196533203125;s:6:\"_VALID\";a:1:{s:28:\"Laminas\\Session\\Validator\\Id\";s:32:\"4bd7417dea472f5fa8c81c3449f77541\";}}',1636120309),('4c82dc4a881e0fd60cc7ad2c400354f4','__Laminas|a:2:{s:20:\"_REQUEST_ACCESS_TIME\";d:1636120273.4051361083984375;s:6:\"_VALID\";a:1:{s:28:\"Laminas\\Session\\Validator\\Id\";s:32:\"4c82dc4a881e0fd60cc7ad2c400354f4\";}}',1636120273),('4cade3f1c7bb4326e04559152f3bec56','__Laminas|a:4:{s:20:\"_REQUEST_ACCESS_TIME\";d:1636501902.7825601100921630859375;s:6:\"_VALID\";a:1:{s:28:\"Laminas\\Session\\Validator\\Id\";s:32:\"1402037df5ab618027cc647cd3686d6d\";}s:42:\"Laminas_Validator_Csrf_salt_loginform_csrf\";a:1:{s:6:\"EXPIRE\";i:1636505499;}s:32:\"Laminas_Validator_Csrf_salt_csrf\";a:1:{s:6:\"EXPIRE\";i:1636505502;}}Laminas_Validator_Csrf_salt_loginform_csrf|C:26:\"Laminas\\Stdlib\\ArrayObject\":391:{a:4:{s:7:\"storage\";a:2:{s:9:\"tokenList\";a:1:{s:32:\"80b0fa021810f5370f547dc2665c5b47\";s:32:\"32b70be3c5b385e842d603480bf5affb\";}s:4:\"hash\";s:65:\"32b70be3c5b385e842d603480bf5affb-80b0fa021810f5370f547dc2665c5b47\";}s:4:\"flag\";i:2;s:13:\"iteratorClass\";s:13:\"ArrayIterator\";s:19:\"protectedProperties\";a:4:{i:0;s:7:\"storage\";i:1;s:4:\"flag\";i:2;s:13:\"iteratorClass\";i:3;s:19:\"protectedProperties\";}}}Laminas_Auth|C:26:\"Laminas\\Stdlib\\ArrayObject\":223:{a:4:{s:7:\"storage\";a:1:{s:7:\"storage\";i:1;}s:4:\"flag\";i:2;s:13:\"iteratorClass\";s:13:\"ArrayIterator\";s:19:\"protectedProperties\";a:4:{i:0;s:7:\"storage\";i:1;s:4:\"flag\";i:2;s:13:\"iteratorClass\";i:3;s:19:\"protectedProperties\";}}}OmekaMessenger|C:26:\"Laminas\\Stdlib\\ArrayObject\":205:{a:4:{s:7:\"storage\";a:0:{}s:4:\"flag\";i:2;s:13:\"iteratorClass\";s:13:\"ArrayIterator\";s:19:\"protectedProperties\";a:4:{i:0;s:7:\"storage\";i:1;s:4:\"flag\";i:2;s:13:\"iteratorClass\";i:3;s:19:\"protectedProperties\";}}}redirect_url|N;Laminas_Validator_Csrf_salt_csrf|C:26:\"Laminas\\Stdlib\\ArrayObject\":391:{a:4:{s:7:\"storage\";a:2:{s:9:\"tokenList\";a:1:{s:32:\"77fc696e692c466e0962085283263e1d\";s:32:\"7a1383d62e64125f7a94d4010f88efd2\";}s:4:\"hash\";s:65:\"7a1383d62e64125f7a94d4010f88efd2-77fc696e692c466e0962085283263e1d\";}s:4:\"flag\";i:2;s:13:\"iteratorClass\";s:13:\"ArrayIterator\";s:19:\"protectedProperties\";a:4:{i:0;s:7:\"storage\";i:1;s:4:\"flag\";i:2;s:13:\"iteratorClass\";i:3;s:19:\"protectedProperties\";}}}',1636501902),('4cf218ec8416a153a62d3cec4f68a362','__Laminas|a:2:{s:20:\"_REQUEST_ACCESS_TIME\";d:1636488551.5401470661163330078125;s:6:\"_VALID\";a:1:{s:28:\"Laminas\\Session\\Validator\\Id\";s:32:\"4cf218ec8416a153a62d3cec4f68a362\";}}',1636488551),('4d25673971775d4450d94d58f0ecea6f','__Laminas|a:2:{s:20:\"_REQUEST_ACCESS_TIME\";d:1636120308.01224994659423828125;s:6:\"_VALID\";a:1:{s:28:\"Laminas\\Session\\Validator\\Id\";s:32:\"4d25673971775d4450d94d58f0ecea6f\";}}',1636120308),('4ec8452cb7db14aba7a8481a3d8cdcdb','__Laminas|a:4:{s:20:\"_REQUEST_ACCESS_TIME\";d:1636502368.9404909610748291015625;s:6:\"_VALID\";a:1:{s:28:\"Laminas\\Session\\Validator\\Id\";s:32:\"ea806212f6e85a29a70ce6345347978d\";}s:42:\"Laminas_Validator_Csrf_salt_loginform_csrf\";a:1:{s:6:\"EXPIRE\";i:1636505964;}s:32:\"Laminas_Validator_Csrf_salt_csrf\";a:1:{s:6:\"EXPIRE\";i:1636505968;}}Laminas_Validator_Csrf_salt_loginform_csrf|C:26:\"Laminas\\Stdlib\\ArrayObject\":391:{a:4:{s:7:\"storage\";a:2:{s:9:\"tokenList\";a:1:{s:32:\"1dccdeacf685e926ff2346f3960f110c\";s:32:\"0069c7bf9b5bc61c41d061331781cb89\";}s:4:\"hash\";s:65:\"0069c7bf9b5bc61c41d061331781cb89-1dccdeacf685e926ff2346f3960f110c\";}s:4:\"flag\";i:2;s:13:\"iteratorClass\";s:13:\"ArrayIterator\";s:19:\"protectedProperties\";a:4:{i:0;s:7:\"storage\";i:1;s:4:\"flag\";i:2;s:13:\"iteratorClass\";i:3;s:19:\"protectedProperties\";}}}Laminas_Auth|C:26:\"Laminas\\Stdlib\\ArrayObject\":223:{a:4:{s:7:\"storage\";a:1:{s:7:\"storage\";i:1;}s:4:\"flag\";i:2;s:13:\"iteratorClass\";s:13:\"ArrayIterator\";s:19:\"protectedProperties\";a:4:{i:0;s:7:\"storage\";i:1;s:4:\"flag\";i:2;s:13:\"iteratorClass\";i:3;s:19:\"protectedProperties\";}}}OmekaMessenger|C:26:\"Laminas\\Stdlib\\ArrayObject\":205:{a:4:{s:7:\"storage\";a:0:{}s:4:\"flag\";i:2;s:13:\"iteratorClass\";s:13:\"ArrayIterator\";s:19:\"protectedProperties\";a:4:{i:0;s:7:\"storage\";i:1;s:4:\"flag\";i:2;s:13:\"iteratorClass\";i:3;s:19:\"protectedProperties\";}}}redirect_url|N;Laminas_Validator_Csrf_salt_csrf|C:26:\"Laminas\\Stdlib\\ArrayObject\":391:{a:4:{s:7:\"storage\";a:2:{s:9:\"tokenList\";a:1:{s:32:\"606339a1e49a54114ab8b96f9a5058bf\";s:32:\"022bb8a6f01da086502496cf8016aaba\";}s:4:\"hash\";s:65:\"022bb8a6f01da086502496cf8016aaba-606339a1e49a54114ab8b96f9a5058bf\";}s:4:\"flag\";i:2;s:13:\"iteratorClass\";s:13:\"ArrayIterator\";s:19:\"protectedProperties\";a:4:{i:0;s:7:\"storage\";i:1;s:4:\"flag\";i:2;s:13:\"iteratorClass\";i:3;s:19:\"protectedProperties\";}}}',1636502368),('526cf899d04972f67cfd78099eb6bb07','__Laminas|a:2:{s:20:\"_REQUEST_ACCESS_TIME\";d:1636488526.4193060398101806640625;s:6:\"_VALID\";a:1:{s:28:\"Laminas\\Session\\Validator\\Id\";s:32:\"526cf899d04972f67cfd78099eb6bb07\";}}',1636488526),('528159c278605681d7ddc86b87b93735','__Laminas|a:4:{s:20:\"_REQUEST_ACCESS_TIME\";d:1636501945.875236034393310546875;s:6:\"_VALID\";a:1:{s:28:\"Laminas\\Session\\Validator\\Id\";s:32:\"c6c62598815d8787e62382e9bbd441cd\";}s:42:\"Laminas_Validator_Csrf_salt_loginform_csrf\";a:1:{s:6:\"EXPIRE\";i:1636505542;}s:32:\"Laminas_Validator_Csrf_salt_csrf\";a:1:{s:6:\"EXPIRE\";i:1636505545;}}Laminas_Validator_Csrf_salt_loginform_csrf|C:26:\"Laminas\\Stdlib\\ArrayObject\":391:{a:4:{s:7:\"storage\";a:2:{s:9:\"tokenList\";a:1:{s:32:\"b3f42a2468ba66dc3c200ae92e302c01\";s:32:\"316f5fcde4de2236e3835b8d2a7517ca\";}s:4:\"hash\";s:65:\"316f5fcde4de2236e3835b8d2a7517ca-b3f42a2468ba66dc3c200ae92e302c01\";}s:4:\"flag\";i:2;s:13:\"iteratorClass\";s:13:\"ArrayIterator\";s:19:\"protectedProperties\";a:4:{i:0;s:7:\"storage\";i:1;s:4:\"flag\";i:2;s:13:\"iteratorClass\";i:3;s:19:\"protectedProperties\";}}}Laminas_Auth|C:26:\"Laminas\\Stdlib\\ArrayObject\":223:{a:4:{s:7:\"storage\";a:1:{s:7:\"storage\";i:1;}s:4:\"flag\";i:2;s:13:\"iteratorClass\";s:13:\"ArrayIterator\";s:19:\"protectedProperties\";a:4:{i:0;s:7:\"storage\";i:1;s:4:\"flag\";i:2;s:13:\"iteratorClass\";i:3;s:19:\"protectedProperties\";}}}OmekaMessenger|C:26:\"Laminas\\Stdlib\\ArrayObject\":205:{a:4:{s:7:\"storage\";a:0:{}s:4:\"flag\";i:2;s:13:\"iteratorClass\";s:13:\"ArrayIterator\";s:19:\"protectedProperties\";a:4:{i:0;s:7:\"storage\";i:1;s:4:\"flag\";i:2;s:13:\"iteratorClass\";i:3;s:19:\"protectedProperties\";}}}redirect_url|N;Laminas_Validator_Csrf_salt_csrf|C:26:\"Laminas\\Stdlib\\ArrayObject\":391:{a:4:{s:7:\"storage\";a:2:{s:9:\"tokenList\";a:1:{s:32:\"af8ebd940276fd44aac34ca10dd06422\";s:32:\"1b665bba3f7bd8f4494f8ea04eab28bd\";}s:4:\"hash\";s:65:\"1b665bba3f7bd8f4494f8ea04eab28bd-af8ebd940276fd44aac34ca10dd06422\";}s:4:\"flag\";i:2;s:13:\"iteratorClass\";s:13:\"ArrayIterator\";s:19:\"protectedProperties\";a:4:{i:0;s:7:\"storage\";i:1;s:4:\"flag\";i:2;s:13:\"iteratorClass\";i:3;s:19:\"protectedProperties\";}}}',1636501945),('547cd7fc1f2e2c82e5058dafb2dbfa1e','__Laminas|a:2:{s:20:\"_REQUEST_ACCESS_TIME\";d:1636488540.0163590908050537109375;s:6:\"_VALID\";a:1:{s:28:\"Laminas\\Session\\Validator\\Id\";s:32:\"547cd7fc1f2e2c82e5058dafb2dbfa1e\";}}',1636488540),('565ff5cdbd1e76e57fe0bdc143a4a925','__Laminas|a:2:{s:20:\"_REQUEST_ACCESS_TIME\";d:1636379764.54619598388671875;s:6:\"_VALID\";a:1:{s:28:\"Laminas\\Session\\Validator\\Id\";s:32:\"565ff5cdbd1e76e57fe0bdc143a4a925\";}}redirect_url|s:45:\"http://id.analoggamemuseum.org/admin/user/add\";',1636379764),('5921e973158711468ba777d1ab67d21a','__Laminas|a:4:{s:20:\"_REQUEST_ACCESS_TIME\";d:1636500904.0019290447235107421875;s:6:\"_VALID\";a:1:{s:28:\"Laminas\\Session\\Validator\\Id\";s:32:\"fedc7f7029fa2a1d19680e893cc38ca8\";}s:42:\"Laminas_Validator_Csrf_salt_loginform_csrf\";a:1:{s:6:\"EXPIRE\";i:1636504500;}s:32:\"Laminas_Validator_Csrf_salt_csrf\";a:1:{s:6:\"EXPIRE\";i:1636504504;}}Laminas_Validator_Csrf_salt_loginform_csrf|C:26:\"Laminas\\Stdlib\\ArrayObject\":391:{a:4:{s:7:\"storage\";a:2:{s:9:\"tokenList\";a:1:{s:32:\"0b4a661dbd2da666cc09bc06c741fe1c\";s:32:\"c12f79e5b06bf5a35dd9425f592b7c90\";}s:4:\"hash\";s:65:\"c12f79e5b06bf5a35dd9425f592b7c90-0b4a661dbd2da666cc09bc06c741fe1c\";}s:4:\"flag\";i:2;s:13:\"iteratorClass\";s:13:\"ArrayIterator\";s:19:\"protectedProperties\";a:4:{i:0;s:7:\"storage\";i:1;s:4:\"flag\";i:2;s:13:\"iteratorClass\";i:3;s:19:\"protectedProperties\";}}}Laminas_Auth|C:26:\"Laminas\\Stdlib\\ArrayObject\":223:{a:4:{s:7:\"storage\";a:1:{s:7:\"storage\";i:1;}s:4:\"flag\";i:2;s:13:\"iteratorClass\";s:13:\"ArrayIterator\";s:19:\"protectedProperties\";a:4:{i:0;s:7:\"storage\";i:1;s:4:\"flag\";i:2;s:13:\"iteratorClass\";i:3;s:19:\"protectedProperties\";}}}OmekaMessenger|C:26:\"Laminas\\Stdlib\\ArrayObject\":205:{a:4:{s:7:\"storage\";a:0:{}s:4:\"flag\";i:2;s:13:\"iteratorClass\";s:13:\"ArrayIterator\";s:19:\"protectedProperties\";a:4:{i:0;s:7:\"storage\";i:1;s:4:\"flag\";i:2;s:13:\"iteratorClass\";i:3;s:19:\"protectedProperties\";}}}redirect_url|N;Laminas_Validator_Csrf_salt_csrf|C:26:\"Laminas\\Stdlib\\ArrayObject\":391:{a:4:{s:7:\"storage\";a:2:{s:9:\"tokenList\";a:1:{s:32:\"8a160d2eac0e193665f8594e94c0cbfd\";s:32:\"b72ca0885cd8aaefc1f9a1eeddb7b21a\";}s:4:\"hash\";s:65:\"b72ca0885cd8aaefc1f9a1eeddb7b21a-8a160d2eac0e193665f8594e94c0cbfd\";}s:4:\"flag\";i:2;s:13:\"iteratorClass\";s:13:\"ArrayIterator\";s:19:\"protectedProperties\";a:4:{i:0;s:7:\"storage\";i:1;s:4:\"flag\";i:2;s:13:\"iteratorClass\";i:3;s:19:\"protectedProperties\";}}}',1636500904),('5a5b75122a57dad27de7c6c6dec684b9','__Laminas|a:2:{s:20:\"_REQUEST_ACCESS_TIME\";d:1635678905.37835597991943359375;s:6:\"_VALID\";a:1:{s:28:\"Laminas\\Session\\Validator\\Id\";s:32:\"5a5b75122a57dad27de7c6c6dec684b9\";}}',1635678905),('5b188bbcd79fcee3f0c2b1b760bcd1eb','__Laminas|a:4:{s:20:\"_REQUEST_ACCESS_TIME\";d:1636419497.324839115142822265625;s:6:\"_VALID\";a:1:{s:28:\"Laminas\\Session\\Validator\\Id\";s:32:\"897c1144a28c4f432a8b1c3d9247a050\";}s:42:\"Laminas_Validator_Csrf_salt_loginform_csrf\";a:1:{s:6:\"EXPIRE\";i:1636423094;}s:32:\"Laminas_Validator_Csrf_salt_csrf\";a:1:{s:6:\"EXPIRE\";i:1636423097;}}Laminas_Validator_Csrf_salt_loginform_csrf|C:26:\"Laminas\\Stdlib\\ArrayObject\":391:{a:4:{s:7:\"storage\";a:2:{s:9:\"tokenList\";a:1:{s:32:\"8575972eaee42c35f1b2d8d4885d2116\";s:32:\"6a0d97864a170e411b00adb8cfb96ab4\";}s:4:\"hash\";s:65:\"6a0d97864a170e411b00adb8cfb96ab4-8575972eaee42c35f1b2d8d4885d2116\";}s:4:\"flag\";i:2;s:13:\"iteratorClass\";s:13:\"ArrayIterator\";s:19:\"protectedProperties\";a:4:{i:0;s:7:\"storage\";i:1;s:4:\"flag\";i:2;s:13:\"iteratorClass\";i:3;s:19:\"protectedProperties\";}}}Laminas_Auth|C:26:\"Laminas\\Stdlib\\ArrayObject\":223:{a:4:{s:7:\"storage\";a:1:{s:7:\"storage\";i:1;}s:4:\"flag\";i:2;s:13:\"iteratorClass\";s:13:\"ArrayIterator\";s:19:\"protectedProperties\";a:4:{i:0;s:7:\"storage\";i:1;s:4:\"flag\";i:2;s:13:\"iteratorClass\";i:3;s:19:\"protectedProperties\";}}}OmekaMessenger|C:26:\"Laminas\\Stdlib\\ArrayObject\":205:{a:4:{s:7:\"storage\";a:0:{}s:4:\"flag\";i:2;s:13:\"iteratorClass\";s:13:\"ArrayIterator\";s:19:\"protectedProperties\";a:4:{i:0;s:7:\"storage\";i:1;s:4:\"flag\";i:2;s:13:\"iteratorClass\";i:3;s:19:\"protectedProperties\";}}}redirect_url|N;Laminas_Validator_Csrf_salt_csrf|C:26:\"Laminas\\Stdlib\\ArrayObject\":391:{a:4:{s:7:\"storage\";a:2:{s:9:\"tokenList\";a:1:{s:32:\"91ccd4b7f24b5ef25da2cab9ffe377a7\";s:32:\"76e597a1f5626b04740a18dfbd8f71c6\";}s:4:\"hash\";s:65:\"76e597a1f5626b04740a18dfbd8f71c6-91ccd4b7f24b5ef25da2cab9ffe377a7\";}s:4:\"flag\";i:2;s:13:\"iteratorClass\";s:13:\"ArrayIterator\";s:19:\"protectedProperties\";a:4:{i:0;s:7:\"storage\";i:1;s:4:\"flag\";i:2;s:13:\"iteratorClass\";i:3;s:19:\"protectedProperties\";}}}',1636419497),('5c8f6cf47f2964633041fe5aabd68f76','__Laminas|a:2:{s:20:\"_REQUEST_ACCESS_TIME\";d:1636389502.033174991607666015625;s:6:\"_VALID\";a:1:{s:28:\"Laminas\\Session\\Validator\\Id\";s:32:\"5c8f6cf47f2964633041fe5aabd68f76\";}}',1636389502),('5e0072885665c410e771b744b184c830','__Laminas|a:4:{s:20:\"_REQUEST_ACCESS_TIME\";d:1636502502.0516870021820068359375;s:6:\"_VALID\";a:1:{s:28:\"Laminas\\Session\\Validator\\Id\";s:32:\"ee869f9274fe56f03c7a34be55be6ad9\";}s:42:\"Laminas_Validator_Csrf_salt_loginform_csrf\";a:1:{s:6:\"EXPIRE\";i:1636506098;}s:32:\"Laminas_Validator_Csrf_salt_csrf\";a:1:{s:6:\"EXPIRE\";i:1636506102;}}Laminas_Validator_Csrf_salt_loginform_csrf|C:26:\"Laminas\\Stdlib\\ArrayObject\":391:{a:4:{s:7:\"storage\";a:2:{s:9:\"tokenList\";a:1:{s:32:\"3d25d213b4c12bc6febf6c57b12b635c\";s:32:\"454322921227b41139fe4d938ea87be1\";}s:4:\"hash\";s:65:\"454322921227b41139fe4d938ea87be1-3d25d213b4c12bc6febf6c57b12b635c\";}s:4:\"flag\";i:2;s:13:\"iteratorClass\";s:13:\"ArrayIterator\";s:19:\"protectedProperties\";a:4:{i:0;s:7:\"storage\";i:1;s:4:\"flag\";i:2;s:13:\"iteratorClass\";i:3;s:19:\"protectedProperties\";}}}Laminas_Auth|C:26:\"Laminas\\Stdlib\\ArrayObject\":223:{a:4:{s:7:\"storage\";a:1:{s:7:\"storage\";i:1;}s:4:\"flag\";i:2;s:13:\"iteratorClass\";s:13:\"ArrayIterator\";s:19:\"protectedProperties\";a:4:{i:0;s:7:\"storage\";i:1;s:4:\"flag\";i:2;s:13:\"iteratorClass\";i:3;s:19:\"protectedProperties\";}}}OmekaMessenger|C:26:\"Laminas\\Stdlib\\ArrayObject\":205:{a:4:{s:7:\"storage\";a:0:{}s:4:\"flag\";i:2;s:13:\"iteratorClass\";s:13:\"ArrayIterator\";s:19:\"protectedProperties\";a:4:{i:0;s:7:\"storage\";i:1;s:4:\"flag\";i:2;s:13:\"iteratorClass\";i:3;s:19:\"protectedProperties\";}}}redirect_url|N;Laminas_Validator_Csrf_salt_csrf|C:26:\"Laminas\\Stdlib\\ArrayObject\":391:{a:4:{s:7:\"storage\";a:2:{s:9:\"tokenList\";a:1:{s:32:\"0b2497d74e18bc6efa45abebe130a4c0\";s:32:\"38e25da3178d46c9d79426f393cd794e\";}s:4:\"hash\";s:65:\"38e25da3178d46c9d79426f393cd794e-0b2497d74e18bc6efa45abebe130a4c0\";}s:4:\"flag\";i:2;s:13:\"iteratorClass\";s:13:\"ArrayIterator\";s:19:\"protectedProperties\";a:4:{i:0;s:7:\"storage\";i:1;s:4:\"flag\";i:2;s:13:\"iteratorClass\";i:3;s:19:\"protectedProperties\";}}}',1636502502),('5e0beda19646d1449223079028259c31','__Laminas|a:2:{s:20:\"_REQUEST_ACCESS_TIME\";d:1636120295.1169250011444091796875;s:6:\"_VALID\";a:1:{s:28:\"Laminas\\Session\\Validator\\Id\";s:32:\"5e0beda19646d1449223079028259c31\";}}',1636120295),('5f29cd756a3355e68c2b2f36148f49e8','__Laminas|a:4:{s:20:\"_REQUEST_ACCESS_TIME\";d:1636502637.849114894866943359375;s:6:\"_VALID\";a:1:{s:28:\"Laminas\\Session\\Validator\\Id\";s:32:\"cd14d2350061371adc5f66cae17893b6\";}s:42:\"Laminas_Validator_Csrf_salt_loginform_csrf\";a:1:{s:6:\"EXPIRE\";i:1636506234;}s:32:\"Laminas_Validator_Csrf_salt_csrf\";a:1:{s:6:\"EXPIRE\";i:1636506237;}}Laminas_Validator_Csrf_salt_loginform_csrf|C:26:\"Laminas\\Stdlib\\ArrayObject\":391:{a:4:{s:7:\"storage\";a:2:{s:9:\"tokenList\";a:1:{s:32:\"fe5cbbeeea333fb4dbf9f5d5883f6402\";s:32:\"8e02d6f0ede0f3fe61bc5e685032aab9\";}s:4:\"hash\";s:65:\"8e02d6f0ede0f3fe61bc5e685032aab9-fe5cbbeeea333fb4dbf9f5d5883f6402\";}s:4:\"flag\";i:2;s:13:\"iteratorClass\";s:13:\"ArrayIterator\";s:19:\"protectedProperties\";a:4:{i:0;s:7:\"storage\";i:1;s:4:\"flag\";i:2;s:13:\"iteratorClass\";i:3;s:19:\"protectedProperties\";}}}Laminas_Auth|C:26:\"Laminas\\Stdlib\\ArrayObject\":223:{a:4:{s:7:\"storage\";a:1:{s:7:\"storage\";i:1;}s:4:\"flag\";i:2;s:13:\"iteratorClass\";s:13:\"ArrayIterator\";s:19:\"protectedProperties\";a:4:{i:0;s:7:\"storage\";i:1;s:4:\"flag\";i:2;s:13:\"iteratorClass\";i:3;s:19:\"protectedProperties\";}}}OmekaMessenger|C:26:\"Laminas\\Stdlib\\ArrayObject\":205:{a:4:{s:7:\"storage\";a:0:{}s:4:\"flag\";i:2;s:13:\"iteratorClass\";s:13:\"ArrayIterator\";s:19:\"protectedProperties\";a:4:{i:0;s:7:\"storage\";i:1;s:4:\"flag\";i:2;s:13:\"iteratorClass\";i:3;s:19:\"protectedProperties\";}}}redirect_url|N;Laminas_Validator_Csrf_salt_csrf|C:26:\"Laminas\\Stdlib\\ArrayObject\":391:{a:4:{s:7:\"storage\";a:2:{s:9:\"tokenList\";a:1:{s:32:\"fb7ac9f57b99ae51c8cd3085e06be35e\";s:32:\"873c007a44fb2941caca814f37468ea8\";}s:4:\"hash\";s:65:\"873c007a44fb2941caca814f37468ea8-fb7ac9f57b99ae51c8cd3085e06be35e\";}s:4:\"flag\";i:2;s:13:\"iteratorClass\";s:13:\"ArrayIterator\";s:19:\"protectedProperties\";a:4:{i:0;s:7:\"storage\";i:1;s:4:\"flag\";i:2;s:13:\"iteratorClass\";i:3;s:19:\"protectedProperties\";}}}',1636502637),('66ddb017160c5522c4574850c2a598e9','__Laminas|a:2:{s:20:\"_REQUEST_ACCESS_TIME\";d:1636120287.474522113800048828125;s:6:\"_VALID\";a:1:{s:28:\"Laminas\\Session\\Validator\\Id\";s:32:\"66ddb017160c5522c4574850c2a598e9\";}}',1636120287),('6e096fa8b9195b6437bf19da67545bd9','__Laminas|a:3:{s:20:\"_REQUEST_ACCESS_TIME\";d:1636448013.863317012786865234375;s:6:\"_VALID\";a:1:{s:28:\"Laminas\\Session\\Validator\\Id\";s:32:\"6e096fa8b9195b6437bf19da67545bd9\";}s:42:\"Laminas_Validator_Csrf_salt_loginform_csrf\";a:1:{s:6:\"EXPIRE\";i:1636451613;}}Laminas_Validator_Csrf_salt_loginform_csrf|C:26:\"Laminas\\Stdlib\\ArrayObject\":391:{a:4:{s:7:\"storage\";a:2:{s:9:\"tokenList\";a:1:{s:32:\"708342b63b15589c9df4a762a6bd69c5\";s:32:\"a478d5fb4fd9a04ad744f5c092899d9b\";}s:4:\"hash\";s:65:\"a478d5fb4fd9a04ad744f5c092899d9b-708342b63b15589c9df4a762a6bd69c5\";}s:4:\"flag\";i:2;s:13:\"iteratorClass\";s:13:\"ArrayIterator\";s:19:\"protectedProperties\";a:4:{i:0;s:7:\"storage\";i:1;s:4:\"flag\";i:2;s:13:\"iteratorClass\";i:3;s:19:\"protectedProperties\";}}}',1636448013),('6e267faf684b7273bd7bf51858fba77c','__Laminas|a:2:{s:20:\"_REQUEST_ACCESS_TIME\";d:1636488556.7114140987396240234375;s:6:\"_VALID\";a:1:{s:28:\"Laminas\\Session\\Validator\\Id\";s:32:\"6e267faf684b7273bd7bf51858fba77c\";}}',1636488556),('720e448474860175686a5b0f095b9e3e','__Laminas|a:2:{s:20:\"_REQUEST_ACCESS_TIME\";d:1636120197.2448670864105224609375;s:6:\"_VALID\";a:1:{s:28:\"Laminas\\Session\\Validator\\Id\";s:32:\"720e448474860175686a5b0f095b9e3e\";}}',1636120197),('7293d0e89d13e149e872c55d9b57eac3','__Laminas|a:2:{s:20:\"_REQUEST_ACCESS_TIME\";d:1636488528.141582965850830078125;s:6:\"_VALID\";a:1:{s:28:\"Laminas\\Session\\Validator\\Id\";s:32:\"7293d0e89d13e149e872c55d9b57eac3\";}}',1636488528),('72a39595c88f485493e0d77baeef66cf','__Laminas|a:2:{s:20:\"_REQUEST_ACCESS_TIME\";d:1636488553.26815700531005859375;s:6:\"_VALID\";a:1:{s:28:\"Laminas\\Session\\Validator\\Id\";s:32:\"72a39595c88f485493e0d77baeef66cf\";}}',1636488553),('72bd43322ae9956b05316011bad32419','__Laminas|a:2:{s:20:\"_REQUEST_ACCESS_TIME\";d:1636488533.291760921478271484375;s:6:\"_VALID\";a:1:{s:28:\"Laminas\\Session\\Validator\\Id\";s:32:\"72bd43322ae9956b05316011bad32419\";}}',1636488533),('732fa8b0b5a33b50bbcb85724c75af3a','__Laminas|a:2:{s:20:\"_REQUEST_ACCESS_TIME\";d:1635184585.8019640445709228515625;s:6:\"_VALID\";a:1:{s:28:\"Laminas\\Session\\Validator\\Id\";s:32:\"732fa8b0b5a33b50bbcb85724c75af3a\";}}',1635184585),('745084c0367c56b6c8215f43096ee986','__Laminas|a:4:{s:20:\"_REQUEST_ACCESS_TIME\";d:1636448270.3101389408111572265625;s:6:\"_VALID\";a:1:{s:28:\"Laminas\\Session\\Validator\\Id\";s:32:\"3f0bb289523e129ccc9d82b4f4c82a3e\";}s:42:\"Laminas_Validator_Csrf_salt_loginform_csrf\";a:1:{s:6:\"EXPIRE\";i:1636451866;}s:32:\"Laminas_Validator_Csrf_salt_csrf\";a:1:{s:6:\"EXPIRE\";i:1636451870;}}Laminas_Validator_Csrf_salt_loginform_csrf|C:26:\"Laminas\\Stdlib\\ArrayObject\":391:{a:4:{s:7:\"storage\";a:2:{s:9:\"tokenList\";a:1:{s:32:\"817b8dd307d43f8fe874d8a740508e6f\";s:32:\"416013b97eba14b8ba2a64b591a88231\";}s:4:\"hash\";s:65:\"416013b97eba14b8ba2a64b591a88231-817b8dd307d43f8fe874d8a740508e6f\";}s:4:\"flag\";i:2;s:13:\"iteratorClass\";s:13:\"ArrayIterator\";s:19:\"protectedProperties\";a:4:{i:0;s:7:\"storage\";i:1;s:4:\"flag\";i:2;s:13:\"iteratorClass\";i:3;s:19:\"protectedProperties\";}}}Laminas_Auth|C:26:\"Laminas\\Stdlib\\ArrayObject\":223:{a:4:{s:7:\"storage\";a:1:{s:7:\"storage\";i:1;}s:4:\"flag\";i:2;s:13:\"iteratorClass\";s:13:\"ArrayIterator\";s:19:\"protectedProperties\";a:4:{i:0;s:7:\"storage\";i:1;s:4:\"flag\";i:2;s:13:\"iteratorClass\";i:3;s:19:\"protectedProperties\";}}}OmekaMessenger|C:26:\"Laminas\\Stdlib\\ArrayObject\":205:{a:4:{s:7:\"storage\";a:0:{}s:4:\"flag\";i:2;s:13:\"iteratorClass\";s:13:\"ArrayIterator\";s:19:\"protectedProperties\";a:4:{i:0;s:7:\"storage\";i:1;s:4:\"flag\";i:2;s:13:\"iteratorClass\";i:3;s:19:\"protectedProperties\";}}}redirect_url|N;Laminas_Validator_Csrf_salt_csrf|C:26:\"Laminas\\Stdlib\\ArrayObject\":391:{a:4:{s:7:\"storage\";a:2:{s:9:\"tokenList\";a:1:{s:32:\"70ba7bf671bc26dec897b03da878a1de\";s:32:\"4857878661ebeb7bdd0698bd8538f6b9\";}s:4:\"hash\";s:65:\"4857878661ebeb7bdd0698bd8538f6b9-70ba7bf671bc26dec897b03da878a1de\";}s:4:\"flag\";i:2;s:13:\"iteratorClass\";s:13:\"ArrayIterator\";s:19:\"protectedProperties\";a:4:{i:0;s:7:\"storage\";i:1;s:4:\"flag\";i:2;s:13:\"iteratorClass\";i:3;s:19:\"protectedProperties\";}}}',1636448270),('762cd1fa00af16c21e4a816eb42c44ab','__Laminas|a:2:{s:20:\"_REQUEST_ACCESS_TIME\";d:1636488540.590507030487060546875;s:6:\"_VALID\";a:1:{s:28:\"Laminas\\Session\\Validator\\Id\";s:32:\"762cd1fa00af16c21e4a816eb42c44ab\";}}',1636488540),('77651d4b942f81a88eeb94ea59ddff7c','__Laminas|a:2:{s:20:\"_REQUEST_ACCESS_TIME\";d:1636488527.5692689418792724609375;s:6:\"_VALID\";a:1:{s:28:\"Laminas\\Session\\Validator\\Id\";s:32:\"77651d4b942f81a88eeb94ea59ddff7c\";}}',1636488527),('777a38223eb5498f3b466bf722dad42d','__Laminas|a:5:{s:20:\"_REQUEST_ACCESS_TIME\";d:1635406735.27912807464599609375;s:6:\"_VALID\";a:1:{s:28:\"Laminas\\Session\\Validator\\Id\";s:32:\"afbd788e933688eb36582defdaac02d7\";}s:42:\"Laminas_Validator_Csrf_salt_loginform_csrf\";a:1:{s:6:\"EXPIRE\";i:1635410301;}s:44:\"Laminas_Validator_Csrf_salt_confirmform_csrf\";a:1:{s:6:\"EXPIRE\";i:1635410322;}s:32:\"Laminas_Validator_Csrf_salt_csrf\";a:1:{s:6:\"EXPIRE\";i:1635410325;}}Laminas_Validator_Csrf_salt_loginform_csrf|C:26:\"Laminas\\Stdlib\\ArrayObject\":391:{a:4:{s:7:\"storage\";a:2:{s:9:\"tokenList\";a:1:{s:32:\"f96fa9af991c3f5e8c7bb3551a32b687\";s:32:\"8a4e685169d9afe987e5637aaa80d82c\";}s:4:\"hash\";s:65:\"8a4e685169d9afe987e5637aaa80d82c-f96fa9af991c3f5e8c7bb3551a32b687\";}s:4:\"flag\";i:2;s:13:\"iteratorClass\";s:13:\"ArrayIterator\";s:19:\"protectedProperties\";a:4:{i:0;s:7:\"storage\";i:1;s:4:\"flag\";i:2;s:13:\"iteratorClass\";i:3;s:19:\"protectedProperties\";}}}Laminas_Auth|C:26:\"Laminas\\Stdlib\\ArrayObject\":224:{a:4:{s:7:\"storage\";a:1:{s:7:\"storage\";i:11;}s:4:\"flag\";i:2;s:13:\"iteratorClass\";s:13:\"ArrayIterator\";s:19:\"protectedProperties\";a:4:{i:0;s:7:\"storage\";i:1;s:4:\"flag\";i:2;s:13:\"iteratorClass\";i:3;s:19:\"protectedProperties\";}}}OmekaMessenger|C:26:\"Laminas\\Stdlib\\ArrayObject\":205:{a:4:{s:7:\"storage\";a:0:{}s:4:\"flag\";i:2;s:13:\"iteratorClass\";s:13:\"ArrayIterator\";s:19:\"protectedProperties\";a:4:{i:0;s:7:\"storage\";i:1;s:4:\"flag\";i:2;s:13:\"iteratorClass\";i:3;s:19:\"protectedProperties\";}}}redirect_url|N;Laminas_Validator_Csrf_salt_confirmform_csrf|C:26:\"Laminas\\Stdlib\\ArrayObject\":791:{a:4:{s:7:\"storage\";a:2:{s:9:\"tokenList\";a:6:{s:32:\"b39940b8db37123c1686677ced404a97\";s:32:\"1b7097a18d6aea00f94f5cbc1c310af0\";s:32:\"0aa3ff516c3f238cdc93bdba35b56b7d\";s:32:\"25a1cae9c70ac66345697e229ef8a032\";s:32:\"a65284e4ac39a0dd6ee400198b36e009\";s:32:\"8c23cf2274d8f281a678e98fb9ab97a7\";s:32:\"b8c08ba85f720c646d9bf2636d2c9627\";s:32:\"5759337ad737bb3066ca42352d950e61\";s:32:\"95a7d3aa4107a0977b76653e345f9539\";s:32:\"3bf3271199df84efd55ccceb366e2ef6\";s:32:\"5c6790045f3239ef2052616e6288c940\";s:32:\"b8f94d66d8fbdd2e4c712ec243415dce\";}s:4:\"hash\";s:65:\"b8f94d66d8fbdd2e4c712ec243415dce-5c6790045f3239ef2052616e6288c940\";}s:4:\"flag\";i:2;s:13:\"iteratorClass\";s:13:\"ArrayIterator\";s:19:\"protectedProperties\";a:4:{i:0;s:7:\"storage\";i:1;s:4:\"flag\";i:2;s:13:\"iteratorClass\";i:3;s:19:\"protectedProperties\";}}}Laminas_Validator_Csrf_salt_csrf|C:26:\"Laminas\\Stdlib\\ArrayObject\":471:{a:4:{s:7:\"storage\";a:2:{s:9:\"tokenList\";a:2:{s:32:\"558ec7cf2334db98e19cbb139a308f31\";s:32:\"1030b688693da68de7ff70e52fb59072\";s:32:\"94fb051fac18731f4a86c37bacbd190f\";s:32:\"b1456e7b501ac018fec643c558ced151\";}s:4:\"hash\";s:65:\"b1456e7b501ac018fec643c558ced151-94fb051fac18731f4a86c37bacbd190f\";}s:4:\"flag\";i:2;s:13:\"iteratorClass\";s:13:\"ArrayIterator\";s:19:\"protectedProperties\";a:4:{i:0;s:7:\"storage\";i:1;s:4:\"flag\";i:2;s:13:\"iteratorClass\";i:3;s:19:\"protectedProperties\";}}}',1635406735),('77c076244f78d050211ebf86ced02da7','__Laminas|a:4:{s:20:\"_REQUEST_ACCESS_TIME\";d:1636297197.9389669895172119140625;s:6:\"_VALID\";a:1:{s:28:\"Laminas\\Session\\Validator\\Id\";s:32:\"8f4627e91468a74711de6d28ff3b0858\";}s:42:\"Laminas_Validator_Csrf_salt_loginform_csrf\";a:1:{s:6:\"EXPIRE\";i:1636300773;}s:44:\"Laminas_Validator_Csrf_salt_confirmform_csrf\";a:1:{s:6:\"EXPIRE\";i:1636300792;}}Laminas_Validator_Csrf_salt_loginform_csrf|C:26:\"Laminas\\Stdlib\\ArrayObject\":391:{a:4:{s:7:\"storage\";a:2:{s:9:\"tokenList\";a:1:{s:32:\"e2353ebb1081458824a97ee2eb877ee8\";s:32:\"2dc3a8129c88deddacea58febc0bff5c\";}s:4:\"hash\";s:65:\"2dc3a8129c88deddacea58febc0bff5c-e2353ebb1081458824a97ee2eb877ee8\";}s:4:\"flag\";i:2;s:13:\"iteratorClass\";s:13:\"ArrayIterator\";s:19:\"protectedProperties\";a:4:{i:0;s:7:\"storage\";i:1;s:4:\"flag\";i:2;s:13:\"iteratorClass\";i:3;s:19:\"protectedProperties\";}}}Laminas_Auth|C:26:\"Laminas\\Stdlib\\ArrayObject\":205:{a:4:{s:7:\"storage\";a:0:{}s:4:\"flag\";i:2;s:13:\"iteratorClass\";s:13:\"ArrayIterator\";s:19:\"protectedProperties\";a:4:{i:0;s:7:\"storage\";i:1;s:4:\"flag\";i:2;s:13:\"iteratorClass\";i:3;s:19:\"protectedProperties\";}}}OmekaMessenger|C:26:\"Laminas\\Stdlib\\ArrayObject\":271:{a:4:{s:7:\"storage\";a:1:{s:8:\"messages\";a:1:{i:1;a:1:{i:0;s:23:\"Successfully logged out\";}}}s:4:\"flag\";i:2;s:13:\"iteratorClass\";s:13:\"ArrayIterator\";s:19:\"protectedProperties\";a:4:{i:0;s:7:\"storage\";i:1;s:4:\"flag\";i:2;s:13:\"iteratorClass\";i:3;s:19:\"protectedProperties\";}}}redirect_url|N;Laminas_Validator_Csrf_salt_confirmform_csrf|C:26:\"Laminas\\Stdlib\\ArrayObject\":791:{a:4:{s:7:\"storage\";a:2:{s:9:\"tokenList\";a:6:{s:32:\"e0e215bd2783ab5b1db5ee8c2f43e37f\";s:32:\"5f273902ac9de84fc70851a79579429b\";s:32:\"6f5915a169498b6228d5a55a4fcf622b\";s:32:\"9f6c128d531459080cd3dfabf1cfebcc\";s:32:\"6db94c4dabfdf344b06c4dafb2c3211f\";s:32:\"b742e13238a9bdc3ca1f37452e18476b\";s:32:\"27293d83d8702e47ef372fc5bc07cdc9\";s:32:\"0c40af9b21b871ceb772ab2f0ddaf173\";s:32:\"22492d4ff7755539050889dd0b3f6617\";s:32:\"1dbede3a549333e2191667de92b9c785\";s:32:\"a85120694de706b2abe1ae1461f88696\";s:32:\"3291ffde3811c518ffeaa15f18c8792e\";}s:4:\"hash\";s:65:\"3291ffde3811c518ffeaa15f18c8792e-a85120694de706b2abe1ae1461f88696\";}s:4:\"flag\";i:2;s:13:\"iteratorClass\";s:13:\"ArrayIterator\";s:19:\"protectedProperties\";a:4:{i:0;s:7:\"storage\";i:1;s:4:\"flag\";i:2;s:13:\"iteratorClass\";i:3;s:19:\"protectedProperties\";}}}',1636297197),('78a701271fac87e718c48b8800c757af','__Laminas|a:2:{s:20:\"_REQUEST_ACCESS_TIME\";d:1636914804.39978790283203125;s:6:\"_VALID\";a:1:{s:28:\"Laminas\\Session\\Validator\\Id\";s:32:\"78a701271fac87e718c48b8800c757af\";}}',1636914804),('792eb537d94ed502ddca8ce3a6b7345d','__Laminas|a:2:{s:20:\"_REQUEST_ACCESS_TIME\";d:1636488537.154673099517822265625;s:6:\"_VALID\";a:1:{s:28:\"Laminas\\Session\\Validator\\Id\";s:32:\"792eb537d94ed502ddca8ce3a6b7345d\";}}',1636488537),('79a8a98b72deeb86d10fed5ca2f12b78','__Laminas|a:2:{s:20:\"_REQUEST_ACCESS_TIME\";d:1636120262.80187702178955078125;s:6:\"_VALID\";a:1:{s:28:\"Laminas\\Session\\Validator\\Id\";s:32:\"79a8a98b72deeb86d10fed5ca2f12b78\";}}',1636120262),('7a8006fef43542bc08d5622a2693e9cf','__Laminas|a:5:{s:20:\"_REQUEST_ACCESS_TIME\";d:1636297831.7283189296722412109375;s:6:\"_VALID\";a:1:{s:28:\"Laminas\\Session\\Validator\\Id\";s:32:\"97dde2e713b84aa0fed45d9c5596025d\";}s:42:\"Laminas_Validator_Csrf_salt_loginform_csrf\";a:1:{s:6:\"EXPIRE\";i:1636300798;}s:44:\"Laminas_Validator_Csrf_salt_confirmform_csrf\";a:1:{s:6:\"EXPIRE\";i:1636300830;}s:32:\"Laminas_Validator_Csrf_salt_csrf\";a:1:{s:6:\"EXPIRE\";i:1636300813;}}Laminas_Validator_Csrf_salt_loginform_csrf|C:26:\"Laminas\\Stdlib\\ArrayObject\":391:{a:4:{s:7:\"storage\";a:2:{s:9:\"tokenList\";a:1:{s:32:\"e1620eb2f70be41525a46bc27e0ec52d\";s:32:\"70a97eb2ab2a582e887f329fc0513b4a\";}s:4:\"hash\";s:65:\"70a97eb2ab2a582e887f329fc0513b4a-e1620eb2f70be41525a46bc27e0ec52d\";}s:4:\"flag\";i:2;s:13:\"iteratorClass\";s:13:\"ArrayIterator\";s:19:\"protectedProperties\";a:4:{i:0;s:7:\"storage\";i:1;s:4:\"flag\";i:2;s:13:\"iteratorClass\";i:3;s:19:\"protectedProperties\";}}}Laminas_Auth|C:26:\"Laminas\\Stdlib\\ArrayObject\":205:{a:4:{s:7:\"storage\";a:0:{}s:4:\"flag\";i:2;s:13:\"iteratorClass\";s:13:\"ArrayIterator\";s:19:\"protectedProperties\";a:4:{i:0;s:7:\"storage\";i:1;s:4:\"flag\";i:2;s:13:\"iteratorClass\";i:3;s:19:\"protectedProperties\";}}}OmekaMessenger|C:26:\"Laminas\\Stdlib\\ArrayObject\":271:{a:4:{s:7:\"storage\";a:1:{s:8:\"messages\";a:1:{i:1;a:1:{i:0;s:23:\"Successfully logged out\";}}}s:4:\"flag\";i:2;s:13:\"iteratorClass\";s:13:\"ArrayIterator\";s:19:\"protectedProperties\";a:4:{i:0;s:7:\"storage\";i:1;s:4:\"flag\";i:2;s:13:\"iteratorClass\";i:3;s:19:\"protectedProperties\";}}}redirect_url|N;Laminas_Validator_Csrf_salt_confirmform_csrf|C:26:\"Laminas\\Stdlib\\ArrayObject\":951:{a:4:{s:7:\"storage\";a:2:{s:9:\"tokenList\";a:8:{s:32:\"1f231a84279e9fe3d0267f021dfc376d\";s:32:\"5944a05434f18fc234bbc60676ff4023\";s:32:\"3ad4df0e0816687cecbb90099f0b8811\";s:32:\"e935041fcbd592d138d9846f09e62be7\";s:32:\"7dd51e85c2638595593e2c4c6bae1508\";s:32:\"ab12ae2091bfe57a32d1eb5398d3ac03\";s:32:\"d176651e21c1f764eed36c66b813786e\";s:32:\"b78f888d630d1fa1e0cfd48055e18b06\";s:32:\"16303c9e80faa23a4d64f4e9c92065d8\";s:32:\"e0d928a437a11270ee8af2007675077b\";s:32:\"6497ca00c46b32496709ea983f1109a4\";s:32:\"d7a28664cd9ff33c567587d01ade2776\";s:32:\"70bd446c56e2809fd404293db0e3555c\";s:32:\"00cbcacdea8db2cf405541190b4d80b1\";s:32:\"f41bf61ea8aa961451f4d12ab1f40406\";s:32:\"759357ced6829ec47cdff7a3b63abe30\";}s:4:\"hash\";s:65:\"759357ced6829ec47cdff7a3b63abe30-f41bf61ea8aa961451f4d12ab1f40406\";}s:4:\"flag\";i:2;s:13:\"iteratorClass\";s:13:\"ArrayIterator\";s:19:\"protectedProperties\";a:4:{i:0;s:7:\"storage\";i:1;s:4:\"flag\";i:2;s:13:\"iteratorClass\";i:3;s:19:\"protectedProperties\";}}}Laminas_Validator_Csrf_salt_csrf|C:26:\"Laminas\\Stdlib\\ArrayObject\":391:{a:4:{s:7:\"storage\";a:2:{s:9:\"tokenList\";a:1:{s:32:\"14b0ee0d1836dc894f94d03590629656\";s:32:\"ab12ff5aa6ecd35074c9770ddc6d2019\";}s:4:\"hash\";s:65:\"ab12ff5aa6ecd35074c9770ddc6d2019-14b0ee0d1836dc894f94d03590629656\";}s:4:\"flag\";i:2;s:13:\"iteratorClass\";s:13:\"ArrayIterator\";s:19:\"protectedProperties\";a:4:{i:0;s:7:\"storage\";i:1;s:4:\"flag\";i:2;s:13:\"iteratorClass\";i:3;s:19:\"protectedProperties\";}}}',1636297831),('7b0d3177cb9b64b1fd0c4234da85c44f','__Laminas|a:2:{s:20:\"_REQUEST_ACCESS_TIME\";d:1636120234.2844889163970947265625;s:6:\"_VALID\";a:1:{s:28:\"Laminas\\Session\\Validator\\Id\";s:32:\"7b0d3177cb9b64b1fd0c4234da85c44f\";}}',1636120234),('7b1552d0718c41a4ed096932a24f5426','__Laminas|a:2:{s:20:\"_REQUEST_ACCESS_TIME\";d:1636120189.4740760326385498046875;s:6:\"_VALID\";a:1:{s:28:\"Laminas\\Session\\Validator\\Id\";s:32:\"7b1552d0718c41a4ed096932a24f5426\";}}',1636120189),('7d4578752bb2ca8a6f044c14d4514b74','__Laminas|a:2:{s:20:\"_REQUEST_ACCESS_TIME\";d:1636800451.2086980342864990234375;s:6:\"_VALID\";a:1:{s:28:\"Laminas\\Session\\Validator\\Id\";s:32:\"7d4578752bb2ca8a6f044c14d4514b74\";}}',1636800451),('7d5f2dbbdeba62c94c5ca0446a51d723','__Laminas|a:2:{s:20:\"_REQUEST_ACCESS_TIME\";d:1636120201.5498449802398681640625;s:6:\"_VALID\";a:1:{s:28:\"Laminas\\Session\\Validator\\Id\";s:32:\"7d5f2dbbdeba62c94c5ca0446a51d723\";}}',1636120201),('7fd7afe2de2ce0cc6bf5dad880cb45f3','__Laminas|a:2:{s:20:\"_REQUEST_ACCESS_TIME\";d:1636488535.4317491054534912109375;s:6:\"_VALID\";a:1:{s:28:\"Laminas\\Session\\Validator\\Id\";s:32:\"7fd7afe2de2ce0cc6bf5dad880cb45f3\";}}',1636488535),('8030564b15b8a055e259ee03b58f5fee','__Laminas|a:4:{s:20:\"_REQUEST_ACCESS_TIME\";d:1636387886.495243072509765625;s:6:\"_VALID\";a:1:{s:28:\"Laminas\\Session\\Validator\\Id\";s:32:\"eb1681663e56f358bbd5292873c1230d\";}s:42:\"Laminas_Validator_Csrf_salt_loginform_csrf\";a:1:{s:6:\"EXPIRE\";i:1636391483;}s:32:\"Laminas_Validator_Csrf_salt_csrf\";a:1:{s:6:\"EXPIRE\";i:1636391486;}}Laminas_Validator_Csrf_salt_loginform_csrf|C:26:\"Laminas\\Stdlib\\ArrayObject\":391:{a:4:{s:7:\"storage\";a:2:{s:9:\"tokenList\";a:1:{s:32:\"d77e21b984d2d947fb828c446572e160\";s:32:\"5255f6a9cf3a4980e467dbc2a2df2c27\";}s:4:\"hash\";s:65:\"5255f6a9cf3a4980e467dbc2a2df2c27-d77e21b984d2d947fb828c446572e160\";}s:4:\"flag\";i:2;s:13:\"iteratorClass\";s:13:\"ArrayIterator\";s:19:\"protectedProperties\";a:4:{i:0;s:7:\"storage\";i:1;s:4:\"flag\";i:2;s:13:\"iteratorClass\";i:3;s:19:\"protectedProperties\";}}}Laminas_Auth|C:26:\"Laminas\\Stdlib\\ArrayObject\":223:{a:4:{s:7:\"storage\";a:1:{s:7:\"storage\";i:1;}s:4:\"flag\";i:2;s:13:\"iteratorClass\";s:13:\"ArrayIterator\";s:19:\"protectedProperties\";a:4:{i:0;s:7:\"storage\";i:1;s:4:\"flag\";i:2;s:13:\"iteratorClass\";i:3;s:19:\"protectedProperties\";}}}OmekaMessenger|C:26:\"Laminas\\Stdlib\\ArrayObject\":205:{a:4:{s:7:\"storage\";a:0:{}s:4:\"flag\";i:2;s:13:\"iteratorClass\";s:13:\"ArrayIterator\";s:19:\"protectedProperties\";a:4:{i:0;s:7:\"storage\";i:1;s:4:\"flag\";i:2;s:13:\"iteratorClass\";i:3;s:19:\"protectedProperties\";}}}redirect_url|N;Laminas_Validator_Csrf_salt_csrf|C:26:\"Laminas\\Stdlib\\ArrayObject\":391:{a:4:{s:7:\"storage\";a:2:{s:9:\"tokenList\";a:1:{s:32:\"35458293193a359e5bfb6f0bf76eac52\";s:32:\"9ddad7dfe5c1fb052e79ba63e468fbbf\";}s:4:\"hash\";s:65:\"9ddad7dfe5c1fb052e79ba63e468fbbf-35458293193a359e5bfb6f0bf76eac52\";}s:4:\"flag\";i:2;s:13:\"iteratorClass\";s:13:\"ArrayIterator\";s:19:\"protectedProperties\";a:4:{i:0;s:7:\"storage\";i:1;s:4:\"flag\";i:2;s:13:\"iteratorClass\";i:3;s:19:\"protectedProperties\";}}}',1636387886),('82a81bd3aaf429aced0486bda726e8a9','__Laminas|a:4:{s:20:\"_REQUEST_ACCESS_TIME\";d:1636436047.1720359325408935546875;s:6:\"_VALID\";a:1:{s:28:\"Laminas\\Session\\Validator\\Id\";s:32:\"b441bd10d6d5b8d0c01630add2f73d44\";}s:42:\"Laminas_Validator_Csrf_salt_loginform_csrf\";a:1:{s:6:\"EXPIRE\";i:1636439643;}s:32:\"Laminas_Validator_Csrf_salt_csrf\";a:1:{s:6:\"EXPIRE\";i:1636439647;}}Laminas_Validator_Csrf_salt_loginform_csrf|C:26:\"Laminas\\Stdlib\\ArrayObject\":391:{a:4:{s:7:\"storage\";a:2:{s:9:\"tokenList\";a:1:{s:32:\"126a7e1f3491bb698bfd3dc28ffab9d2\";s:32:\"4cdd019352067f435295adab051e3c54\";}s:4:\"hash\";s:65:\"4cdd019352067f435295adab051e3c54-126a7e1f3491bb698bfd3dc28ffab9d2\";}s:4:\"flag\";i:2;s:13:\"iteratorClass\";s:13:\"ArrayIterator\";s:19:\"protectedProperties\";a:4:{i:0;s:7:\"storage\";i:1;s:4:\"flag\";i:2;s:13:\"iteratorClass\";i:3;s:19:\"protectedProperties\";}}}Laminas_Auth|C:26:\"Laminas\\Stdlib\\ArrayObject\":223:{a:4:{s:7:\"storage\";a:1:{s:7:\"storage\";i:1;}s:4:\"flag\";i:2;s:13:\"iteratorClass\";s:13:\"ArrayIterator\";s:19:\"protectedProperties\";a:4:{i:0;s:7:\"storage\";i:1;s:4:\"flag\";i:2;s:13:\"iteratorClass\";i:3;s:19:\"protectedProperties\";}}}OmekaMessenger|C:26:\"Laminas\\Stdlib\\ArrayObject\":205:{a:4:{s:7:\"storage\";a:0:{}s:4:\"flag\";i:2;s:13:\"iteratorClass\";s:13:\"ArrayIterator\";s:19:\"protectedProperties\";a:4:{i:0;s:7:\"storage\";i:1;s:4:\"flag\";i:2;s:13:\"iteratorClass\";i:3;s:19:\"protectedProperties\";}}}redirect_url|N;Laminas_Validator_Csrf_salt_csrf|C:26:\"Laminas\\Stdlib\\ArrayObject\":391:{a:4:{s:7:\"storage\";a:2:{s:9:\"tokenList\";a:1:{s:32:\"724052f6b5a5a81bc49d901a9121f014\";s:32:\"f0b7cf4079aa5351844422eb30f700ab\";}s:4:\"hash\";s:65:\"f0b7cf4079aa5351844422eb30f700ab-724052f6b5a5a81bc49d901a9121f014\";}s:4:\"flag\";i:2;s:13:\"iteratorClass\";s:13:\"ArrayIterator\";s:19:\"protectedProperties\";a:4:{i:0;s:7:\"storage\";i:1;s:4:\"flag\";i:2;s:13:\"iteratorClass\";i:3;s:19:\"protectedProperties\";}}}',1636436047),('830202a028784c0b2461ab998b1e905b','__Laminas|a:2:{s:20:\"_REQUEST_ACCESS_TIME\";d:1636031364.34399509429931640625;s:6:\"_VALID\";a:1:{s:28:\"Laminas\\Session\\Validator\\Id\";s:32:\"830202a028784c0b2461ab998b1e905b\";}}',1636031364),('83817a55cacf7f32931ad9c98affb4b0','__Laminas|a:3:{s:20:\"_REQUEST_ACCESS_TIME\";d:1637499802.99563694000244140625;s:6:\"_VALID\";a:1:{s:28:\"Laminas\\Session\\Validator\\Id\";s:32:\"83817a55cacf7f32931ad9c98affb4b0\";}s:42:\"Laminas_Validator_Csrf_salt_loginform_csrf\";a:1:{s:6:\"EXPIRE\";i:1637503403;}}redirect_url|s:36:\"http://id.analoggamemuseum.org/admin\";Laminas_Validator_Csrf_salt_loginform_csrf|C:26:\"Laminas\\Stdlib\\ArrayObject\":391:{a:4:{s:7:\"storage\";a:2:{s:9:\"tokenList\";a:1:{s:32:\"79226b9d4c8ac5723fbc0eaef287daaa\";s:32:\"716ebe4743df33d2d644818bf10e4d03\";}s:4:\"hash\";s:65:\"716ebe4743df33d2d644818bf10e4d03-79226b9d4c8ac5723fbc0eaef287daaa\";}s:4:\"flag\";i:2;s:13:\"iteratorClass\";s:13:\"ArrayIterator\";s:19:\"protectedProperties\";a:4:{i:0;s:7:\"storage\";i:1;s:4:\"flag\";i:2;s:13:\"iteratorClass\";i:3;s:19:\"protectedProperties\";}}}',1637499803),('840e5eb4b9b46fa507a0be92b251d09d','__Laminas|a:2:{s:20:\"_REQUEST_ACCESS_TIME\";d:1635569033.452124118804931640625;s:6:\"_VALID\";a:1:{s:28:\"Laminas\\Session\\Validator\\Id\";s:32:\"840e5eb4b9b46fa507a0be92b251d09d\";}}',1635569033),('84d088adcc96dc4051043c3152ac810e','__Laminas|a:2:{s:20:\"_REQUEST_ACCESS_TIME\";d:1636536390.1738269329071044921875;s:6:\"_VALID\";a:1:{s:28:\"Laminas\\Session\\Validator\\Id\";s:32:\"84d088adcc96dc4051043c3152ac810e\";}}',1636536390),('8587ddbf9de227c376f02226b256f99c','__Laminas|a:2:{s:20:\"_REQUEST_ACCESS_TIME\";d:1636488549.81324005126953125;s:6:\"_VALID\";a:1:{s:28:\"Laminas\\Session\\Validator\\Id\";s:32:\"8587ddbf9de227c376f02226b256f99c\";}}',1636488549),('85ca9902ab210a17de5a5df126e27c7a','__Laminas|a:2:{s:20:\"_REQUEST_ACCESS_TIME\";d:1636555119.371243000030517578125;s:6:\"_VALID\";a:1:{s:28:\"Laminas\\Session\\Validator\\Id\";s:32:\"85ca9902ab210a17de5a5df126e27c7a\";}}',1636555119),('8669fb202f9ecf721fa2aca69ee8ccc7','__Laminas|a:2:{s:20:\"_REQUEST_ACCESS_TIME\";d:1636488544.05058002471923828125;s:6:\"_VALID\";a:1:{s:28:\"Laminas\\Session\\Validator\\Id\";s:32:\"8669fb202f9ecf721fa2aca69ee8ccc7\";}}',1636488544),('87103f5e49693a5e38bbd4c4b5f2acc0','__Laminas|a:2:{s:20:\"_REQUEST_ACCESS_TIME\";d:1636385147.3516790866851806640625;s:6:\"_VALID\";a:1:{s:28:\"Laminas\\Session\\Validator\\Id\";s:32:\"87103f5e49693a5e38bbd4c4b5f2acc0\";}}',1636385147),('8bc208125b1ea4fa3a9ae6e9f813161e','__Laminas|a:2:{s:20:\"_REQUEST_ACCESS_TIME\";d:1636553328.1959140300750732421875;s:6:\"_VALID\";a:1:{s:28:\"Laminas\\Session\\Validator\\Id\";s:32:\"8bc208125b1ea4fa3a9ae6e9f813161e\";}}',1636553328),('8cc0d6c22067bbb46035be8ed41ba6c5','__Laminas|a:2:{s:20:\"_REQUEST_ACCESS_TIME\";d:1636120235.45098590850830078125;s:6:\"_VALID\";a:1:{s:28:\"Laminas\\Session\\Validator\\Id\";s:32:\"8cc0d6c22067bbb46035be8ed41ba6c5\";}}',1636120235),('8da9e7ecf635fec4cdc3fb0d000b83bd','__Laminas|a:2:{s:20:\"_REQUEST_ACCESS_TIME\";d:1636488556.144423961639404296875;s:6:\"_VALID\";a:1:{s:28:\"Laminas\\Session\\Validator\\Id\";s:32:\"8da9e7ecf635fec4cdc3fb0d000b83bd\";}}',1636488556),('8dc4295e5172e0490730cdff9b67d515','__Laminas|a:2:{s:20:\"_REQUEST_ACCESS_TIME\";d:1636120241.2813799381256103515625;s:6:\"_VALID\";a:1:{s:28:\"Laminas\\Session\\Validator\\Id\";s:32:\"8dc4295e5172e0490730cdff9b67d515\";}}',1636120241),('8e6a1315eb07959b3c1565fd9336e838','__Laminas|a:4:{s:20:\"_REQUEST_ACCESS_TIME\";d:1636387920.110517978668212890625;s:6:\"_VALID\";a:1:{s:28:\"Laminas\\Session\\Validator\\Id\";s:32:\"6da86b84a335dcd20cfc83314ee35d0d\";}s:42:\"Laminas_Validator_Csrf_salt_loginform_csrf\";a:1:{s:6:\"EXPIRE\";i:1636391517;}s:32:\"Laminas_Validator_Csrf_salt_csrf\";a:1:{s:6:\"EXPIRE\";i:1636391520;}}Laminas_Validator_Csrf_salt_loginform_csrf|C:26:\"Laminas\\Stdlib\\ArrayObject\":391:{a:4:{s:7:\"storage\";a:2:{s:9:\"tokenList\";a:1:{s:32:\"f3113ef621759b142b70491a5dc44164\";s:32:\"b9b1612dd3bbef78f686923df5bae036\";}s:4:\"hash\";s:65:\"b9b1612dd3bbef78f686923df5bae036-f3113ef621759b142b70491a5dc44164\";}s:4:\"flag\";i:2;s:13:\"iteratorClass\";s:13:\"ArrayIterator\";s:19:\"protectedProperties\";a:4:{i:0;s:7:\"storage\";i:1;s:4:\"flag\";i:2;s:13:\"iteratorClass\";i:3;s:19:\"protectedProperties\";}}}Laminas_Auth|C:26:\"Laminas\\Stdlib\\ArrayObject\":223:{a:4:{s:7:\"storage\";a:1:{s:7:\"storage\";i:1;}s:4:\"flag\";i:2;s:13:\"iteratorClass\";s:13:\"ArrayIterator\";s:19:\"protectedProperties\";a:4:{i:0;s:7:\"storage\";i:1;s:4:\"flag\";i:2;s:13:\"iteratorClass\";i:3;s:19:\"protectedProperties\";}}}OmekaMessenger|C:26:\"Laminas\\Stdlib\\ArrayObject\":205:{a:4:{s:7:\"storage\";a:0:{}s:4:\"flag\";i:2;s:13:\"iteratorClass\";s:13:\"ArrayIterator\";s:19:\"protectedProperties\";a:4:{i:0;s:7:\"storage\";i:1;s:4:\"flag\";i:2;s:13:\"iteratorClass\";i:3;s:19:\"protectedProperties\";}}}redirect_url|N;Laminas_Validator_Csrf_salt_csrf|C:26:\"Laminas\\Stdlib\\ArrayObject\":391:{a:4:{s:7:\"storage\";a:2:{s:9:\"tokenList\";a:1:{s:32:\"130f5159f83d99b7d4444b8c2a49b33a\";s:32:\"50e12e8f37628208b227aadeb6729d44\";}s:4:\"hash\";s:65:\"50e12e8f37628208b227aadeb6729d44-130f5159f83d99b7d4444b8c2a49b33a\";}s:4:\"flag\";i:2;s:13:\"iteratorClass\";s:13:\"ArrayIterator\";s:19:\"protectedProperties\";a:4:{i:0;s:7:\"storage\";i:1;s:4:\"flag\";i:2;s:13:\"iteratorClass\";i:3;s:19:\"protectedProperties\";}}}',1636387920),('8edd770b0b046feec07815fa08e92ae6','__Laminas|a:2:{s:20:\"_REQUEST_ACCESS_TIME\";d:1636488538.8765571117401123046875;s:6:\"_VALID\";a:1:{s:28:\"Laminas\\Session\\Validator\\Id\";s:32:\"8edd770b0b046feec07815fa08e92ae6\";}}',1636488538),('8f2d4b9f6c3c8377c8dd1daa71a24731','__Laminas|a:2:{s:20:\"_REQUEST_ACCESS_TIME\";d:1636120237.894773960113525390625;s:6:\"_VALID\";a:1:{s:28:\"Laminas\\Session\\Validator\\Id\";s:32:\"8f2d4b9f6c3c8377c8dd1daa71a24731\";}}',1636120237),('901313271afcd3defc5660dbbab795cf','__Laminas|a:2:{s:20:\"_REQUEST_ACCESS_TIME\";d:1636488532.1518700122833251953125;s:6:\"_VALID\";a:1:{s:28:\"Laminas\\Session\\Validator\\Id\";s:32:\"901313271afcd3defc5660dbbab795cf\";}}',1636488532),('91547be5dd6d75b437c877b0cf5afcb9','__Laminas|a:2:{s:20:\"_REQUEST_ACCESS_TIME\";d:1635560320.8676319122314453125;s:6:\"_VALID\";a:1:{s:28:\"Laminas\\Session\\Validator\\Id\";s:32:\"91547be5dd6d75b437c877b0cf5afcb9\";}}',1635560320),('92121863ad8fb52831032a5e1faa5428','__Laminas|a:2:{s:20:\"_REQUEST_ACCESS_TIME\";d:1636120275.963162899017333984375;s:6:\"_VALID\";a:1:{s:28:\"Laminas\\Session\\Validator\\Id\";s:32:\"92121863ad8fb52831032a5e1faa5428\";}}',1636120275),('94dc2b38007aef17b4cb0d6b191dc6f6','__Laminas|a:2:{s:20:\"_REQUEST_ACCESS_TIME\";d:1636385146.751287937164306640625;s:6:\"_VALID\";a:1:{s:28:\"Laminas\\Session\\Validator\\Id\";s:32:\"94dc2b38007aef17b4cb0d6b191dc6f6\";}}',1636385146),('95f2638eabb8821411bb4234c9e09d11','__Laminas|a:3:{s:20:\"_REQUEST_ACCESS_TIME\";d:1636380964.05918407440185546875;s:6:\"_VALID\";a:1:{s:28:\"Laminas\\Session\\Validator\\Id\";s:32:\"95f2638eabb8821411bb4234c9e09d11\";}s:42:\"Laminas_Validator_Csrf_salt_loginform_csrf\";a:1:{s:6:\"EXPIRE\";i:1636384563;}}Laminas_Validator_Csrf_salt_loginform_csrf|C:26:\"Laminas\\Stdlib\\ArrayObject\":391:{a:4:{s:7:\"storage\";a:2:{s:9:\"tokenList\";a:1:{s:32:\"2bb59189c61b70fa6ca8f007f0fb27e6\";s:32:\"321008705772ffacf2ae34bbd3473964\";}s:4:\"hash\";s:65:\"321008705772ffacf2ae34bbd3473964-2bb59189c61b70fa6ca8f007f0fb27e6\";}s:4:\"flag\";i:2;s:13:\"iteratorClass\";s:13:\"ArrayIterator\";s:19:\"protectedProperties\";a:4:{i:0;s:7:\"storage\";i:1;s:4:\"flag\";i:2;s:13:\"iteratorClass\";i:3;s:19:\"protectedProperties\";}}}',1636380964),('9697478df9419918a7d955688d6c5b90','__Laminas|a:2:{s:20:\"_REQUEST_ACCESS_TIME\";d:1636488522.9902989864349365234375;s:6:\"_VALID\";a:1:{s:28:\"Laminas\\Session\\Validator\\Id\";s:32:\"9697478df9419918a7d955688d6c5b90\";}}',1636488522),('972c871ac3ebc86295088264ba12c2a6','__Laminas|a:2:{s:20:\"_REQUEST_ACCESS_TIME\";d:1636488525.2765328884124755859375;s:6:\"_VALID\";a:1:{s:28:\"Laminas\\Session\\Validator\\Id\";s:32:\"972c871ac3ebc86295088264ba12c2a6\";}}',1636488525),('97718d2782c9b6ec7d35ef87d093d4a2','__Laminas|a:2:{s:20:\"_REQUEST_ACCESS_TIME\";d:1636488557.8529889583587646484375;s:6:\"_VALID\";a:1:{s:28:\"Laminas\\Session\\Validator\\Id\";s:32:\"97718d2782c9b6ec7d35ef87d093d4a2\";}}',1636488557),('9b759251d84fcb4061e8ba05288c88d1','__Laminas|a:4:{s:20:\"_REQUEST_ACCESS_TIME\";d:1636381577.32962703704833984375;s:6:\"_VALID\";a:1:{s:28:\"Laminas\\Session\\Validator\\Id\";s:32:\"79ea29240c7fa06565342a3c4df349bf\";}s:42:\"Laminas_Validator_Csrf_salt_loginform_csrf\";a:1:{s:6:\"EXPIRE\";i:1636385163;}s:32:\"Laminas_Validator_Csrf_salt_csrf\";a:1:{s:6:\"EXPIRE\";i:1636385177;}}Laminas_Validator_Csrf_salt_loginform_csrf|C:26:\"Laminas\\Stdlib\\ArrayObject\":391:{a:4:{s:7:\"storage\";a:2:{s:9:\"tokenList\";a:1:{s:32:\"ac2f1ea914175cf4611ba692aa12ebf5\";s:32:\"ef4a9d03680ffb8ecba2df5bd297acaf\";}s:4:\"hash\";s:65:\"ef4a9d03680ffb8ecba2df5bd297acaf-ac2f1ea914175cf4611ba692aa12ebf5\";}s:4:\"flag\";i:2;s:13:\"iteratorClass\";s:13:\"ArrayIterator\";s:19:\"protectedProperties\";a:4:{i:0;s:7:\"storage\";i:1;s:4:\"flag\";i:2;s:13:\"iteratorClass\";i:3;s:19:\"protectedProperties\";}}}Laminas_Auth|C:26:\"Laminas\\Stdlib\\ArrayObject\":223:{a:4:{s:7:\"storage\";a:1:{s:7:\"storage\";i:1;}s:4:\"flag\";i:2;s:13:\"iteratorClass\";s:13:\"ArrayIterator\";s:19:\"protectedProperties\";a:4:{i:0;s:7:\"storage\";i:1;s:4:\"flag\";i:2;s:13:\"iteratorClass\";i:3;s:19:\"protectedProperties\";}}}OmekaMessenger|C:26:\"Laminas\\Stdlib\\ArrayObject\":205:{a:4:{s:7:\"storage\";a:0:{}s:4:\"flag\";i:2;s:13:\"iteratorClass\";s:13:\"ArrayIterator\";s:19:\"protectedProperties\";a:4:{i:0;s:7:\"storage\";i:1;s:4:\"flag\";i:2;s:13:\"iteratorClass\";i:3;s:19:\"protectedProperties\";}}}redirect_url|N;Laminas_Validator_Csrf_salt_csrf|C:26:\"Laminas\\Stdlib\\ArrayObject\":471:{a:4:{s:7:\"storage\";a:2:{s:9:\"tokenList\";a:2:{s:32:\"55d9dada3a0e83b19077b0ea861653c4\";s:32:\"c0fc2551916bfd387ae4e183e7efe8f4\";s:32:\"f62be77503061a87f832a4534e844692\";s:32:\"f6ceb184e768a08ee6ce9e0817626830\";}s:4:\"hash\";s:65:\"f6ceb184e768a08ee6ce9e0817626830-f62be77503061a87f832a4534e844692\";}s:4:\"flag\";i:2;s:13:\"iteratorClass\";s:13:\"ArrayIterator\";s:19:\"protectedProperties\";a:4:{i:0;s:7:\"storage\";i:1;s:4:\"flag\";i:2;s:13:\"iteratorClass\";i:3;s:19:\"protectedProperties\";}}}',1636381577),('9c4015c4ffc643fd9c024606eb84fb36','__Laminas|a:2:{s:20:\"_REQUEST_ACCESS_TIME\";d:1636488541.1677761077880859375;s:6:\"_VALID\";a:1:{s:28:\"Laminas\\Session\\Validator\\Id\";s:32:\"9c4015c4ffc643fd9c024606eb84fb36\";}}',1636488541),('9cfb5ab464f9e2d5453b3d7ca14f0de2','__Laminas|a:4:{s:20:\"_REQUEST_ACCESS_TIME\";d:1636419460.2620279788970947265625;s:6:\"_VALID\";a:1:{s:28:\"Laminas\\Session\\Validator\\Id\";s:32:\"43bd73270274cca79a1c85d6ec1eb94d\";}s:42:\"Laminas_Validator_Csrf_salt_loginform_csrf\";a:1:{s:6:\"EXPIRE\";i:1636423057;}s:32:\"Laminas_Validator_Csrf_salt_csrf\";a:1:{s:6:\"EXPIRE\";i:1636423060;}}Laminas_Validator_Csrf_salt_loginform_csrf|C:26:\"Laminas\\Stdlib\\ArrayObject\":391:{a:4:{s:7:\"storage\";a:2:{s:9:\"tokenList\";a:1:{s:32:\"f7d017c4d270fa8788c1132264e7ad35\";s:32:\"248ea11c2f67d9b17fc4b492ed9a5951\";}s:4:\"hash\";s:65:\"248ea11c2f67d9b17fc4b492ed9a5951-f7d017c4d270fa8788c1132264e7ad35\";}s:4:\"flag\";i:2;s:13:\"iteratorClass\";s:13:\"ArrayIterator\";s:19:\"protectedProperties\";a:4:{i:0;s:7:\"storage\";i:1;s:4:\"flag\";i:2;s:13:\"iteratorClass\";i:3;s:19:\"protectedProperties\";}}}Laminas_Auth|C:26:\"Laminas\\Stdlib\\ArrayObject\":223:{a:4:{s:7:\"storage\";a:1:{s:7:\"storage\";i:1;}s:4:\"flag\";i:2;s:13:\"iteratorClass\";s:13:\"ArrayIterator\";s:19:\"protectedProperties\";a:4:{i:0;s:7:\"storage\";i:1;s:4:\"flag\";i:2;s:13:\"iteratorClass\";i:3;s:19:\"protectedProperties\";}}}OmekaMessenger|C:26:\"Laminas\\Stdlib\\ArrayObject\":205:{a:4:{s:7:\"storage\";a:0:{}s:4:\"flag\";i:2;s:13:\"iteratorClass\";s:13:\"ArrayIterator\";s:19:\"protectedProperties\";a:4:{i:0;s:7:\"storage\";i:1;s:4:\"flag\";i:2;s:13:\"iteratorClass\";i:3;s:19:\"protectedProperties\";}}}redirect_url|N;Laminas_Validator_Csrf_salt_csrf|C:26:\"Laminas\\Stdlib\\ArrayObject\":391:{a:4:{s:7:\"storage\";a:2:{s:9:\"tokenList\";a:1:{s:32:\"d5e0a8c589aaf3519c426b36f41c3f3f\";s:32:\"707893ac8928ee28572441456c8d944d\";}s:4:\"hash\";s:65:\"707893ac8928ee28572441456c8d944d-d5e0a8c589aaf3519c426b36f41c3f3f\";}s:4:\"flag\";i:2;s:13:\"iteratorClass\";s:13:\"ArrayIterator\";s:19:\"protectedProperties\";a:4:{i:0;s:7:\"storage\";i:1;s:4:\"flag\";i:2;s:13:\"iteratorClass\";i:3;s:19:\"protectedProperties\";}}}',1636419460),('9ebf716476399874b2404c64a783f562','__Laminas|a:2:{s:20:\"_REQUEST_ACCESS_TIME\";d:1636389502.609159946441650390625;s:6:\"_VALID\";a:1:{s:28:\"Laminas\\Session\\Validator\\Id\";s:32:\"9ebf716476399874b2404c64a783f562\";}}',1636389502),('9f11badcf8e85a0580680fb2d0c5b7c0','__Laminas|a:2:{s:20:\"_REQUEST_ACCESS_TIME\";d:1636120250.0319020748138427734375;s:6:\"_VALID\";a:1:{s:28:\"Laminas\\Session\\Validator\\Id\";s:32:\"9f11badcf8e85a0580680fb2d0c5b7c0\";}}',1636120250),('9f316e42bddc66babcbe7a7f61586d7f','__Laminas|a:2:{s:20:\"_REQUEST_ACCESS_TIME\";d:1636488541.743546009063720703125;s:6:\"_VALID\";a:1:{s:28:\"Laminas\\Session\\Validator\\Id\";s:32:\"9f316e42bddc66babcbe7a7f61586d7f\";}}',1636488541),('9f6db149db300976dab476b29dc56ef2','__Laminas|a:4:{s:20:\"_REQUEST_ACCESS_TIME\";d:1636501181.2662410736083984375;s:6:\"_VALID\";a:1:{s:28:\"Laminas\\Session\\Validator\\Id\";s:32:\"aa85c7e5d44496a604fb22b416eb8363\";}s:42:\"Laminas_Validator_Csrf_salt_loginform_csrf\";a:1:{s:6:\"EXPIRE\";i:1636504777;}s:32:\"Laminas_Validator_Csrf_salt_csrf\";a:1:{s:6:\"EXPIRE\";i:1636504781;}}Laminas_Validator_Csrf_salt_loginform_csrf|C:26:\"Laminas\\Stdlib\\ArrayObject\":391:{a:4:{s:7:\"storage\";a:2:{s:9:\"tokenList\";a:1:{s:32:\"52c47477490e95cf3f934fbe9e1bcd26\";s:32:\"3196f7b5b6e569491323c13d0c10a351\";}s:4:\"hash\";s:65:\"3196f7b5b6e569491323c13d0c10a351-52c47477490e95cf3f934fbe9e1bcd26\";}s:4:\"flag\";i:2;s:13:\"iteratorClass\";s:13:\"ArrayIterator\";s:19:\"protectedProperties\";a:4:{i:0;s:7:\"storage\";i:1;s:4:\"flag\";i:2;s:13:\"iteratorClass\";i:3;s:19:\"protectedProperties\";}}}Laminas_Auth|C:26:\"Laminas\\Stdlib\\ArrayObject\":223:{a:4:{s:7:\"storage\";a:1:{s:7:\"storage\";i:1;}s:4:\"flag\";i:2;s:13:\"iteratorClass\";s:13:\"ArrayIterator\";s:19:\"protectedProperties\";a:4:{i:0;s:7:\"storage\";i:1;s:4:\"flag\";i:2;s:13:\"iteratorClass\";i:3;s:19:\"protectedProperties\";}}}OmekaMessenger|C:26:\"Laminas\\Stdlib\\ArrayObject\":205:{a:4:{s:7:\"storage\";a:0:{}s:4:\"flag\";i:2;s:13:\"iteratorClass\";s:13:\"ArrayIterator\";s:19:\"protectedProperties\";a:4:{i:0;s:7:\"storage\";i:1;s:4:\"flag\";i:2;s:13:\"iteratorClass\";i:3;s:19:\"protectedProperties\";}}}redirect_url|N;Laminas_Validator_Csrf_salt_csrf|C:26:\"Laminas\\Stdlib\\ArrayObject\":391:{a:4:{s:7:\"storage\";a:2:{s:9:\"tokenList\";a:1:{s:32:\"a48e5626fe92e4438df7075e3e517e98\";s:32:\"31cb5b2064a2fd753cda76189be7eef3\";}s:4:\"hash\";s:65:\"31cb5b2064a2fd753cda76189be7eef3-a48e5626fe92e4438df7075e3e517e98\";}s:4:\"flag\";i:2;s:13:\"iteratorClass\";s:13:\"ArrayIterator\";s:19:\"protectedProperties\";a:4:{i:0;s:7:\"storage\";i:1;s:4:\"flag\";i:2;s:13:\"iteratorClass\";i:3;s:19:\"protectedProperties\";}}}',1636501181),('9fb15c05a181e4339008062bcafb8039','__Laminas|a:6:{s:20:\"_REQUEST_ACCESS_TIME\";d:1635946828.42164897918701171875;s:6:\"_VALID\";a:1:{s:28:\"Laminas\\Session\\Validator\\Id\";s:32:\"e500d9acd56ffcf3301eedefbb9480a2\";}s:42:\"Laminas_Validator_Csrf_salt_loginform_csrf\";a:1:{s:6:\"EXPIRE\";i:1635562160;}s:53:\"Laminas_Validator_Csrf_salt_resourcetemplateform_csrf\";a:1:{s:6:\"EXPIRE\";i:1635764530;}s:44:\"Laminas_Validator_Csrf_salt_confirmform_csrf\";a:1:{s:6:\"EXPIRE\";i:1635764530;}s:32:\"Laminas_Validator_Csrf_salt_csrf\";a:1:{s:6:\"EXPIRE\";i:1635764413;}}redirect_url|s:36:\"http://id.analoggamemuseum.org/admin\";Laminas_Validator_Csrf_salt_loginform_csrf|C:26:\"Laminas\\Stdlib\\ArrayObject\":391:{a:4:{s:7:\"storage\";a:2:{s:9:\"tokenList\";a:1:{s:32:\"ba4a33293a5151411e13dfc7868fcda0\";s:32:\"fa5f4dbc23c919f104826d1109494bda\";}s:4:\"hash\";s:65:\"fa5f4dbc23c919f104826d1109494bda-ba4a33293a5151411e13dfc7868fcda0\";}s:4:\"flag\";i:2;s:13:\"iteratorClass\";s:13:\"ArrayIterator\";s:19:\"protectedProperties\";a:4:{i:0;s:7:\"storage\";i:1;s:4:\"flag\";i:2;s:13:\"iteratorClass\";i:3;s:19:\"protectedProperties\";}}}Laminas_Auth|C:26:\"Laminas\\Stdlib\\ArrayObject\":223:{a:4:{s:7:\"storage\";a:1:{s:7:\"storage\";i:1;}s:4:\"flag\";i:2;s:13:\"iteratorClass\";s:13:\"ArrayIterator\";s:19:\"protectedProperties\";a:4:{i:0;s:7:\"storage\";i:1;s:4:\"flag\";i:2;s:13:\"iteratorClass\";i:3;s:19:\"protectedProperties\";}}}OmekaMessenger|C:26:\"Laminas\\Stdlib\\ArrayObject\":205:{a:4:{s:7:\"storage\";a:0:{}s:4:\"flag\";i:2;s:13:\"iteratorClass\";s:13:\"ArrayIterator\";s:19:\"protectedProperties\";a:4:{i:0;s:7:\"storage\";i:1;s:4:\"flag\";i:2;s:13:\"iteratorClass\";i:3;s:19:\"protectedProperties\";}}}Laminas_Validator_Csrf_salt_resourcetemplateform_csrf|C:26:\"Laminas\\Stdlib\\ArrayObject\":631:{a:4:{s:7:\"storage\";a:2:{s:9:\"tokenList\";a:4:{s:32:\"745b1336015a0f16bb9972d41715d919\";s:32:\"32a05f77037bb598fd5e1be91592bc81\";s:32:\"55147274f9bdf35daeb4e59b66647622\";s:32:\"712304ac5679f9c6190f28c26819f629\";s:32:\"5080e3458b28d356d7697a7f81ca094d\";s:32:\"caf1493f29e8edfe8ed54a125e3e0144\";s:32:\"26d792a64f2bb3934d786b85c2b409ff\";s:32:\"a862502186d81a9eafe93983c9466afc\";}s:4:\"hash\";s:65:\"a862502186d81a9eafe93983c9466afc-26d792a64f2bb3934d786b85c2b409ff\";}s:4:\"flag\";i:2;s:13:\"iteratorClass\";s:13:\"ArrayIterator\";s:19:\"protectedProperties\";a:4:{i:0;s:7:\"storage\";i:1;s:4:\"flag\";i:2;s:13:\"iteratorClass\";i:3;s:19:\"protectedProperties\";}}}Laminas_Validator_Csrf_salt_confirmform_csrf|C:26:\"Laminas\\Stdlib\\ArrayObject\":791:{a:4:{s:7:\"storage\";a:2:{s:9:\"tokenList\";a:6:{s:32:\"a8ed7601f0e52fa17424e1bc0fe8fcb4\";s:32:\"ab8688de442ce50984343cb79eaccdc2\";s:32:\"0699aa0ee57629e82cce45a14e2a7179\";s:32:\"a326c31cf968b59a9144106b7a415ae8\";s:32:\"6aa3398588dd47b1e7504235e9185313\";s:32:\"41037c146ce1d2ffe356e9ffaf539f3b\";s:32:\"82f821e7eba3d827c9d3796ab85cdf3c\";s:32:\"dc77b2fb82cabbda435c5d901767b0bd\";s:32:\"7112fdf7891d613b5c19bf27d1bbef7c\";s:32:\"049f84f1a9f8d7ddd40cb1fcb7328ce3\";s:32:\"c0c076243a92d60cf6e89927ec5a28c9\";s:32:\"94ae75924bd6e03f8f2129ef19a1e1a7\";}s:4:\"hash\";s:65:\"94ae75924bd6e03f8f2129ef19a1e1a7-c0c076243a92d60cf6e89927ec5a28c9\";}s:4:\"flag\";i:2;s:13:\"iteratorClass\";s:13:\"ArrayIterator\";s:19:\"protectedProperties\";a:4:{i:0;s:7:\"storage\";i:1;s:4:\"flag\";i:2;s:13:\"iteratorClass\";i:3;s:19:\"protectedProperties\";}}}Laminas_Validator_Csrf_salt_csrf|C:26:\"Laminas\\Stdlib\\ArrayObject\":391:{a:4:{s:7:\"storage\";a:2:{s:9:\"tokenList\";a:1:{s:32:\"90b893cefd09ee48025809272e663570\";s:32:\"ed3d6bd00d2906f49a4bb72e5e03d2a2\";}s:4:\"hash\";s:65:\"ed3d6bd00d2906f49a4bb72e5e03d2a2-90b893cefd09ee48025809272e663570\";}s:4:\"flag\";i:2;s:13:\"iteratorClass\";s:13:\"ArrayIterator\";s:19:\"protectedProperties\";a:4:{i:0;s:7:\"storage\";i:1;s:4:\"flag\";i:2;s:13:\"iteratorClass\";i:3;s:19:\"protectedProperties\";}}}',1635946828),('a15fcb5ecb433d7dec1a935a7455f0a2','__Laminas|a:4:{s:20:\"_REQUEST_ACCESS_TIME\";d:1636447733.4977099895477294921875;s:6:\"_VALID\";a:1:{s:28:\"Laminas\\Session\\Validator\\Id\";s:32:\"4940fe801cfff342c4998c802d5f5def\";}s:42:\"Laminas_Validator_Csrf_salt_loginform_csrf\";a:1:{s:6:\"EXPIRE\";i:1636451329;}s:32:\"Laminas_Validator_Csrf_salt_csrf\";a:1:{s:6:\"EXPIRE\";i:1636451333;}}Laminas_Validator_Csrf_salt_loginform_csrf|C:26:\"Laminas\\Stdlib\\ArrayObject\":391:{a:4:{s:7:\"storage\";a:2:{s:9:\"tokenList\";a:1:{s:32:\"15ad9962d31366b3b2f52ddc4231634a\";s:32:\"8e6d8186afba1a0888481eb5bc544af9\";}s:4:\"hash\";s:65:\"8e6d8186afba1a0888481eb5bc544af9-15ad9962d31366b3b2f52ddc4231634a\";}s:4:\"flag\";i:2;s:13:\"iteratorClass\";s:13:\"ArrayIterator\";s:19:\"protectedProperties\";a:4:{i:0;s:7:\"storage\";i:1;s:4:\"flag\";i:2;s:13:\"iteratorClass\";i:3;s:19:\"protectedProperties\";}}}Laminas_Auth|C:26:\"Laminas\\Stdlib\\ArrayObject\":223:{a:4:{s:7:\"storage\";a:1:{s:7:\"storage\";i:1;}s:4:\"flag\";i:2;s:13:\"iteratorClass\";s:13:\"ArrayIterator\";s:19:\"protectedProperties\";a:4:{i:0;s:7:\"storage\";i:1;s:4:\"flag\";i:2;s:13:\"iteratorClass\";i:3;s:19:\"protectedProperties\";}}}OmekaMessenger|C:26:\"Laminas\\Stdlib\\ArrayObject\":205:{a:4:{s:7:\"storage\";a:0:{}s:4:\"flag\";i:2;s:13:\"iteratorClass\";s:13:\"ArrayIterator\";s:19:\"protectedProperties\";a:4:{i:0;s:7:\"storage\";i:1;s:4:\"flag\";i:2;s:13:\"iteratorClass\";i:3;s:19:\"protectedProperties\";}}}redirect_url|N;Laminas_Validator_Csrf_salt_csrf|C:26:\"Laminas\\Stdlib\\ArrayObject\":391:{a:4:{s:7:\"storage\";a:2:{s:9:\"tokenList\";a:1:{s:32:\"64140758712703c0617b059a2817c9b8\";s:32:\"188a34eab70b8a33dc8a42e426e752eb\";}s:4:\"hash\";s:65:\"188a34eab70b8a33dc8a42e426e752eb-64140758712703c0617b059a2817c9b8\";}s:4:\"flag\";i:2;s:13:\"iteratorClass\";s:13:\"ArrayIterator\";s:19:\"protectedProperties\";a:4:{i:0;s:7:\"storage\";i:1;s:4:\"flag\";i:2;s:13:\"iteratorClass\";i:3;s:19:\"protectedProperties\";}}}',1636447733),('a3f57aed8f180eefdacffcee2f5c5868','__Laminas|a:2:{s:20:\"_REQUEST_ACCESS_TIME\";d:1636120290.041996002197265625;s:6:\"_VALID\";a:1:{s:28:\"Laminas\\Session\\Validator\\Id\";s:32:\"a3f57aed8f180eefdacffcee2f5c5868\";}}',1636120290),('a501b4281b0c116214f3a7283d0bb3a4','__Laminas|a:2:{s:20:\"_REQUEST_ACCESS_TIME\";d:1636488555.002954959869384765625;s:6:\"_VALID\";a:1:{s:28:\"Laminas\\Session\\Validator\\Id\";s:32:\"a501b4281b0c116214f3a7283d0bb3a4\";}}',1636488555),('a60d5bf7ce6db1c2e0f26485b9a16212','__Laminas|a:2:{s:20:\"_REQUEST_ACCESS_TIME\";d:1636488517.25749301910400390625;s:6:\"_VALID\";a:1:{s:28:\"Laminas\\Session\\Validator\\Id\";s:32:\"a60d5bf7ce6db1c2e0f26485b9a16212\";}}',1636488517),('a74953f9462a73ac9152cbc68099baf9','__Laminas|a:2:{s:20:\"_REQUEST_ACCESS_TIME\";d:1636488526.9941890239715576171875;s:6:\"_VALID\";a:1:{s:28:\"Laminas\\Session\\Validator\\Id\";s:32:\"a74953f9462a73ac9152cbc68099baf9\";}}',1636488527),('a86e3ad951fa6306004df6bf62ac5369','__Laminas|a:2:{s:20:\"_REQUEST_ACCESS_TIME\";d:1636488524.1290709972381591796875;s:6:\"_VALID\";a:1:{s:28:\"Laminas\\Session\\Validator\\Id\";s:32:\"a86e3ad951fa6306004df6bf62ac5369\";}}',1636488524),('a8fd8ee24b667551b4e11589e46245b0','__Laminas|a:2:{s:20:\"_REQUEST_ACCESS_TIME\";d:1636488552.693634033203125;s:6:\"_VALID\";a:1:{s:28:\"Laminas\\Session\\Validator\\Id\";s:32:\"a8fd8ee24b667551b4e11589e46245b0\";}}',1636488552),('ac5c10cd61d6dcff94ff82d686e43da0','__Laminas|a:3:{s:20:\"_REQUEST_ACCESS_TIME\";d:1636380635.4817969799041748046875;s:6:\"_VALID\";a:1:{s:28:\"Laminas\\Session\\Validator\\Id\";s:32:\"ac5c10cd61d6dcff94ff82d686e43da0\";}s:42:\"Laminas_Validator_Csrf_salt_loginform_csrf\";a:1:{s:6:\"EXPIRE\";i:1636384235;}}redirect_url|s:45:\"http://id.analoggamemuseum.org/admin/user/add\";Laminas_Validator_Csrf_salt_loginform_csrf|C:26:\"Laminas\\Stdlib\\ArrayObject\":391:{a:4:{s:7:\"storage\";a:2:{s:9:\"tokenList\";a:1:{s:32:\"124fb499475a3a639de9073f90471254\";s:32:\"e8870e230554f4210780bfe5fcd40ee9\";}s:4:\"hash\";s:65:\"e8870e230554f4210780bfe5fcd40ee9-124fb499475a3a639de9073f90471254\";}s:4:\"flag\";i:2;s:13:\"iteratorClass\";s:13:\"ArrayIterator\";s:19:\"protectedProperties\";a:4:{i:0;s:7:\"storage\";i:1;s:4:\"flag\";i:2;s:13:\"iteratorClass\";i:3;s:19:\"protectedProperties\";}}}',1636380635),('ae9942847aeadf99f7b9ce80beced799','__Laminas|a:2:{s:20:\"_REQUEST_ACCESS_TIME\";d:1636488554.42325592041015625;s:6:\"_VALID\";a:1:{s:28:\"Laminas\\Session\\Validator\\Id\";s:32:\"ae9942847aeadf99f7b9ce80beced799\";}}',1636488554),('af9bd9c19a86a44aeafc913f7b05dde6','__Laminas|a:2:{s:20:\"_REQUEST_ACCESS_TIME\";d:1636120265.2830541133880615234375;s:6:\"_VALID\";a:1:{s:28:\"Laminas\\Session\\Validator\\Id\";s:32:\"af9bd9c19a86a44aeafc913f7b05dde6\";}}',1636120265),('b0774bbf8b5c7832f9e6cc1640b0da17','__Laminas|a:2:{s:20:\"_REQUEST_ACCESS_TIME\";d:1636120187.640450000762939453125;s:6:\"_VALID\";a:1:{s:28:\"Laminas\\Session\\Validator\\Id\";s:32:\"b0774bbf8b5c7832f9e6cc1640b0da17\";}}',1636120187),('b15d04ce40575be5c035b4817ab95638','__Laminas|a:5:{s:20:\"_REQUEST_ACCESS_TIME\";d:1635406701.0780370235443115234375;s:6:\"_VALID\";a:1:{s:28:\"Laminas\\Session\\Validator\\Id\";s:32:\"3cd11e3e858e86c96eac64bb4993960b\";}s:42:\"Laminas_Validator_Csrf_salt_loginform_csrf\";a:1:{s:6:\"EXPIRE\";i:1635410265;}s:44:\"Laminas_Validator_Csrf_salt_confirmform_csrf\";a:1:{s:6:\"EXPIRE\";i:1635410282;}s:32:\"Laminas_Validator_Csrf_salt_csrf\";a:1:{s:6:\"EXPIRE\";i:1635410296;}}Laminas_Validator_Csrf_salt_loginform_csrf|C:26:\"Laminas\\Stdlib\\ArrayObject\":551:{a:4:{s:7:\"storage\";a:2:{s:9:\"tokenList\";a:3:{s:32:\"80848a4db5fb057766881ac05ee9a231\";s:32:\"396fa2e0209a839ab261378c06b8dd18\";s:32:\"af2a0486a6f1732054097c76847c2ff7\";s:32:\"62d14ad399316031e3bf12d19b59c1f3\";s:32:\"88475e15e40d4f66832f84a31a38d3cc\";s:32:\"137cc8487646550c8c0299d0ccf23167\";}s:4:\"hash\";s:65:\"137cc8487646550c8c0299d0ccf23167-88475e15e40d4f66832f84a31a38d3cc\";}s:4:\"flag\";i:2;s:13:\"iteratorClass\";s:13:\"ArrayIterator\";s:19:\"protectedProperties\";a:4:{i:0;s:7:\"storage\";i:1;s:4:\"flag\";i:2;s:13:\"iteratorClass\";i:3;s:19:\"protectedProperties\";}}}OmekaMessenger|C:26:\"Laminas\\Stdlib\\ArrayObject\":271:{a:4:{s:7:\"storage\";a:1:{s:8:\"messages\";a:1:{i:1;a:1:{i:0;s:23:\"Successfully logged out\";}}}s:4:\"flag\";i:2;s:13:\"iteratorClass\";s:13:\"ArrayIterator\";s:19:\"protectedProperties\";a:4:{i:0;s:7:\"storage\";i:1;s:4:\"flag\";i:2;s:13:\"iteratorClass\";i:3;s:19:\"protectedProperties\";}}}Laminas_Auth|C:26:\"Laminas\\Stdlib\\ArrayObject\":205:{a:4:{s:7:\"storage\";a:0:{}s:4:\"flag\";i:2;s:13:\"iteratorClass\";s:13:\"ArrayIterator\";s:19:\"protectedProperties\";a:4:{i:0;s:7:\"storage\";i:1;s:4:\"flag\";i:2;s:13:\"iteratorClass\";i:3;s:19:\"protectedProperties\";}}}redirect_url|N;Laminas_Validator_Csrf_salt_confirmform_csrf|C:26:\"Laminas\\Stdlib\\ArrayObject\":471:{a:4:{s:7:\"storage\";a:2:{s:9:\"tokenList\";a:2:{s:32:\"f7d361d47df1ef8e82bad11447b9fe34\";s:32:\"b5fbb5148611397361fac79b1648a43c\";s:32:\"cce25b218d5421b186028be07509de02\";s:32:\"a140a5a243ac25ff43bce53944a33290\";}s:4:\"hash\";s:65:\"a140a5a243ac25ff43bce53944a33290-cce25b218d5421b186028be07509de02\";}s:4:\"flag\";i:2;s:13:\"iteratorClass\";s:13:\"ArrayIterator\";s:19:\"protectedProperties\";a:4:{i:0;s:7:\"storage\";i:1;s:4:\"flag\";i:2;s:13:\"iteratorClass\";i:3;s:19:\"protectedProperties\";}}}Laminas_Validator_Csrf_salt_csrf|C:26:\"Laminas\\Stdlib\\ArrayObject\":471:{a:4:{s:7:\"storage\";a:2:{s:9:\"tokenList\";a:2:{s:32:\"4af71ef6d72eb441a789ea27d440085c\";s:32:\"dd9af5879d4f0ebb9a42b9be46065fc9\";s:32:\"24c9678637ff879d77afb2d71fb51132\";s:32:\"3438a27da82b15d5735e8719b5f70881\";}s:4:\"hash\";s:65:\"3438a27da82b15d5735e8719b5f70881-24c9678637ff879d77afb2d71fb51132\";}s:4:\"flag\";i:2;s:13:\"iteratorClass\";s:13:\"ArrayIterator\";s:19:\"protectedProperties\";a:4:{i:0;s:7:\"storage\";i:1;s:4:\"flag\";i:2;s:13:\"iteratorClass\";i:3;s:19:\"protectedProperties\";}}}',1635406701),('b2e510325a325109599bada1712b9e69','__Laminas|a:2:{s:20:\"_REQUEST_ACCESS_TIME\";d:1636488539.4485290050506591796875;s:6:\"_VALID\";a:1:{s:28:\"Laminas\\Session\\Validator\\Id\";s:32:\"b2e510325a325109599bada1712b9e69\";}}',1636488539),('b43e7e6aec10072c66009388d7f9bce1','__Laminas|a:8:{s:20:\"_REQUEST_ACCESS_TIME\";d:1636638118.3849160671234130859375;s:6:\"_VALID\";a:1:{s:28:\"Laminas\\Session\\Validator\\Id\";s:32:\"b721e5d0b1412c6dfd457d9e1f9e1f61\";}s:42:\"Laminas_Validator_Csrf_salt_loginform_csrf\";a:1:{s:6:\"EXPIRE\";i:1636301431;}s:44:\"Laminas_Validator_Csrf_salt_confirmform_csrf\";a:1:{s:6:\"EXPIRE\";i:1636559720;}s:32:\"Laminas_Validator_Csrf_salt_csrf\";a:1:{s:6:\"EXPIRE\";i:1636505455;}s:58:\"Laminas_Validator_Csrf_salt_module_AnyCloud_configure_csrf\";a:1:{s:6:\"EXPIRE\";i:1636306892;}s:45:\"Laminas_Validator_Csrf_salt_sitepageform_csrf\";a:1:{s:6:\"EXPIRE\";i:1636559720;}s:50:\"Laminas_Validator_Csrf_salt_siteresourcesform_csrf\";a:1:{s:6:\"EXPIRE\";i:1636387519;}}Laminas_Validator_Csrf_salt_loginform_csrf|C:26:\"Laminas\\Stdlib\\ArrayObject\":391:{a:4:{s:7:\"storage\";a:2:{s:9:\"tokenList\";a:1:{s:32:\"fce317afa4fedae3b6356eeaa2b42d24\";s:32:\"d7574516067ffa57aca71900619f5668\";}s:4:\"hash\";s:65:\"d7574516067ffa57aca71900619f5668-fce317afa4fedae3b6356eeaa2b42d24\";}s:4:\"flag\";i:2;s:13:\"iteratorClass\";s:13:\"ArrayIterator\";s:19:\"protectedProperties\";a:4:{i:0;s:7:\"storage\";i:1;s:4:\"flag\";i:2;s:13:\"iteratorClass\";i:3;s:19:\"protectedProperties\";}}}Laminas_Auth|C:26:\"Laminas\\Stdlib\\ArrayObject\":223:{a:4:{s:7:\"storage\";a:1:{s:7:\"storage\";i:1;}s:4:\"flag\";i:2;s:13:\"iteratorClass\";s:13:\"ArrayIterator\";s:19:\"protectedProperties\";a:4:{i:0;s:7:\"storage\";i:1;s:4:\"flag\";i:2;s:13:\"iteratorClass\";i:3;s:19:\"protectedProperties\";}}}OmekaMessenger|C:26:\"Laminas\\Stdlib\\ArrayObject\":205:{a:4:{s:7:\"storage\";a:0:{}s:4:\"flag\";i:2;s:13:\"iteratorClass\";s:13:\"ArrayIterator\";s:19:\"protectedProperties\";a:4:{i:0;s:7:\"storage\";i:1;s:4:\"flag\";i:2;s:13:\"iteratorClass\";i:3;s:19:\"protectedProperties\";}}}redirect_url|N;Laminas_Validator_Csrf_salt_confirmform_csrf|C:26:\"Laminas\\Stdlib\\ArrayObject\":391:{a:4:{s:7:\"storage\";a:2:{s:9:\"tokenList\";a:1:{s:32:\"f3b078db2c04de8b4f7cba376c3260a2\";s:32:\"ad211fc97837793b3b8bebcb993e9565\";}s:4:\"hash\";s:65:\"ad211fc97837793b3b8bebcb993e9565-f3b078db2c04de8b4f7cba376c3260a2\";}s:4:\"flag\";i:2;s:13:\"iteratorClass\";s:13:\"ArrayIterator\";s:19:\"protectedProperties\";a:4:{i:0;s:7:\"storage\";i:1;s:4:\"flag\";i:2;s:13:\"iteratorClass\";i:3;s:19:\"protectedProperties\";}}}Laminas_Validator_Csrf_salt_csrf|C:26:\"Laminas\\Stdlib\\ArrayObject\":471:{a:4:{s:7:\"storage\";a:2:{s:9:\"tokenList\";a:2:{s:32:\"611fc5256821ee89e6d82896fd83df14\";s:32:\"5b1fa38d12153d5ebc904cd93553c90d\";s:32:\"04674f9196380fde376c4b0a6bfe97bf\";s:32:\"8adae51d683507350295ca027c9f2877\";}s:4:\"hash\";s:65:\"8adae51d683507350295ca027c9f2877-04674f9196380fde376c4b0a6bfe97bf\";}s:4:\"flag\";i:2;s:13:\"iteratorClass\";s:13:\"ArrayIterator\";s:19:\"protectedProperties\";a:4:{i:0;s:7:\"storage\";i:1;s:4:\"flag\";i:2;s:13:\"iteratorClass\";i:3;s:19:\"protectedProperties\";}}}Laminas_Validator_Csrf_salt_module_AnyCloud_configure_csrf|C:26:\"Laminas\\Stdlib\\ArrayObject\":631:{a:4:{s:7:\"storage\";a:2:{s:9:\"tokenList\";a:4:{s:32:\"dba33f27b24b0f07530d09e2fda807f9\";s:32:\"9ef56397fc15749b9578f0c38a1cbd53\";s:32:\"3c5c71722451c57462e56887ee97c675\";s:32:\"8fd74c7a1f3c46d2cb4930161d3e313d\";s:32:\"468a0234ac0862427227cff99f6c4312\";s:32:\"00441c576fac3bda9cd83fc23bdf99f7\";s:32:\"c072e1bc5184c8ff02c2758ef741742c\";s:32:\"5cd06b79040180aae00cd23c8a35140c\";}s:4:\"hash\";s:65:\"5cd06b79040180aae00cd23c8a35140c-c072e1bc5184c8ff02c2758ef741742c\";}s:4:\"flag\";i:2;s:13:\"iteratorClass\";s:13:\"ArrayIterator\";s:19:\"protectedProperties\";a:4:{i:0;s:7:\"storage\";i:1;s:4:\"flag\";i:2;s:13:\"iteratorClass\";i:3;s:19:\"protectedProperties\";}}}Laminas_Validator_Csrf_salt_sitepageform_csrf|C:26:\"Laminas\\Stdlib\\ArrayObject\":391:{a:4:{s:7:\"storage\";a:2:{s:9:\"tokenList\";a:1:{s:32:\"39dcdcf83de9ffb1f7f7ce3385d7bde7\";s:32:\"e789c54a361c771558bb2213a459ccbc\";}s:4:\"hash\";s:65:\"e789c54a361c771558bb2213a459ccbc-39dcdcf83de9ffb1f7f7ce3385d7bde7\";}s:4:\"flag\";i:2;s:13:\"iteratorClass\";s:13:\"ArrayIterator\";s:19:\"protectedProperties\";a:4:{i:0;s:7:\"storage\";i:1;s:4:\"flag\";i:2;s:13:\"iteratorClass\";i:3;s:19:\"protectedProperties\";}}}Laminas_Validator_Csrf_salt_siteresourcesform_csrf|C:26:\"Laminas\\Stdlib\\ArrayObject\":391:{a:4:{s:7:\"storage\";a:2:{s:9:\"tokenList\";a:1:{s:32:\"1354ae8fea02cc3c93f1fdbb4ae32d2b\";s:32:\"058f7dd417eb016be05b9d56983cdf5d\";}s:4:\"hash\";s:65:\"058f7dd417eb016be05b9d56983cdf5d-1354ae8fea02cc3c93f1fdbb4ae32d2b\";}s:4:\"flag\";i:2;s:13:\"iteratorClass\";s:13:\"ArrayIterator\";s:19:\"protectedProperties\";a:4:{i:0;s:7:\"storage\";i:1;s:4:\"flag\";i:2;s:13:\"iteratorClass\";i:3;s:19:\"protectedProperties\";}}}',1636638118),('b8553a4551cbe019b00f1fabfe9476a8','__Laminas|a:4:{s:20:\"_REQUEST_ACCESS_TIME\";d:1636381616.491055011749267578125;s:6:\"_VALID\";a:1:{s:28:\"Laminas\\Session\\Validator\\Id\";s:32:\"627aa602d13e4f1941a3ee014e095516\";}s:42:\"Laminas_Validator_Csrf_salt_loginform_csrf\";a:1:{s:6:\"EXPIRE\";i:1636385213;}s:32:\"Laminas_Validator_Csrf_salt_csrf\";a:1:{s:6:\"EXPIRE\";i:1636385216;}}Laminas_Validator_Csrf_salt_loginform_csrf|C:26:\"Laminas\\Stdlib\\ArrayObject\":391:{a:4:{s:7:\"storage\";a:2:{s:9:\"tokenList\";a:1:{s:32:\"8676e7a9cb426ec996a870e029c86cff\";s:32:\"2943ce3ca2d4a7d4c01fb67bb44b515a\";}s:4:\"hash\";s:65:\"2943ce3ca2d4a7d4c01fb67bb44b515a-8676e7a9cb426ec996a870e029c86cff\";}s:4:\"flag\";i:2;s:13:\"iteratorClass\";s:13:\"ArrayIterator\";s:19:\"protectedProperties\";a:4:{i:0;s:7:\"storage\";i:1;s:4:\"flag\";i:2;s:13:\"iteratorClass\";i:3;s:19:\"protectedProperties\";}}}Laminas_Auth|C:26:\"Laminas\\Stdlib\\ArrayObject\":223:{a:4:{s:7:\"storage\";a:1:{s:7:\"storage\";i:1;}s:4:\"flag\";i:2;s:13:\"iteratorClass\";s:13:\"ArrayIterator\";s:19:\"protectedProperties\";a:4:{i:0;s:7:\"storage\";i:1;s:4:\"flag\";i:2;s:13:\"iteratorClass\";i:3;s:19:\"protectedProperties\";}}}OmekaMessenger|C:26:\"Laminas\\Stdlib\\ArrayObject\":205:{a:4:{s:7:\"storage\";a:0:{}s:4:\"flag\";i:2;s:13:\"iteratorClass\";s:13:\"ArrayIterator\";s:19:\"protectedProperties\";a:4:{i:0;s:7:\"storage\";i:1;s:4:\"flag\";i:2;s:13:\"iteratorClass\";i:3;s:19:\"protectedProperties\";}}}redirect_url|N;Laminas_Validator_Csrf_salt_csrf|C:26:\"Laminas\\Stdlib\\ArrayObject\":391:{a:4:{s:7:\"storage\";a:2:{s:9:\"tokenList\";a:1:{s:32:\"fd4d3aa4d698a99288ef6d34abaca9b5\";s:32:\"4c393525874afbb8669fdf5e069b6cd3\";}s:4:\"hash\";s:65:\"4c393525874afbb8669fdf5e069b6cd3-fd4d3aa4d698a99288ef6d34abaca9b5\";}s:4:\"flag\";i:2;s:13:\"iteratorClass\";s:13:\"ArrayIterator\";s:19:\"protectedProperties\";a:4:{i:0;s:7:\"storage\";i:1;s:4:\"flag\";i:2;s:13:\"iteratorClass\";i:3;s:19:\"protectedProperties\";}}}',1636381616),('bdd7b45c5dba1efed249d0360c5c8d06','__Laminas|a:2:{s:20:\"_REQUEST_ACCESS_TIME\";d:1636120286.246512889862060546875;s:6:\"_VALID\";a:1:{s:28:\"Laminas\\Session\\Validator\\Id\";s:32:\"bdd7b45c5dba1efed249d0360c5c8d06\";}}',1636120286),('bdfda0f16ee44b22c05cd7ddb874684e','__Laminas|a:2:{s:20:\"_REQUEST_ACCESS_TIME\";d:1636536389.708652973175048828125;s:6:\"_VALID\";a:1:{s:28:\"Laminas\\Session\\Validator\\Id\";s:32:\"bdfda0f16ee44b22c05cd7ddb874684e\";}}',1636536389),('c14d654bf99b08a703fda386800fc888','__Laminas|a:2:{s:20:\"_REQUEST_ACCESS_TIME\";d:1636488533.8660171031951904296875;s:6:\"_VALID\";a:1:{s:28:\"Laminas\\Session\\Validator\\Id\";s:32:\"c14d654bf99b08a703fda386800fc888\";}}',1636488533),('c21b3bd4ea1c0495ccb855748e154f4f','__Laminas|a:4:{s:20:\"_REQUEST_ACCESS_TIME\";d:1636419390.5782539844512939453125;s:6:\"_VALID\";a:1:{s:28:\"Laminas\\Session\\Validator\\Id\";s:32:\"78b20a25c4fee003704e4533636c01ce\";}s:42:\"Laminas_Validator_Csrf_salt_loginform_csrf\";a:1:{s:6:\"EXPIRE\";i:1636422987;}s:32:\"Laminas_Validator_Csrf_salt_csrf\";a:1:{s:6:\"EXPIRE\";i:1636422990;}}Laminas_Validator_Csrf_salt_loginform_csrf|C:26:\"Laminas\\Stdlib\\ArrayObject\":391:{a:4:{s:7:\"storage\";a:2:{s:9:\"tokenList\";a:1:{s:32:\"948396563420f4d6d80a9d8201b0bef3\";s:32:\"cfd6d61eea97bcebcbaf8651dca521b8\";}s:4:\"hash\";s:65:\"cfd6d61eea97bcebcbaf8651dca521b8-948396563420f4d6d80a9d8201b0bef3\";}s:4:\"flag\";i:2;s:13:\"iteratorClass\";s:13:\"ArrayIterator\";s:19:\"protectedProperties\";a:4:{i:0;s:7:\"storage\";i:1;s:4:\"flag\";i:2;s:13:\"iteratorClass\";i:3;s:19:\"protectedProperties\";}}}Laminas_Auth|C:26:\"Laminas\\Stdlib\\ArrayObject\":223:{a:4:{s:7:\"storage\";a:1:{s:7:\"storage\";i:1;}s:4:\"flag\";i:2;s:13:\"iteratorClass\";s:13:\"ArrayIterator\";s:19:\"protectedProperties\";a:4:{i:0;s:7:\"storage\";i:1;s:4:\"flag\";i:2;s:13:\"iteratorClass\";i:3;s:19:\"protectedProperties\";}}}OmekaMessenger|C:26:\"Laminas\\Stdlib\\ArrayObject\":205:{a:4:{s:7:\"storage\";a:0:{}s:4:\"flag\";i:2;s:13:\"iteratorClass\";s:13:\"ArrayIterator\";s:19:\"protectedProperties\";a:4:{i:0;s:7:\"storage\";i:1;s:4:\"flag\";i:2;s:13:\"iteratorClass\";i:3;s:19:\"protectedProperties\";}}}redirect_url|N;Laminas_Validator_Csrf_salt_csrf|C:26:\"Laminas\\Stdlib\\ArrayObject\":391:{a:4:{s:7:\"storage\";a:2:{s:9:\"tokenList\";a:1:{s:32:\"7a8255ec95b8b72b5022bdd8abd0d320\";s:32:\"c5abaad5e95ac9ebcee1d41bf0ea880f\";}s:4:\"hash\";s:65:\"c5abaad5e95ac9ebcee1d41bf0ea880f-7a8255ec95b8b72b5022bdd8abd0d320\";}s:4:\"flag\";i:2;s:13:\"iteratorClass\";s:13:\"ArrayIterator\";s:19:\"protectedProperties\";a:4:{i:0;s:7:\"storage\";i:1;s:4:\"flag\";i:2;s:13:\"iteratorClass\";i:3;s:19:\"protectedProperties\";}}}',1636419390),('c28525ec5a818e2ef9b168caff763f7c','__Laminas|a:3:{s:20:\"_REQUEST_ACCESS_TIME\";d:1636380836.0851509571075439453125;s:6:\"_VALID\";a:1:{s:28:\"Laminas\\Session\\Validator\\Id\";s:32:\"678033407952f2d10169501ebf362934\";}s:42:\"Laminas_Validator_Csrf_salt_loginform_csrf\";a:1:{s:6:\"EXPIRE\";i:1636384415;}}Laminas_Validator_Csrf_salt_loginform_csrf|C:26:\"Laminas\\Stdlib\\ArrayObject\":391:{a:4:{s:7:\"storage\";a:2:{s:9:\"tokenList\";a:1:{s:32:\"e8344135e37e56849ec90ae6112132a8\";s:32:\"73f42829fede07b0a1c292737358cbab\";}s:4:\"hash\";s:65:\"73f42829fede07b0a1c292737358cbab-e8344135e37e56849ec90ae6112132a8\";}s:4:\"flag\";i:2;s:13:\"iteratorClass\";s:13:\"ArrayIterator\";s:19:\"protectedProperties\";a:4:{i:0;s:7:\"storage\";i:1;s:4:\"flag\";i:2;s:13:\"iteratorClass\";i:3;s:19:\"protectedProperties\";}}}Laminas_Auth|C:26:\"Laminas\\Stdlib\\ArrayObject\":205:{a:4:{s:7:\"storage\";a:0:{}s:4:\"flag\";i:2;s:13:\"iteratorClass\";s:13:\"ArrayIterator\";s:19:\"protectedProperties\";a:4:{i:0;s:7:\"storage\";i:1;s:4:\"flag\";i:2;s:13:\"iteratorClass\";i:3;s:19:\"protectedProperties\";}}}OmekaMessenger|C:26:\"Laminas\\Stdlib\\ArrayObject\":271:{a:4:{s:7:\"storage\";a:1:{s:8:\"messages\";a:1:{i:1;a:1:{i:0;s:23:\"Successfully logged out\";}}}s:4:\"flag\";i:2;s:13:\"iteratorClass\";s:13:\"ArrayIterator\";s:19:\"protectedProperties\";a:4:{i:0;s:7:\"storage\";i:1;s:4:\"flag\";i:2;s:13:\"iteratorClass\";i:3;s:19:\"protectedProperties\";}}}redirect_url|N;',1636380836),('c3fa97c8a70408c1db49aef63354e13e','__Laminas|a:2:{s:20:\"_REQUEST_ACCESS_TIME\";d:1636488547.5149209499359130859375;s:6:\"_VALID\";a:1:{s:28:\"Laminas\\Session\\Validator\\Id\";s:32:\"c3fa97c8a70408c1db49aef63354e13e\";}}',1636488547),('c405a4a2bd8d32eab4ce031a24ecba4d','__Laminas|a:2:{s:20:\"_REQUEST_ACCESS_TIME\";d:1636120298.861215114593505859375;s:6:\"_VALID\";a:1:{s:28:\"Laminas\\Session\\Validator\\Id\";s:32:\"c405a4a2bd8d32eab4ce031a24ecba4d\";}}',1636120298),('c513714e13840517ceb6cc60d1a50648','__Laminas|a:2:{s:20:\"_REQUEST_ACCESS_TIME\";d:1636120285.05891895294189453125;s:6:\"_VALID\";a:1:{s:28:\"Laminas\\Session\\Validator\\Id\";s:32:\"c513714e13840517ceb6cc60d1a50648\";}}',1636120285),('c556242bee8aa3851491f225998f1557','__Laminas|a:4:{s:20:\"_REQUEST_ACCESS_TIME\";d:1636502161.407681941986083984375;s:6:\"_VALID\";a:1:{s:28:\"Laminas\\Session\\Validator\\Id\";s:32:\"825abf22c9e26d7f05eb64c908a9c904\";}s:42:\"Laminas_Validator_Csrf_salt_loginform_csrf\";a:1:{s:6:\"EXPIRE\";i:1636505758;}s:32:\"Laminas_Validator_Csrf_salt_csrf\";a:1:{s:6:\"EXPIRE\";i:1636505761;}}Laminas_Validator_Csrf_salt_loginform_csrf|C:26:\"Laminas\\Stdlib\\ArrayObject\":391:{a:4:{s:7:\"storage\";a:2:{s:9:\"tokenList\";a:1:{s:32:\"3701102849d1082f6f0f601fea0d3742\";s:32:\"04f28f7b94649dfcd12c3a4b1ab85a11\";}s:4:\"hash\";s:65:\"04f28f7b94649dfcd12c3a4b1ab85a11-3701102849d1082f6f0f601fea0d3742\";}s:4:\"flag\";i:2;s:13:\"iteratorClass\";s:13:\"ArrayIterator\";s:19:\"protectedProperties\";a:4:{i:0;s:7:\"storage\";i:1;s:4:\"flag\";i:2;s:13:\"iteratorClass\";i:3;s:19:\"protectedProperties\";}}}Laminas_Auth|C:26:\"Laminas\\Stdlib\\ArrayObject\":223:{a:4:{s:7:\"storage\";a:1:{s:7:\"storage\";i:1;}s:4:\"flag\";i:2;s:13:\"iteratorClass\";s:13:\"ArrayIterator\";s:19:\"protectedProperties\";a:4:{i:0;s:7:\"storage\";i:1;s:4:\"flag\";i:2;s:13:\"iteratorClass\";i:3;s:19:\"protectedProperties\";}}}OmekaMessenger|C:26:\"Laminas\\Stdlib\\ArrayObject\":205:{a:4:{s:7:\"storage\";a:0:{}s:4:\"flag\";i:2;s:13:\"iteratorClass\";s:13:\"ArrayIterator\";s:19:\"protectedProperties\";a:4:{i:0;s:7:\"storage\";i:1;s:4:\"flag\";i:2;s:13:\"iteratorClass\";i:3;s:19:\"protectedProperties\";}}}redirect_url|N;Laminas_Validator_Csrf_salt_csrf|C:26:\"Laminas\\Stdlib\\ArrayObject\":391:{a:4:{s:7:\"storage\";a:2:{s:9:\"tokenList\";a:1:{s:32:\"4edc6a34930a2b81cb014dd0f5a4c364\";s:32:\"239af41bf557eee391f94953c1129854\";}s:4:\"hash\";s:65:\"239af41bf557eee391f94953c1129854-4edc6a34930a2b81cb014dd0f5a4c364\";}s:4:\"flag\";i:2;s:13:\"iteratorClass\";s:13:\"ArrayIterator\";s:19:\"protectedProperties\";a:4:{i:0;s:7:\"storage\";i:1;s:4:\"flag\";i:2;s:13:\"iteratorClass\";i:3;s:19:\"protectedProperties\";}}}',1636502161),('c56e571eeb32e2c23b85b935a64c18dc','__Laminas|a:4:{s:20:\"_REQUEST_ACCESS_TIME\";d:1636503027.104548931121826171875;s:6:\"_VALID\";a:1:{s:28:\"Laminas\\Session\\Validator\\Id\";s:32:\"33bbe5023ea104e613ee241e8549f76c\";}s:42:\"Laminas_Validator_Csrf_salt_loginform_csrf\";a:1:{s:6:\"EXPIRE\";i:1636505986;}s:32:\"Laminas_Validator_Csrf_salt_csrf\";a:1:{s:6:\"EXPIRE\";i:1636505989;}}Laminas_Validator_Csrf_salt_loginform_csrf|C:26:\"Laminas\\Stdlib\\ArrayObject\":391:{a:4:{s:7:\"storage\";a:2:{s:9:\"tokenList\";a:1:{s:32:\"21b2785b5b58278d04a62270a4b92e4b\";s:32:\"1d788c72ec61d2b1ec0fed1fc536afe7\";}s:4:\"hash\";s:65:\"1d788c72ec61d2b1ec0fed1fc536afe7-21b2785b5b58278d04a62270a4b92e4b\";}s:4:\"flag\";i:2;s:13:\"iteratorClass\";s:13:\"ArrayIterator\";s:19:\"protectedProperties\";a:4:{i:0;s:7:\"storage\";i:1;s:4:\"flag\";i:2;s:13:\"iteratorClass\";i:3;s:19:\"protectedProperties\";}}}Laminas_Auth|C:26:\"Laminas\\Stdlib\\ArrayObject\":223:{a:4:{s:7:\"storage\";a:1:{s:7:\"storage\";i:1;}s:4:\"flag\";i:2;s:13:\"iteratorClass\";s:13:\"ArrayIterator\";s:19:\"protectedProperties\";a:4:{i:0;s:7:\"storage\";i:1;s:4:\"flag\";i:2;s:13:\"iteratorClass\";i:3;s:19:\"protectedProperties\";}}}OmekaMessenger|C:26:\"Laminas\\Stdlib\\ArrayObject\":205:{a:4:{s:7:\"storage\";a:0:{}s:4:\"flag\";i:2;s:13:\"iteratorClass\";s:13:\"ArrayIterator\";s:19:\"protectedProperties\";a:4:{i:0;s:7:\"storage\";i:1;s:4:\"flag\";i:2;s:13:\"iteratorClass\";i:3;s:19:\"protectedProperties\";}}}redirect_url|N;Laminas_Validator_Csrf_salt_csrf|C:26:\"Laminas\\Stdlib\\ArrayObject\":391:{a:4:{s:7:\"storage\";a:2:{s:9:\"tokenList\";a:1:{s:32:\"b427cd99d7504ea163d886e7f81be922\";s:32:\"224c79c100659266ad3b9fa1844ffe68\";}s:4:\"hash\";s:65:\"224c79c100659266ad3b9fa1844ffe68-b427cd99d7504ea163d886e7f81be922\";}s:4:\"flag\";i:2;s:13:\"iteratorClass\";s:13:\"ArrayIterator\";s:19:\"protectedProperties\";a:4:{i:0;s:7:\"storage\";i:1;s:4:\"flag\";i:2;s:13:\"iteratorClass\";i:3;s:19:\"protectedProperties\";}}}',1636503027),('c58b3236d732450cf45b24b23a1d994d','__Laminas|a:3:{s:20:\"_REQUEST_ACCESS_TIME\";d:1635406740.566626071929931640625;s:6:\"_VALID\";a:1:{s:28:\"Laminas\\Session\\Validator\\Id\";s:32:\"c58b3236d732450cf45b24b23a1d994d\";}s:42:\"Laminas_Validator_Csrf_salt_loginform_csrf\";a:1:{s:6:\"EXPIRE\";i:1635410340;}}Laminas_Validator_Csrf_salt_loginform_csrf|C:26:\"Laminas\\Stdlib\\ArrayObject\":391:{a:4:{s:7:\"storage\";a:2:{s:9:\"tokenList\";a:1:{s:32:\"30fd74ceb926a7bba75653450dc87ed2\";s:32:\"110dbad123070809fb31c118a9f46211\";}s:4:\"hash\";s:65:\"110dbad123070809fb31c118a9f46211-30fd74ceb926a7bba75653450dc87ed2\";}s:4:\"flag\";i:2;s:13:\"iteratorClass\";s:13:\"ArrayIterator\";s:19:\"protectedProperties\";a:4:{i:0;s:7:\"storage\";i:1;s:4:\"flag\";i:2;s:13:\"iteratorClass\";i:3;s:19:\"protectedProperties\";}}}',1635406740),('c621dc40df6cf5a0b88efa8cfaeab518','__Laminas|a:2:{s:20:\"_REQUEST_ACCESS_TIME\";d:1636488521.845860958099365234375;s:6:\"_VALID\";a:1:{s:28:\"Laminas\\Session\\Validator\\Id\";s:32:\"c621dc40df6cf5a0b88efa8cfaeab518\";}}',1636488521),('c6df3e244c83c9a6eda3eb5ccf11a7a0','__Laminas|a:2:{s:20:\"_REQUEST_ACCESS_TIME\";d:1636488555.57026195526123046875;s:6:\"_VALID\";a:1:{s:28:\"Laminas\\Session\\Validator\\Id\";s:32:\"c6df3e244c83c9a6eda3eb5ccf11a7a0\";}}',1636488555),('c731a81f3fe94436413d1ff2abf07fd8','__Laminas|a:2:{s:20:\"_REQUEST_ACCESS_TIME\";d:1636488531.5776860713958740234375;s:6:\"_VALID\";a:1:{s:28:\"Laminas\\Session\\Validator\\Id\";s:32:\"c731a81f3fe94436413d1ff2abf07fd8\";}}',1636488531),('c746855f614cd7e958f88fc06eebbb11','__Laminas|a:2:{s:20:\"_REQUEST_ACCESS_TIME\";d:1636488532.7186489105224609375;s:6:\"_VALID\";a:1:{s:28:\"Laminas\\Session\\Validator\\Id\";s:32:\"c746855f614cd7e958f88fc06eebbb11\";}}',1636488532),('c97f5b6743dccb0e4ed1c782b08de808','__Laminas|a:2:{s:20:\"_REQUEST_ACCESS_TIME\";d:1636120199.1049139499664306640625;s:6:\"_VALID\";a:1:{s:28:\"Laminas\\Session\\Validator\\Id\";s:32:\"c97f5b6743dccb0e4ed1c782b08de808\";}}',1636120199),('ca085564ddb8e3bb06667c36f757d0c9','__Laminas|a:2:{s:20:\"_REQUEST_ACCESS_TIME\";d:1636488553.84228992462158203125;s:6:\"_VALID\";a:1:{s:28:\"Laminas\\Session\\Validator\\Id\";s:32:\"ca085564ddb8e3bb06667c36f757d0c9\";}}',1636488553),('ca142ab1bd5aa6ca7843a1a56db321c5','__Laminas|a:2:{s:20:\"_REQUEST_ACCESS_TIME\";d:1636488529.288813114166259765625;s:6:\"_VALID\";a:1:{s:28:\"Laminas\\Session\\Validator\\Id\";s:32:\"ca142ab1bd5aa6ca7843a1a56db321c5\";}}',1636488529),('cb51270e99ffdb0a3b75b0d24b785316','__Laminas|a:2:{s:20:\"_REQUEST_ACCESS_TIME\";d:1636995909.2760980129241943359375;s:6:\"_VALID\";a:1:{s:28:\"Laminas\\Session\\Validator\\Id\";s:32:\"cb51270e99ffdb0a3b75b0d24b785316\";}}',1636995909),('cbf82f96efa4e9bed3358099b32c7ecd','__Laminas|a:2:{s:20:\"_REQUEST_ACCESS_TIME\";d:1636488536.5795300006866455078125;s:6:\"_VALID\";a:1:{s:28:\"Laminas\\Session\\Validator\\Id\";s:32:\"cbf82f96efa4e9bed3358099b32c7ecd\";}}',1636488536),('ccb07a28375d4c534ae4a46105489128','__Laminas|a:2:{s:20:\"_REQUEST_ACCESS_TIME\";d:1636536389.648478984832763671875;s:6:\"_VALID\";a:1:{s:28:\"Laminas\\Session\\Validator\\Id\";s:32:\"ccb07a28375d4c534ae4a46105489128\";}}',1636536389),('ccc18ebe06435431d1c7a79ed2afbba3','__Laminas|a:2:{s:20:\"_REQUEST_ACCESS_TIME\";d:1636488546.3663771152496337890625;s:6:\"_VALID\";a:1:{s:28:\"Laminas\\Session\\Validator\\Id\";s:32:\"ccc18ebe06435431d1c7a79ed2afbba3\";}}',1636488546),('ccdb1478c5bfd405249398bbec94748e','__Laminas|a:4:{s:20:\"_REQUEST_ACCESS_TIME\";d:1636502044.5889298915863037109375;s:6:\"_VALID\";a:1:{s:28:\"Laminas\\Session\\Validator\\Id\";s:32:\"20213231b33ab53f692dd55bbca0975a\";}s:42:\"Laminas_Validator_Csrf_salt_loginform_csrf\";a:1:{s:6:\"EXPIRE\";i:1636505641;}s:32:\"Laminas_Validator_Csrf_salt_csrf\";a:1:{s:6:\"EXPIRE\";i:1636505644;}}Laminas_Validator_Csrf_salt_loginform_csrf|C:26:\"Laminas\\Stdlib\\ArrayObject\":391:{a:4:{s:7:\"storage\";a:2:{s:9:\"tokenList\";a:1:{s:32:\"0f52825cee98a990af8e2a5aada6c590\";s:32:\"12b2eb5395a4898b918c529925dd181a\";}s:4:\"hash\";s:65:\"12b2eb5395a4898b918c529925dd181a-0f52825cee98a990af8e2a5aada6c590\";}s:4:\"flag\";i:2;s:13:\"iteratorClass\";s:13:\"ArrayIterator\";s:19:\"protectedProperties\";a:4:{i:0;s:7:\"storage\";i:1;s:4:\"flag\";i:2;s:13:\"iteratorClass\";i:3;s:19:\"protectedProperties\";}}}Laminas_Auth|C:26:\"Laminas\\Stdlib\\ArrayObject\":223:{a:4:{s:7:\"storage\";a:1:{s:7:\"storage\";i:1;}s:4:\"flag\";i:2;s:13:\"iteratorClass\";s:13:\"ArrayIterator\";s:19:\"protectedProperties\";a:4:{i:0;s:7:\"storage\";i:1;s:4:\"flag\";i:2;s:13:\"iteratorClass\";i:3;s:19:\"protectedProperties\";}}}OmekaMessenger|C:26:\"Laminas\\Stdlib\\ArrayObject\":205:{a:4:{s:7:\"storage\";a:0:{}s:4:\"flag\";i:2;s:13:\"iteratorClass\";s:13:\"ArrayIterator\";s:19:\"protectedProperties\";a:4:{i:0;s:7:\"storage\";i:1;s:4:\"flag\";i:2;s:13:\"iteratorClass\";i:3;s:19:\"protectedProperties\";}}}redirect_url|N;Laminas_Validator_Csrf_salt_csrf|C:26:\"Laminas\\Stdlib\\ArrayObject\":391:{a:4:{s:7:\"storage\";a:2:{s:9:\"tokenList\";a:1:{s:32:\"6f3868c7f1b4f5ba2fc08a562cbfec8b\";s:32:\"78baf970118a97a2a8d89cf07e106d29\";}s:4:\"hash\";s:65:\"78baf970118a97a2a8d89cf07e106d29-6f3868c7f1b4f5ba2fc08a562cbfec8b\";}s:4:\"flag\";i:2;s:13:\"iteratorClass\";s:13:\"ArrayIterator\";s:19:\"protectedProperties\";a:4:{i:0;s:7:\"storage\";i:1;s:4:\"flag\";i:2;s:13:\"iteratorClass\";i:3;s:19:\"protectedProperties\";}}}',1636502044),('cdac0c181ee8b635f944bcd2af5efa32','__Laminas|a:2:{s:20:\"_REQUEST_ACCESS_TIME\";d:1636120226.843947887420654296875;s:6:\"_VALID\";a:1:{s:28:\"Laminas\\Session\\Validator\\Id\";s:32:\"cdac0c181ee8b635f944bcd2af5efa32\";}}',1636120226),('d178e3139745189f8a4b02622b12d541','__Laminas|a:2:{s:20:\"_REQUEST_ACCESS_TIME\";d:1636120268.5688140392303466796875;s:6:\"_VALID\";a:1:{s:28:\"Laminas\\Session\\Validator\\Id\";s:32:\"d178e3139745189f8a4b02622b12d541\";}}',1636120268),('d358fe77b95786560fdc21be93904690','__Laminas|a:2:{s:20:\"_REQUEST_ACCESS_TIME\";d:1636488531.00177001953125;s:6:\"_VALID\";a:1:{s:28:\"Laminas\\Session\\Validator\\Id\";s:32:\"d358fe77b95786560fdc21be93904690\";}}',1636488531),('d5715e39014febf9f2d4d0cf58a5828a','__Laminas|a:2:{s:20:\"_REQUEST_ACCESS_TIME\";d:1636488521.2690699100494384765625;s:6:\"_VALID\";a:1:{s:28:\"Laminas\\Session\\Validator\\Id\";s:32:\"d5715e39014febf9f2d4d0cf58a5828a\";}}',1636488521),('d65b59f0a120bf603fb9388fb94dfe50','__Laminas|a:2:{s:20:\"_REQUEST_ACCESS_TIME\";d:1636120269.80020904541015625;s:6:\"_VALID\";a:1:{s:28:\"Laminas\\Session\\Validator\\Id\";s:32:\"d65b59f0a120bf603fb9388fb94dfe50\";}}',1636120269),('d86013720b40a499b6ede89c674854a6','__Laminas|a:2:{s:20:\"_REQUEST_ACCESS_TIME\";d:1636488544.6295490264892578125;s:6:\"_VALID\";a:1:{s:28:\"Laminas\\Session\\Validator\\Id\";s:32:\"d86013720b40a499b6ede89c674854a6\";}}',1636488544),('d91f3dd96e6d2b26e62a0d31f4b8e08f','__Laminas|a:3:{s:20:\"_REQUEST_ACCESS_TIME\";d:1636381021.538011074066162109375;s:6:\"_VALID\";a:1:{s:28:\"Laminas\\Session\\Validator\\Id\";s:32:\"a7c421ad99690e429b868432391ee049\";}s:42:\"Laminas_Validator_Csrf_salt_loginform_csrf\";a:1:{s:6:\"EXPIRE\";i:1636384612;}}Laminas_Validator_Csrf_salt_loginform_csrf|C:26:\"Laminas\\Stdlib\\ArrayObject\":391:{a:4:{s:7:\"storage\";a:2:{s:9:\"tokenList\";a:1:{s:32:\"3a9d51e13c73ef7515d6c0f5de30c331\";s:32:\"f59c39e9471e31f07b9f8fa5e981c916\";}s:4:\"hash\";s:65:\"f59c39e9471e31f07b9f8fa5e981c916-3a9d51e13c73ef7515d6c0f5de30c331\";}s:4:\"flag\";i:2;s:13:\"iteratorClass\";s:13:\"ArrayIterator\";s:19:\"protectedProperties\";a:4:{i:0;s:7:\"storage\";i:1;s:4:\"flag\";i:2;s:13:\"iteratorClass\";i:3;s:19:\"protectedProperties\";}}}Laminas_Auth|C:26:\"Laminas\\Stdlib\\ArrayObject\":223:{a:4:{s:7:\"storage\";a:1:{s:7:\"storage\";i:1;}s:4:\"flag\";i:2;s:13:\"iteratorClass\";s:13:\"ArrayIterator\";s:19:\"protectedProperties\";a:4:{i:0;s:7:\"storage\";i:1;s:4:\"flag\";i:2;s:13:\"iteratorClass\";i:3;s:19:\"protectedProperties\";}}}OmekaMessenger|C:26:\"Laminas\\Stdlib\\ArrayObject\":205:{a:4:{s:7:\"storage\";a:0:{}s:4:\"flag\";i:2;s:13:\"iteratorClass\";s:13:\"ArrayIterator\";s:19:\"protectedProperties\";a:4:{i:0;s:7:\"storage\";i:1;s:4:\"flag\";i:2;s:13:\"iteratorClass\";i:3;s:19:\"protectedProperties\";}}}redirect_url|N;',1636381021),('d9b1673c2b581e3e27d1e75db3dd0f1b','__Laminas|a:2:{s:20:\"_REQUEST_ACCESS_TIME\";d:1636488522.4181859493255615234375;s:6:\"_VALID\";a:1:{s:28:\"Laminas\\Session\\Validator\\Id\";s:32:\"d9b1673c2b581e3e27d1e75db3dd0f1b\";}}',1636488522),('d9ffb1fe95bce117c69c99483144f1ba','__Laminas|a:2:{s:20:\"_REQUEST_ACCESS_TIME\";d:1637512607.9248249530792236328125;s:6:\"_VALID\";a:1:{s:28:\"Laminas\\Session\\Validator\\Id\";s:32:\"d9ffb1fe95bce117c69c99483144f1ba\";}}',1637512607),('da21c8825efd8bd06cdc62d06095c4f5','__Laminas|a:2:{s:20:\"_REQUEST_ACCESS_TIME\";d:1636120223.2684829235076904296875;s:6:\"_VALID\";a:1:{s:28:\"Laminas\\Session\\Validator\\Id\";s:32:\"da21c8825efd8bd06cdc62d06095c4f5\";}}',1636120223),('dd2c28a59860870827407e2873601556','__Laminas|a:2:{s:20:\"_REQUEST_ACCESS_TIME\";d:1636120310.4013860225677490234375;s:6:\"_VALID\";a:1:{s:28:\"Laminas\\Session\\Validator\\Id\";s:32:\"dd2c28a59860870827407e2873601556\";}}',1636120310),('ddaa13ff9c4ee9a4835f148e7a56e891','__Laminas|a:2:{s:20:\"_REQUEST_ACCESS_TIME\";d:1636120291.3407990932464599609375;s:6:\"_VALID\";a:1:{s:28:\"Laminas\\Session\\Validator\\Id\";s:32:\"ddaa13ff9c4ee9a4835f148e7a56e891\";}}',1636120291),('de50d8ccff9bec2fd9c991f8608bfd78','__Laminas|a:2:{s:20:\"_REQUEST_ACCESS_TIME\";d:1636120219.706060886383056640625;s:6:\"_VALID\";a:1:{s:28:\"Laminas\\Session\\Validator\\Id\";s:32:\"de50d8ccff9bec2fd9c991f8608bfd78\";}}',1636120219),('df6bbee974c03d7b6c2c9a9b0bad1711','__Laminas|a:2:{s:20:\"_REQUEST_ACCESS_TIME\";d:1636488520.11851596832275390625;s:6:\"_VALID\";a:1:{s:28:\"Laminas\\Session\\Validator\\Id\";s:32:\"df6bbee974c03d7b6c2c9a9b0bad1711\";}}',1636488520),('df996b641b87baeb24a43b971e4fbb11','__Laminas|a:2:{s:20:\"_REQUEST_ACCESS_TIME\";d:1636488548.670219898223876953125;s:6:\"_VALID\";a:1:{s:28:\"Laminas\\Session\\Validator\\Id\";s:32:\"df996b641b87baeb24a43b971e4fbb11\";}}',1636488548),('e0bcd7c8827fa1dbe7e248af804c96ce','__Laminas|a:4:{s:20:\"_REQUEST_ACCESS_TIME\";d:1636448053.2711589336395263671875;s:6:\"_VALID\";a:1:{s:28:\"Laminas\\Session\\Validator\\Id\";s:32:\"7e0f4a70e3eda00878bb484a18a3e152\";}s:42:\"Laminas_Validator_Csrf_salt_loginform_csrf\";a:1:{s:6:\"EXPIRE\";i:1636451649;}s:32:\"Laminas_Validator_Csrf_salt_csrf\";a:1:{s:6:\"EXPIRE\";i:1636451653;}}Laminas_Validator_Csrf_salt_loginform_csrf|C:26:\"Laminas\\Stdlib\\ArrayObject\":391:{a:4:{s:7:\"storage\";a:2:{s:9:\"tokenList\";a:1:{s:32:\"2b70d3eba91eb0579d67c68f0e40d2b7\";s:32:\"94f7c4110aa1b2f12d19ca052e0dead9\";}s:4:\"hash\";s:65:\"94f7c4110aa1b2f12d19ca052e0dead9-2b70d3eba91eb0579d67c68f0e40d2b7\";}s:4:\"flag\";i:2;s:13:\"iteratorClass\";s:13:\"ArrayIterator\";s:19:\"protectedProperties\";a:4:{i:0;s:7:\"storage\";i:1;s:4:\"flag\";i:2;s:13:\"iteratorClass\";i:3;s:19:\"protectedProperties\";}}}Laminas_Auth|C:26:\"Laminas\\Stdlib\\ArrayObject\":223:{a:4:{s:7:\"storage\";a:1:{s:7:\"storage\";i:1;}s:4:\"flag\";i:2;s:13:\"iteratorClass\";s:13:\"ArrayIterator\";s:19:\"protectedProperties\";a:4:{i:0;s:7:\"storage\";i:1;s:4:\"flag\";i:2;s:13:\"iteratorClass\";i:3;s:19:\"protectedProperties\";}}}OmekaMessenger|C:26:\"Laminas\\Stdlib\\ArrayObject\":205:{a:4:{s:7:\"storage\";a:0:{}s:4:\"flag\";i:2;s:13:\"iteratorClass\";s:13:\"ArrayIterator\";s:19:\"protectedProperties\";a:4:{i:0;s:7:\"storage\";i:1;s:4:\"flag\";i:2;s:13:\"iteratorClass\";i:3;s:19:\"protectedProperties\";}}}redirect_url|N;Laminas_Validator_Csrf_salt_csrf|C:26:\"Laminas\\Stdlib\\ArrayObject\":391:{a:4:{s:7:\"storage\";a:2:{s:9:\"tokenList\";a:1:{s:32:\"7b7f63813bbfaa62af83c76d1e28db46\";s:32:\"8b274f0382a97c8d3a4b8e8605d8db6d\";}s:4:\"hash\";s:65:\"8b274f0382a97c8d3a4b8e8605d8db6d-7b7f63813bbfaa62af83c76d1e28db46\";}s:4:\"flag\";i:2;s:13:\"iteratorClass\";s:13:\"ArrayIterator\";s:19:\"protectedProperties\";a:4:{i:0;s:7:\"storage\";i:1;s:4:\"flag\";i:2;s:13:\"iteratorClass\";i:3;s:19:\"protectedProperties\";}}}',1636448053),('e130022bd663f2676ee42f222ba645bb','__Laminas|a:2:{s:20:\"_REQUEST_ACCESS_TIME\";d:1636488516.0904610157012939453125;s:6:\"_VALID\";a:1:{s:28:\"Laminas\\Session\\Validator\\Id\";s:32:\"e130022bd663f2676ee42f222ba645bb\";}}',1636488516),('e22bacdda29e85241abcfa057e452b98','__Laminas|a:2:{s:20:\"_REQUEST_ACCESS_TIME\";d:1635493630.7839949131011962890625;s:6:\"_VALID\";a:1:{s:28:\"Laminas\\Session\\Validator\\Id\";s:32:\"e22bacdda29e85241abcfa057e452b98\";}}',1635493630),('e2bfd0cf32ff8c0123b8f0ccacdcae08','__Laminas|a:6:{s:20:\"_REQUEST_ACCESS_TIME\";d:1637023719.3316690921783447265625;s:6:\"_VALID\";a:1:{s:28:\"Laminas\\Session\\Validator\\Id\";s:32:\"d65035bd5fddfbefd67db70ff6dfcdef\";}s:42:\"Laminas_Validator_Csrf_salt_loginform_csrf\";a:1:{s:6:\"EXPIRE\";i:1636804581;}s:44:\"Laminas_Validator_Csrf_salt_confirmform_csrf\";a:1:{s:6:\"EXPIRE\";i:1637027298;}s:32:\"Laminas_Validator_Csrf_salt_csrf\";a:1:{s:6:\"EXPIRE\";i:1637027299;}s:53:\"Laminas_Validator_Csrf_salt_resourcetemplateform_csrf\";a:1:{s:6:\"EXPIRE\";i:1637027285;}}Laminas_Validator_Csrf_salt_loginform_csrf|C:26:\"Laminas\\Stdlib\\ArrayObject\":471:{a:4:{s:7:\"storage\";a:2:{s:9:\"tokenList\";a:2:{s:32:\"91d7b7117d1e18257fa4ce1b0a60695e\";s:32:\"162cc9358f0a2312044167179b93915a\";s:32:\"8a8814e5ca605be84a2930e2f97c2628\";s:32:\"30236bb846e2df3c077e6a3617b2e51b\";}s:4:\"hash\";s:65:\"30236bb846e2df3c077e6a3617b2e51b-8a8814e5ca605be84a2930e2f97c2628\";}s:4:\"flag\";i:2;s:13:\"iteratorClass\";s:13:\"ArrayIterator\";s:19:\"protectedProperties\";a:4:{i:0;s:7:\"storage\";i:1;s:4:\"flag\";i:2;s:13:\"iteratorClass\";i:3;s:19:\"protectedProperties\";}}}OmekaMessenger|C:26:\"Laminas\\Stdlib\\ArrayObject\":205:{a:4:{s:7:\"storage\";a:0:{}s:4:\"flag\";i:2;s:13:\"iteratorClass\";s:13:\"ArrayIterator\";s:19:\"protectedProperties\";a:4:{i:0;s:7:\"storage\";i:1;s:4:\"flag\";i:2;s:13:\"iteratorClass\";i:3;s:19:\"protectedProperties\";}}}Laminas_Auth|C:26:\"Laminas\\Stdlib\\ArrayObject\":223:{a:4:{s:7:\"storage\";a:1:{s:7:\"storage\";i:1;}s:4:\"flag\";i:2;s:13:\"iteratorClass\";s:13:\"ArrayIterator\";s:19:\"protectedProperties\";a:4:{i:0;s:7:\"storage\";i:1;s:4:\"flag\";i:2;s:13:\"iteratorClass\";i:3;s:19:\"protectedProperties\";}}}redirect_url|N;Laminas_Validator_Csrf_salt_confirmform_csrf|C:26:\"Laminas\\Stdlib\\ArrayObject\":1272:{a:4:{s:7:\"storage\";a:2:{s:9:\"tokenList\";a:12:{s:32:\"89708d31da1adad6d2274de4a240db38\";s:32:\"c522f045e4e5fa2bb278fce5f76e22f6\";s:32:\"a958c77dc86f7a2747ccb8428c548fc6\";s:32:\"032614409629fbdca8cd7999d4278598\";s:32:\"f1c875cff7dcfea4f79377b83d856f55\";s:32:\"8a4f6e28654b28f29450b3bb75202384\";s:32:\"1ae6d3c061788a746f705dd7749f0649\";s:32:\"b98ea9febc094cad847f892cfb741b71\";s:32:\"0d701888977bb2494c846727d5331097\";s:32:\"342fa855e36e42501748472f9d2f6cb6\";s:32:\"303fca6a9fd9e803a05a40bbebd7962b\";s:32:\"eed833c2ac02d9dd6ed0a74dc68cb1f2\";s:32:\"1926549f06e350ba84c30e7a3aa363e3\";s:32:\"7c05ed1aed9e803e9000f85bc34eaab6\";s:32:\"fadbbc9eab28aa3fa967bf01e528dd7a\";s:32:\"5be83d64315dc2e71172d327c86f89e3\";s:32:\"f1acaabc092e560749371f3327317db5\";s:32:\"9969434f1f65c8eecb9e9fdce09fee5e\";s:32:\"47f1bedb8e44ccf1b775794236e0fdc2\";s:32:\"06ab8db9a773314729daeaafcb99d8c8\";s:32:\"8d6217f9711e6215188687ed5579fb94\";s:32:\"990e3e7bc1460cf427d77c6c3fd2bac3\";s:32:\"18738c9cb06c6f62e8a9d3ab37299e6d\";s:32:\"2ccf988617b73fcc23bc62b3a8a5d4c9\";}s:4:\"hash\";s:65:\"2ccf988617b73fcc23bc62b3a8a5d4c9-18738c9cb06c6f62e8a9d3ab37299e6d\";}s:4:\"flag\";i:2;s:13:\"iteratorClass\";s:13:\"ArrayIterator\";s:19:\"protectedProperties\";a:4:{i:0;s:7:\"storage\";i:1;s:4:\"flag\";i:2;s:13:\"iteratorClass\";i:3;s:19:\"protectedProperties\";}}}Laminas_Validator_Csrf_salt_csrf|C:26:\"Laminas\\Stdlib\\ArrayObject\":1672:{a:4:{s:7:\"storage\";a:2:{s:9:\"tokenList\";a:17:{s:32:\"bd346f8babaf25d9650a6c18c4bb16b5\";s:32:\"346c2488d9feb7208e47387eb8aed64b\";s:32:\"f8759bc3e6bcba14d4c83704a39ea9da\";s:32:\"833be9d4e8af828e8805a0b69cf4eb54\";s:32:\"f30e59dd3c8406123c26ea9d6898a54d\";s:32:\"1730194ca299211b254b107c0ea6f1be\";s:32:\"71b9871c01326ae2dec799711150051e\";s:32:\"f31fd96636d12a6fc92fc749d1e9c034\";s:32:\"aede8e67c96a0510a34af647965710dd\";s:32:\"c879863da32f116d128102f5fdafc33c\";s:32:\"c1ff5c4e1f9fd853f3c3e09155a7111d\";s:32:\"7136ff2aed523d1a978377d34bfad525\";s:32:\"e2ad72d3c5616618599aed4ec46dff68\";s:32:\"706b174a7bff952481ddce727b198658\";s:32:\"b3e229e8dc68c985a64404bac884b186\";s:32:\"844df5196c2dd74c14ee80c17167592d\";s:32:\"e3e250a0a99322fb4e8f6b8beb9537b8\";s:32:\"16bb6cfae621bb939afd42260a5cdccf\";s:32:\"d29933773d85ce9f8098de1819054bbe\";s:32:\"15da2badafefca201b325286038f04b3\";s:32:\"997f6cf60f1dd7b178f7000a4d57f21f\";s:32:\"8d6ff050e7c6c29b22a9323ed007dcd8\";s:32:\"0c1fdecff67e1c69607ccbac619e8c87\";s:32:\"147cdbe97d283673360401f31bd0e7ad\";s:32:\"9cd7270c0de2da4fc8d0ed3547cf8778\";s:32:\"c2099a29cf7ad21b21b4c100c2afe3d6\";s:32:\"6e9dc0fab2b43f2e0017cdf075ae858c\";s:32:\"22feed28e13d61d1f6a0b565caaed0cf\";s:32:\"ace6fd0cc6d5dd6004d7024a3f3fae8a\";s:32:\"08428e134cd7273a09d716db234f4038\";s:32:\"377443e9765dbc82919f790e548a2b73\";s:32:\"8b27e7d91a90ec949888faa9657981eb\";s:32:\"a47c0299c7587fdf21b20c95a7800814\";s:32:\"e28c951c57b072ef0f649d122bd383d5\";}s:4:\"hash\";s:65:\"e28c951c57b072ef0f649d122bd383d5-a47c0299c7587fdf21b20c95a7800814\";}s:4:\"flag\";i:2;s:13:\"iteratorClass\";s:13:\"ArrayIterator\";s:19:\"protectedProperties\";a:4:{i:0;s:7:\"storage\";i:1;s:4:\"flag\";i:2;s:13:\"iteratorClass\";i:3;s:19:\"protectedProperties\";}}}Laminas_Validator_Csrf_salt_resourcetemplateform_csrf|C:26:\"Laminas\\Stdlib\\ArrayObject\":471:{a:4:{s:7:\"storage\";a:2:{s:9:\"tokenList\";a:2:{s:32:\"12edbf123d1e9abd2b12407dd548ba83\";s:32:\"48acefbfb85093cf8c819b79090d8808\";s:32:\"5ae6c405df0f5bc75176f0111ae76ad3\";s:32:\"f1eaaa859d2cef73f5aaab30fb9955a8\";}s:4:\"hash\";s:65:\"f1eaaa859d2cef73f5aaab30fb9955a8-5ae6c405df0f5bc75176f0111ae76ad3\";}s:4:\"flag\";i:2;s:13:\"iteratorClass\";s:13:\"ArrayIterator\";s:19:\"protectedProperties\";a:4:{i:0;s:7:\"storage\";i:1;s:4:\"flag\";i:2;s:13:\"iteratorClass\";i:3;s:19:\"protectedProperties\";}}}',1637023719),('e37f72a7f65dc99a34aa11ea578647ad','__Laminas|a:4:{s:20:\"_REQUEST_ACCESS_TIME\";d:1636500671.8542430400848388671875;s:6:\"_VALID\";a:1:{s:28:\"Laminas\\Session\\Validator\\Id\";s:32:\"f0f2b5aedc0cd348e9cd27087aa7353a\";}s:42:\"Laminas_Validator_Csrf_salt_loginform_csrf\";a:1:{s:6:\"EXPIRE\";i:1636504268;}s:32:\"Laminas_Validator_Csrf_salt_csrf\";a:1:{s:6:\"EXPIRE\";i:1636504271;}}Laminas_Validator_Csrf_salt_loginform_csrf|C:26:\"Laminas\\Stdlib\\ArrayObject\":391:{a:4:{s:7:\"storage\";a:2:{s:9:\"tokenList\";a:1:{s:32:\"c3b7cfe956703499ad73ed22f2968a98\";s:32:\"e27f2a0b0728f4c196252fe9b9c05af8\";}s:4:\"hash\";s:65:\"e27f2a0b0728f4c196252fe9b9c05af8-c3b7cfe956703499ad73ed22f2968a98\";}s:4:\"flag\";i:2;s:13:\"iteratorClass\";s:13:\"ArrayIterator\";s:19:\"protectedProperties\";a:4:{i:0;s:7:\"storage\";i:1;s:4:\"flag\";i:2;s:13:\"iteratorClass\";i:3;s:19:\"protectedProperties\";}}}Laminas_Auth|C:26:\"Laminas\\Stdlib\\ArrayObject\":223:{a:4:{s:7:\"storage\";a:1:{s:7:\"storage\";i:1;}s:4:\"flag\";i:2;s:13:\"iteratorClass\";s:13:\"ArrayIterator\";s:19:\"protectedProperties\";a:4:{i:0;s:7:\"storage\";i:1;s:4:\"flag\";i:2;s:13:\"iteratorClass\";i:3;s:19:\"protectedProperties\";}}}OmekaMessenger|C:26:\"Laminas\\Stdlib\\ArrayObject\":205:{a:4:{s:7:\"storage\";a:0:{}s:4:\"flag\";i:2;s:13:\"iteratorClass\";s:13:\"ArrayIterator\";s:19:\"protectedProperties\";a:4:{i:0;s:7:\"storage\";i:1;s:4:\"flag\";i:2;s:13:\"iteratorClass\";i:3;s:19:\"protectedProperties\";}}}redirect_url|N;Laminas_Validator_Csrf_salt_csrf|C:26:\"Laminas\\Stdlib\\ArrayObject\":391:{a:4:{s:7:\"storage\";a:2:{s:9:\"tokenList\";a:1:{s:32:\"3aa494f36a57d07cc9fc2920193fb455\";s:32:\"9ad9cc0d622b19d685dfff2beb977654\";}s:4:\"hash\";s:65:\"9ad9cc0d622b19d685dfff2beb977654-3aa494f36a57d07cc9fc2920193fb455\";}s:4:\"flag\";i:2;s:13:\"iteratorClass\";s:13:\"ArrayIterator\";s:19:\"protectedProperties\";a:4:{i:0;s:7:\"storage\";i:1;s:4:\"flag\";i:2;s:13:\"iteratorClass\";i:3;s:19:\"protectedProperties\";}}}',1636500671),('e3a8f5f6faea19cc7a52f5655eceaaac','__Laminas|a:2:{s:20:\"_REQUEST_ACCESS_TIME\";d:1636488537.7283179759979248046875;s:6:\"_VALID\";a:1:{s:28:\"Laminas\\Session\\Validator\\Id\";s:32:\"e3a8f5f6faea19cc7a52f5655eceaaac\";}}',1636488537),('e4bbf99fc0def3b2eae4d67a29c0a796','__Laminas|a:2:{s:20:\"_REQUEST_ACCESS_TIME\";d:1636488550.9663879871368408203125;s:6:\"_VALID\";a:1:{s:28:\"Laminas\\Session\\Validator\\Id\";s:32:\"e4bbf99fc0def3b2eae4d67a29c0a796\";}}',1636488550),('e51295d15f888ecc1992b7ad45b48902','__Laminas|a:2:{s:20:\"_REQUEST_ACCESS_TIME\";d:1636392089.6082360744476318359375;s:6:\"_VALID\";a:1:{s:28:\"Laminas\\Session\\Validator\\Id\";s:32:\"e51295d15f888ecc1992b7ad45b48902\";}}',1636392089),('e593b202a863eb7d731e0f49a63b7bc8','__Laminas|a:2:{s:20:\"_REQUEST_ACCESS_TIME\";d:1635187370.127974987030029296875;s:6:\"_VALID\";a:1:{s:28:\"Laminas\\Session\\Validator\\Id\";s:32:\"e593b202a863eb7d731e0f49a63b7bc8\";}}',1635187370),('e61fe82e36e25a0afd8f1f6bddef9f8b','__Laminas|a:2:{s:20:\"_REQUEST_ACCESS_TIME\";d:1636120185.808576107025146484375;s:6:\"_VALID\";a:1:{s:28:\"Laminas\\Session\\Validator\\Id\";s:32:\"e61fe82e36e25a0afd8f1f6bddef9f8b\";}}',1636120185),('e956370255fae2fe439c3abd9326458f','__Laminas|a:2:{s:20:\"_REQUEST_ACCESS_TIME\";d:1636488545.788877010345458984375;s:6:\"_VALID\";a:1:{s:28:\"Laminas\\Session\\Validator\\Id\";s:32:\"e956370255fae2fe439c3abd9326458f\";}}',1636488545),('ebd5a866af59e21d08c3df2d440f0951','__Laminas|a:2:{s:20:\"_REQUEST_ACCESS_TIME\";d:1636536390.221354961395263671875;s:6:\"_VALID\";a:1:{s:28:\"Laminas\\Session\\Validator\\Id\";s:32:\"ebd5a866af59e21d08c3df2d440f0951\";}}',1636536390),('ebf148698157366bdac91d5c6a80e2ec','__Laminas|a:2:{s:20:\"_REQUEST_ACCESS_TIME\";d:1636488536.0029289722442626953125;s:6:\"_VALID\";a:1:{s:28:\"Laminas\\Session\\Validator\\Id\";s:32:\"ebf148698157366bdac91d5c6a80e2ec\";}}',1636488536),('ed67359117bad471084a1f77f094982a','__Laminas|a:2:{s:20:\"_REQUEST_ACCESS_TIME\";d:1635541092.8140180110931396484375;s:6:\"_VALID\";a:1:{s:28:\"Laminas\\Session\\Validator\\Id\";s:32:\"ed67359117bad471084a1f77f094982a\";}}',1635541092),('ee54c8b36c666f0416083a715ebe4bdd','__Laminas|a:2:{s:20:\"_REQUEST_ACCESS_TIME\";d:1636536390.511147022247314453125;s:6:\"_VALID\";a:1:{s:28:\"Laminas\\Session\\Validator\\Id\";s:32:\"ee54c8b36c666f0416083a715ebe4bdd\";}}',1636536390),('ef0e0e21d05c009b0e2bc3cb743fda95','__Laminas|a:2:{s:20:\"_REQUEST_ACCESS_TIME\";d:1635406740.3682520389556884765625;s:6:\"_VALID\";a:1:{s:28:\"Laminas\\Session\\Validator\\Id\";s:32:\"ef0e0e21d05c009b0e2bc3cb743fda95\";}}redirect_url|s:36:\"http://id.analoggamemuseum.org/admin\";',1635406740),('ef76db30027112fc0f76a3fd221b50f0','__Laminas|a:2:{s:20:\"_REQUEST_ACCESS_TIME\";d:1636120239.17465496063232421875;s:6:\"_VALID\";a:1:{s:28:\"Laminas\\Session\\Validator\\Id\";s:32:\"ef76db30027112fc0f76a3fd221b50f0\";}}',1636120239),('ef9a9c98177ca5976b3b420e1a5cb713','__Laminas|a:2:{s:20:\"_REQUEST_ACCESS_TIME\";d:1636488557.282205104827880859375;s:6:\"_VALID\";a:1:{s:28:\"Laminas\\Session\\Validator\\Id\";s:32:\"ef9a9c98177ca5976b3b420e1a5cb713\";}}',1636488557),('f0f0b73c8287c1a46988d6a60c49bc22','__Laminas|a:3:{s:20:\"_REQUEST_ACCESS_TIME\";d:1636502288.334826946258544921875;s:6:\"_VALID\";a:1:{s:28:\"Laminas\\Session\\Validator\\Id\";s:32:\"c3373ae3c4152c6128940a4f1b9c5f32\";}s:42:\"Laminas_Validator_Csrf_salt_loginform_csrf\";a:1:{s:6:\"EXPIRE\";i:1636505886;}}Laminas_Validator_Csrf_salt_loginform_csrf|C:26:\"Laminas\\Stdlib\\ArrayObject\":391:{a:4:{s:7:\"storage\";a:2:{s:9:\"tokenList\";a:1:{s:32:\"78330570db0373dffdd9a1d7f66033dc\";s:32:\"92e43316846bbf137e2c9bfb952e1841\";}s:4:\"hash\";s:65:\"92e43316846bbf137e2c9bfb952e1841-78330570db0373dffdd9a1d7f66033dc\";}s:4:\"flag\";i:2;s:13:\"iteratorClass\";s:13:\"ArrayIterator\";s:19:\"protectedProperties\";a:4:{i:0;s:7:\"storage\";i:1;s:4:\"flag\";i:2;s:13:\"iteratorClass\";i:3;s:19:\"protectedProperties\";}}}Laminas_Auth|C:26:\"Laminas\\Stdlib\\ArrayObject\":223:{a:4:{s:7:\"storage\";a:1:{s:7:\"storage\";i:1;}s:4:\"flag\";i:2;s:13:\"iteratorClass\";s:13:\"ArrayIterator\";s:19:\"protectedProperties\";a:4:{i:0;s:7:\"storage\";i:1;s:4:\"flag\";i:2;s:13:\"iteratorClass\";i:3;s:19:\"protectedProperties\";}}}OmekaMessenger|C:26:\"Laminas\\Stdlib\\ArrayObject\":205:{a:4:{s:7:\"storage\";a:0:{}s:4:\"flag\";i:2;s:13:\"iteratorClass\";s:13:\"ArrayIterator\";s:19:\"protectedProperties\";a:4:{i:0;s:7:\"storage\";i:1;s:4:\"flag\";i:2;s:13:\"iteratorClass\";i:3;s:19:\"protectedProperties\";}}}redirect_url|N;',1636502288),('f14b8e98e79cf601f31e48185ef86d2b','__Laminas|a:2:{s:20:\"_REQUEST_ACCESS_TIME\";d:1636120293.8542659282684326171875;s:6:\"_VALID\";a:1:{s:28:\"Laminas\\Session\\Validator\\Id\";s:32:\"f14b8e98e79cf601f31e48185ef86d2b\";}}',1636120293),('f1aca7e19e164a760c0dfed99074af92','__Laminas|a:5:{s:20:\"_REQUEST_ACCESS_TIME\";d:1637118821.143126010894775390625;s:6:\"_VALID\";a:1:{s:28:\"Laminas\\Session\\Validator\\Id\";s:32:\"f6e9bddfdc375d2e03f9beb2df76d4cd\";}s:42:\"Laminas_Validator_Csrf_salt_loginform_csrf\";a:1:{s:6:\"EXPIRE\";i:1637053211;}s:32:\"Laminas_Validator_Csrf_salt_csrf\";a:1:{s:6:\"EXPIRE\";i:1637122421;}s:44:\"Laminas_Validator_Csrf_salt_confirmform_csrf\";a:1:{s:6:\"EXPIRE\";i:1637121415;}}Laminas_Validator_Csrf_salt_loginform_csrf|C:26:\"Laminas\\Stdlib\\ArrayObject\":391:{a:4:{s:7:\"storage\";a:2:{s:9:\"tokenList\";a:1:{s:32:\"04dd3d1b891f71eb18703483fde12a30\";s:32:\"7aec58985034c50ee1eab5b48940c622\";}s:4:\"hash\";s:65:\"7aec58985034c50ee1eab5b48940c622-04dd3d1b891f71eb18703483fde12a30\";}s:4:\"flag\";i:2;s:13:\"iteratorClass\";s:13:\"ArrayIterator\";s:19:\"protectedProperties\";a:4:{i:0;s:7:\"storage\";i:1;s:4:\"flag\";i:2;s:13:\"iteratorClass\";i:3;s:19:\"protectedProperties\";}}}Laminas_Auth|C:26:\"Laminas\\Stdlib\\ArrayObject\":224:{a:4:{s:7:\"storage\";a:1:{s:7:\"storage\";i:11;}s:4:\"flag\";i:2;s:13:\"iteratorClass\";s:13:\"ArrayIterator\";s:19:\"protectedProperties\";a:4:{i:0;s:7:\"storage\";i:1;s:4:\"flag\";i:2;s:13:\"iteratorClass\";i:3;s:19:\"protectedProperties\";}}}OmekaMessenger|C:26:\"Laminas\\Stdlib\\ArrayObject\":205:{a:4:{s:7:\"storage\";a:0:{}s:4:\"flag\";i:2;s:13:\"iteratorClass\";s:13:\"ArrayIterator\";s:19:\"protectedProperties\";a:4:{i:0;s:7:\"storage\";i:1;s:4:\"flag\";i:2;s:13:\"iteratorClass\";i:3;s:19:\"protectedProperties\";}}}redirect_url|N;Laminas_Validator_Csrf_salt_csrf|C:26:\"Laminas\\Stdlib\\ArrayObject\":631:{a:4:{s:7:\"storage\";a:2:{s:9:\"tokenList\";a:4:{s:32:\"52ea69810eac8c24dce77109e6f7e1fa\";s:32:\"4a3463a661367f794d9ffd178a231b70\";s:32:\"f694fbed39f7031358d119bebe701f65\";s:32:\"be8f8d24e3208c86888380f5c38f2655\";s:32:\"0e383c2c5bed49044f57da6a79852a44\";s:32:\"15ee4d92a7b21539e37e1765aafc60df\";s:32:\"6428cc693146d418c51192841541a4d1\";s:32:\"7e265ea80633a5d0538b7088796fc17b\";}s:4:\"hash\";s:65:\"7e265ea80633a5d0538b7088796fc17b-6428cc693146d418c51192841541a4d1\";}s:4:\"flag\";i:2;s:13:\"iteratorClass\";s:13:\"ArrayIterator\";s:19:\"protectedProperties\";a:4:{i:0;s:7:\"storage\";i:1;s:4:\"flag\";i:2;s:13:\"iteratorClass\";i:3;s:19:\"protectedProperties\";}}}Laminas_Validator_Csrf_salt_confirmform_csrf|C:26:\"Laminas\\Stdlib\\ArrayObject\":471:{a:4:{s:7:\"storage\";a:2:{s:9:\"tokenList\";a:2:{s:32:\"b949fe3ea0a389b974f8258e2c69f62a\";s:32:\"ecee2d03305bb5b62f278d432d231c72\";s:32:\"91e0fa999e6772d286ba661d3177996e\";s:32:\"6bdb2e458b695cc204bf8925fe72f09d\";}s:4:\"hash\";s:65:\"6bdb2e458b695cc204bf8925fe72f09d-91e0fa999e6772d286ba661d3177996e\";}s:4:\"flag\";i:2;s:13:\"iteratorClass\";s:13:\"ArrayIterator\";s:19:\"protectedProperties\";a:4:{i:0;s:7:\"storage\";i:1;s:4:\"flag\";i:2;s:13:\"iteratorClass\";i:3;s:19:\"protectedProperties\";}}}',1637118821),('f4576911558fa327eb703268121f4215','__Laminas|a:2:{s:20:\"_REQUEST_ACCESS_TIME\";d:1636488520.6848061084747314453125;s:6:\"_VALID\";a:1:{s:28:\"Laminas\\Session\\Validator\\Id\";s:32:\"f4576911558fa327eb703268121f4215\";}}',1636488520),('f56de2c02396ba23c2091c5c3f1f1b53','__Laminas|a:2:{s:20:\"_REQUEST_ACCESS_TIME\";d:1636120305.9242360591888427734375;s:6:\"_VALID\";a:1:{s:28:\"Laminas\\Session\\Validator\\Id\";s:32:\"f56de2c02396ba23c2091c5c3f1f1b53\";}}',1636120305),('f5833760e0394b9c87ed78ffa2ac5762','__Laminas|a:2:{s:20:\"_REQUEST_ACCESS_TIME\";d:1637499793.6085569858551025390625;s:6:\"_VALID\";a:1:{s:28:\"Laminas\\Session\\Validator\\Id\";s:32:\"f5833760e0394b9c87ed78ffa2ac5762\";}}',1637499793),('f60b1b41a37c07225fa9148f3b73e140','__Laminas|a:2:{s:20:\"_REQUEST_ACCESS_TIME\";d:1636488545.2053439617156982421875;s:6:\"_VALID\";a:1:{s:28:\"Laminas\\Session\\Validator\\Id\";s:32:\"f60b1b41a37c07225fa9148f3b73e140\";}}',1636488545),('f9289462a02ef0852abafde5adf97b6f','__Laminas|a:3:{s:20:\"_REQUEST_ACCESS_TIME\";d:1636502265.6592609882354736328125;s:6:\"_VALID\";a:1:{s:28:\"Laminas\\Session\\Validator\\Id\";s:32:\"f9289462a02ef0852abafde5adf97b6f\";}s:42:\"Laminas_Validator_Csrf_salt_loginform_csrf\";a:1:{s:6:\"EXPIRE\";i:1636505864;}}Laminas_Validator_Csrf_salt_loginform_csrf|C:26:\"Laminas\\Stdlib\\ArrayObject\":391:{a:4:{s:7:\"storage\";a:2:{s:9:\"tokenList\";a:1:{s:32:\"d0e8d5b445cf225e0736b6f701921c43\";s:32:\"679c4e8f06c01378fe76c383a8f9df86\";}s:4:\"hash\";s:65:\"679c4e8f06c01378fe76c383a8f9df86-d0e8d5b445cf225e0736b6f701921c43\";}s:4:\"flag\";i:2;s:13:\"iteratorClass\";s:13:\"ArrayIterator\";s:19:\"protectedProperties\";a:4:{i:0;s:7:\"storage\";i:1;s:4:\"flag\";i:2;s:13:\"iteratorClass\";i:3;s:19:\"protectedProperties\";}}}',1636502265),('f943f2e6f740f234b7ff5fd5fd0a112c','__Laminas|a:2:{s:20:\"_REQUEST_ACCESS_TIME\";d:1636120242.4924409389495849609375;s:6:\"_VALID\";a:1:{s:28:\"Laminas\\Session\\Validator\\Id\";s:32:\"f943f2e6f740f234b7ff5fd5fd0a112c\";}}',1636120242),('f97facccd2fed4b56b05f989edc85043','__Laminas|a:2:{s:20:\"_REQUEST_ACCESS_TIME\";d:1636120296.35426807403564453125;s:6:\"_VALID\";a:1:{s:28:\"Laminas\\Session\\Validator\\Id\";s:32:\"f97facccd2fed4b56b05f989edc85043\";}}',1636120296),('f98571f4335ac83df924a7b9c996805c','__Laminas|a:2:{s:20:\"_REQUEST_ACCESS_TIME\";d:1635709450.6030139923095703125;s:6:\"_VALID\";a:1:{s:28:\"Laminas\\Session\\Validator\\Id\";s:32:\"f98571f4335ac83df924a7b9c996805c\";}}',1635709450),('fada7a2373ddeaa7d89e074652a2752c','__Laminas|a:5:{s:20:\"_REQUEST_ACCESS_TIME\";d:1635444209.276235103607177734375;s:6:\"_VALID\";a:1:{s:28:\"Laminas\\Session\\Validator\\Id\";s:32:\"6510c9d1ba1154efc969fc3940f1a2bc\";}s:42:\"Laminas_Validator_Csrf_salt_loginform_csrf\";a:1:{s:6:\"EXPIRE\";i:1635355279;}s:53:\"Laminas_Validator_Csrf_salt_resourcetemplateform_csrf\";a:1:{s:6:\"EXPIRE\";i:1635355383;}s:44:\"Laminas_Validator_Csrf_salt_confirmform_csrf\";a:1:{s:6:\"EXPIRE\";i:1635355383;}}redirect_url|s:36:\"http://id.analoggamemuseum.org/admin\";Laminas_Validator_Csrf_salt_loginform_csrf|C:26:\"Laminas\\Stdlib\\ArrayObject\":471:{a:4:{s:7:\"storage\";a:2:{s:9:\"tokenList\";a:2:{s:32:\"248b18f9ae11ec3fd8473fbfb2173ddf\";s:32:\"ef6b2ab52e85c5812536b6c7e80d40c8\";s:32:\"ab83f9d41e0e26fda21a303285a22886\";s:32:\"ecbae911c86cbe349b4e1a7cbbcde85f\";}s:4:\"hash\";s:65:\"ecbae911c86cbe349b4e1a7cbbcde85f-ab83f9d41e0e26fda21a303285a22886\";}s:4:\"flag\";i:2;s:13:\"iteratorClass\";s:13:\"ArrayIterator\";s:19:\"protectedProperties\";a:4:{i:0;s:7:\"storage\";i:1;s:4:\"flag\";i:2;s:13:\"iteratorClass\";i:3;s:19:\"protectedProperties\";}}}Laminas_Auth|C:26:\"Laminas\\Stdlib\\ArrayObject\":223:{a:4:{s:7:\"storage\";a:1:{s:7:\"storage\";i:1;}s:4:\"flag\";i:2;s:13:\"iteratorClass\";s:13:\"ArrayIterator\";s:19:\"protectedProperties\";a:4:{i:0;s:7:\"storage\";i:1;s:4:\"flag\";i:2;s:13:\"iteratorClass\";i:3;s:19:\"protectedProperties\";}}}OmekaMessenger|C:26:\"Laminas\\Stdlib\\ArrayObject\":205:{a:4:{s:7:\"storage\";a:0:{}s:4:\"flag\";i:2;s:13:\"iteratorClass\";s:13:\"ArrayIterator\";s:19:\"protectedProperties\";a:4:{i:0;s:7:\"storage\";i:1;s:4:\"flag\";i:2;s:13:\"iteratorClass\";i:3;s:19:\"protectedProperties\";}}}Laminas_Validator_Csrf_salt_resourcetemplateform_csrf|C:26:\"Laminas\\Stdlib\\ArrayObject\":471:{a:4:{s:7:\"storage\";a:2:{s:9:\"tokenList\";a:2:{s:32:\"708c64c6ce41f025a0e05c619f39ba9a\";s:32:\"7d5b6902e1931f5bf9d27340d7c02cb9\";s:32:\"6db55c380eae8e1b5c15153355ec3f4c\";s:32:\"b92474fbc0f14260b63e287e1106f908\";}s:4:\"hash\";s:65:\"b92474fbc0f14260b63e287e1106f908-6db55c380eae8e1b5c15153355ec3f4c\";}s:4:\"flag\";i:2;s:13:\"iteratorClass\";s:13:\"ArrayIterator\";s:19:\"protectedProperties\";a:4:{i:0;s:7:\"storage\";i:1;s:4:\"flag\";i:2;s:13:\"iteratorClass\";i:3;s:19:\"protectedProperties\";}}}Laminas_Validator_Csrf_salt_confirmform_csrf|C:26:\"Laminas\\Stdlib\\ArrayObject\":391:{a:4:{s:7:\"storage\";a:2:{s:9:\"tokenList\";a:1:{s:32:\"5b49b5d77abc731d3beaecfad460e9fb\";s:32:\"7481f8d79262074bb7c4bf11489d7dfa\";}s:4:\"hash\";s:65:\"7481f8d79262074bb7c4bf11489d7dfa-5b49b5d77abc731d3beaecfad460e9fb\";}s:4:\"flag\";i:2;s:13:\"iteratorClass\";s:13:\"ArrayIterator\";s:19:\"protectedProperties\";a:4:{i:0;s:7:\"storage\";i:1;s:4:\"flag\";i:2;s:13:\"iteratorClass\";i:3;s:19:\"protectedProperties\";}}}',1635444209),('fc3be59f0d74268a6ee92a1fe78eb702','__Laminas|a:2:{s:20:\"_REQUEST_ACCESS_TIME\";d:1636995084.5641620159149169921875;s:6:\"_VALID\";a:1:{s:28:\"Laminas\\Session\\Validator\\Id\";s:32:\"fc3be59f0d74268a6ee92a1fe78eb702\";}}',1636995084),('fc73c9a386b1b7f3c9c59d8c72439de0','__Laminas|a:2:{s:20:\"_REQUEST_ACCESS_TIME\";d:1636488518.4018900394439697265625;s:6:\"_VALID\";a:1:{s:28:\"Laminas\\Session\\Validator\\Id\";s:32:\"fc73c9a386b1b7f3c9c59d8c72439de0\";}}',1636488518),('fd49e75b5c9af995f764b6aecee3c6e0','__Laminas|a:2:{s:20:\"_REQUEST_ACCESS_TIME\";d:1637504603.151813030242919921875;s:6:\"_VALID\";a:1:{s:28:\"Laminas\\Session\\Validator\\Id\";s:32:\"fd49e75b5c9af995f764b6aecee3c6e0\";}}',1637504603),('fd765be8c9a9df5dc613d03fe24c8d3f','__Laminas|a:2:{s:20:\"_REQUEST_ACCESS_TIME\";d:1636915146.6700160503387451171875;s:6:\"_VALID\";a:1:{s:28:\"Laminas\\Session\\Validator\\Id\";s:32:\"fd765be8c9a9df5dc613d03fe24c8d3f\";}}',1636915146),('fdf5ac5abf27c5f3cb104a6b01217312','__Laminas|a:4:{s:20:\"_REQUEST_ACCESS_TIME\";d:1636447871.999270915985107421875;s:6:\"_VALID\";a:1:{s:28:\"Laminas\\Session\\Validator\\Id\";s:32:\"27c81941dbf612d7976dcd8f2ac450e9\";}s:42:\"Laminas_Validator_Csrf_salt_loginform_csrf\";a:1:{s:6:\"EXPIRE\";i:1636451468;}s:32:\"Laminas_Validator_Csrf_salt_csrf\";a:1:{s:6:\"EXPIRE\";i:1636451472;}}Laminas_Validator_Csrf_salt_loginform_csrf|C:26:\"Laminas\\Stdlib\\ArrayObject\":391:{a:4:{s:7:\"storage\";a:2:{s:9:\"tokenList\";a:1:{s:32:\"a907c217e34230d821b7c4d6971c774f\";s:32:\"8366e7bfd2e9c1cc82f4859fc2659c2b\";}s:4:\"hash\";s:65:\"8366e7bfd2e9c1cc82f4859fc2659c2b-a907c217e34230d821b7c4d6971c774f\";}s:4:\"flag\";i:2;s:13:\"iteratorClass\";s:13:\"ArrayIterator\";s:19:\"protectedProperties\";a:4:{i:0;s:7:\"storage\";i:1;s:4:\"flag\";i:2;s:13:\"iteratorClass\";i:3;s:19:\"protectedProperties\";}}}Laminas_Auth|C:26:\"Laminas\\Stdlib\\ArrayObject\":223:{a:4:{s:7:\"storage\";a:1:{s:7:\"storage\";i:1;}s:4:\"flag\";i:2;s:13:\"iteratorClass\";s:13:\"ArrayIterator\";s:19:\"protectedProperties\";a:4:{i:0;s:7:\"storage\";i:1;s:4:\"flag\";i:2;s:13:\"iteratorClass\";i:3;s:19:\"protectedProperties\";}}}OmekaMessenger|C:26:\"Laminas\\Stdlib\\ArrayObject\":205:{a:4:{s:7:\"storage\";a:0:{}s:4:\"flag\";i:2;s:13:\"iteratorClass\";s:13:\"ArrayIterator\";s:19:\"protectedProperties\";a:4:{i:0;s:7:\"storage\";i:1;s:4:\"flag\";i:2;s:13:\"iteratorClass\";i:3;s:19:\"protectedProperties\";}}}redirect_url|N;Laminas_Validator_Csrf_salt_csrf|C:26:\"Laminas\\Stdlib\\ArrayObject\":391:{a:4:{s:7:\"storage\";a:2:{s:9:\"tokenList\";a:1:{s:32:\"c0f219dee55a2f25a09573c7ef3ecb47\";s:32:\"b6fa39871bb5ea235557b39e7226772c\";}s:4:\"hash\";s:65:\"b6fa39871bb5ea235557b39e7226772c-c0f219dee55a2f25a09573c7ef3ecb47\";}s:4:\"flag\";i:2;s:13:\"iteratorClass\";s:13:\"ArrayIterator\";s:19:\"protectedProperties\";a:4:{i:0;s:7:\"storage\";i:1;s:4:\"flag\";i:2;s:13:\"iteratorClass\";i:3;s:19:\"protectedProperties\";}}}',1636447872);
/*!40000 ALTER TABLE `session` ENABLE KEYS */;
UNLOCK TABLES;

--
-- Table structure for table `setting`
--

DROP TABLE IF EXISTS `setting`;
/*!40101 SET @saved_cs_client     = @@character_set_client */;
/*!40101 SET character_set_client = utf8 */;
CREATE TABLE `setting` (
  `id` varchar(190) COLLATE utf8mb4_unicode_ci NOT NULL,
  `value` longtext COLLATE utf8mb4_unicode_ci NOT NULL COMMENT '(DC2Type:json_array)',
  PRIMARY KEY (`id`)
) ENGINE=InnoDB DEFAULT CHARSET=utf8mb4 COLLATE=utf8mb4_unicode_ci;
/*!40101 SET character_set_client = @saved_cs_client */;

--
-- Dumping data for table `setting`
--

LOCK TABLES `setting` WRITE;
/*!40000 ALTER TABLE `setting` DISABLE KEYS */;
INSERT INTO `setting` VALUES ('administrator_email','\"fukudakz@gmail.com\"'),('anycloud_adapter','{\"adapter\":\"default\"}'),('anycloud_aws','[]'),('anycloud_azure','[]'),('anycloud_digital_ocean','[]'),('anycloud_dropbox','[]'),('anycloud_google','{\"google_credentials_path\":\"\\/src\\/Service\\/File\\/Adapter\\/Google\\/{CONFIG}.json\",\"google_storage_uri\":\"https:\\/\\/storage.googleapis.com\"}'),('anycloud_rackspace','[]'),('anycloud_scaleway','[]'),('anycloud_wasabi','[]'),('bulkexport_format_fields','\"name\"'),('bulkexport_format_generic','\"string\"'),('bulkexport_format_resource','\"id\"'),('bulkexport_format_resource_property','\"dcterms:title\"'),('bulkexport_format_uri','\"uri_label\"'),('bulkexport_formatters','[\"csv\",\"json\",\"json-ld\",\"ods\",\"tsv\",\"txt\"]'),('bulkexport_limit','\"1000\"'),('bulkexport_metadata','[\"o:id\",\"o:resource_template\",\"o:resource_class\",\"o:owner\",\"o:is_public\",\"properties_small\"]'),('bulkexport_metadata_exclude','[\"properties_large\"]'),('bulkexport_template','\"\"'),('bulkimport_local_path','\"\\/home\\/xs931140\\/analoggamemuseum.org\\/public_html\\/id\\/files\\/import\"'),('bulkimport_pdftk','\"\"'),('bulkimport_xslt_processor','\"\"'),('default_site','\"1\"'),('default_to_private','\"0\"'),('disable_file_validation','\"0\"'),('disable_jsonld_embed','\"0\"'),('extension_whitelist','[\"aac\",\"aif\",\"aiff\",\"asf\",\"asx\",\"avi\",\"bmp\",\"c\",\"cc\",\"class\",\"css\",\"divx\",\"doc\",\"docx\",\"exe\",\"gif\",\"gz\",\"gzip\",\"h\",\"ico\",\"j2k\",\"jp2\",\"jpe\",\"jpeg\",\"jpg\",\"m4a\",\"m4v\",\"mdb\",\"mid\",\"midi\",\"mov\",\"mp2\",\"mp3\",\"mp4\",\"mpa\",\"mpe\",\"mpeg\",\"mpg\",\"mpp\",\"odb\",\"odc\",\"odf\",\"odg\",\"odp\",\"ods\",\"odt\",\"ogg\",\"opus\",\"pdf\",\"png\",\"pot\",\"pps\",\"ppt\",\"pptx\",\"qt\",\"ra\",\"ram\",\"rtf\",\"rtx\",\"swf\",\"tar\",\"tif\",\"tiff\",\"txt\",\"wav\",\"wax\",\"webm\",\"wma\",\"wmv\",\"wmx\",\"wri\",\"xla\",\"xls\",\"xlsx\",\"xlt\",\"xlw\",\"zip\"]'),('googleanalytics','{\"googleanalytics_code\":\"\"}'),('installation_title','\"agm\"'),('locale','\"ja\"'),('media_alt_text_property','\"\"'),('media_type_whitelist','[\"application\\/msword\",\"application\\/ogg\",\"application\\/pdf\",\"application\\/rtf\",\"application\\/vnd.ms-access\",\"application\\/vnd.ms-excel\",\"application\\/vnd.ms-powerpoint\",\"application\\/vnd.ms-project\",\"application\\/vnd.ms-write\",\"application\\/vnd.oasis.opendocument.chart\",\"application\\/vnd.oasis.opendocument.database\",\"application\\/vnd.oasis.opendocument.formula\",\"application\\/vnd.oasis.opendocument.graphics\",\"application\\/vnd.oasis.opendocument.presentation\",\"application\\/vnd.oasis.opendocument.spreadsheet\",\"application\\/vnd.oasis.opendocument.text\",\"application\\/vnd.openxmlformats-officedocument.wordprocessingml.document\",\"application\\/vnd.openxmlformats-officedocument.presentationml.presentation\",\"application\\/vnd.openxmlformats-officedocument.spreadsheetml.sheet\",\"application\\/x-gzip\",\"application\\/x-ms-wmp\",\"application\\/x-msdownload\",\"application\\/x-shockwave-flash\",\"application\\/x-tar\",\"application\\/zip\",\"audio\\/midi\",\"audio\\/mp4\",\"audio\\/mpeg\",\"audio\\/ogg\",\"audio\\/x-aac\",\"audio\\/x-aiff\",\"audio\\/x-ms-wma\",\"audio\\/x-ms-wax\",\"audio\\/x-realaudio\",\"audio\\/x-wav\",\"image\\/bmp\",\"image\\/gif\",\"image\\/jp2\",\"image\\/jpeg\",\"image\\/pjpeg\",\"image\\/png\",\"image\\/tiff\",\"image\\/x-icon\",\"text\\/css\",\"text\\/plain\",\"text\\/richtext\",\"video\\/divx\",\"video\\/mp4\",\"video\\/mpeg\",\"video\\/ogg\",\"video\\/quicktime\",\"video\\/webm\",\"video\\/x-ms-asf\",\"video\\/x-msvideo\",\"video\\/x-ms-wmv\"]'),('pagination_per_page','\"25\"'),('property_label_information','\"none\"'),('recaptcha_secret_key','\"\"'),('recaptcha_site_key','\"\"'),('time_zone','\"Asia\\/Tokyo\"'),('use_htmlpurifier','\"0\"'),('value_languages','[]'),('version','\"3.1.0\"'),('version_notifications','\"1\"');
/*!40000 ALTER TABLE `setting` ENABLE KEYS */;
UNLOCK TABLES;

--
-- Table structure for table `site`
--

DROP TABLE IF EXISTS `site`;
/*!40101 SET @saved_cs_client     = @@character_set_client */;
/*!40101 SET character_set_client = utf8 */;
CREATE TABLE `site` (
  `id` int(11) NOT NULL AUTO_INCREMENT,
  `thumbnail_id` int(11) DEFAULT NULL,
  `homepage_id` int(11) DEFAULT NULL,
  `owner_id` int(11) DEFAULT NULL,
  `slug` varchar(190) COLLATE utf8mb4_unicode_ci NOT NULL,
  `theme` varchar(190) COLLATE utf8mb4_unicode_ci NOT NULL,
  `title` varchar(190) COLLATE utf8mb4_unicode_ci NOT NULL,
  `summary` longtext COLLATE utf8mb4_unicode_ci DEFAULT NULL,
  `navigation` longtext COLLATE utf8mb4_unicode_ci NOT NULL COMMENT '(DC2Type:json_array)',
  `item_pool` longtext COLLATE utf8mb4_unicode_ci NOT NULL COMMENT '(DC2Type:json_array)',
  `created` datetime NOT NULL,
  `modified` datetime DEFAULT NULL,
  `is_public` tinyint(1) NOT NULL,
  `assign_new_items` tinyint(1) NOT NULL DEFAULT 0,
  PRIMARY KEY (`id`),
  UNIQUE KEY `UNIQ_694309E4989D9B62` (`slug`),
  UNIQUE KEY `UNIQ_694309E4571EDDA` (`homepage_id`),
  KEY `IDX_694309E4FDFF2E92` (`thumbnail_id`),
  KEY `IDX_694309E47E3C61F9` (`owner_id`),
  CONSTRAINT `FK_694309E4571EDDA` FOREIGN KEY (`homepage_id`) REFERENCES `site_page` (`id`) ON DELETE SET NULL,
  CONSTRAINT `FK_694309E47E3C61F9` FOREIGN KEY (`owner_id`) REFERENCES `user` (`id`) ON DELETE SET NULL,
  CONSTRAINT `FK_694309E4FDFF2E92` FOREIGN KEY (`thumbnail_id`) REFERENCES `asset` (`id`) ON DELETE SET NULL
) ENGINE=InnoDB AUTO_INCREMENT=2 DEFAULT CHARSET=utf8mb4 COLLATE=utf8mb4_unicode_ci;
/*!40101 SET character_set_client = @saved_cs_client */;

--
-- Dumping data for table `site`
--

LOCK TABLES `site` WRITE;
/*!40000 ALTER TABLE `site` DISABLE KEYS */;
INSERT INTO `site` VALUES (1,NULL,NULL,1,'agm','cozy','AGMサーチ',NULL,'[{\"type\":\"browse\",\"data\":{\"label\":\"\\u95b2\\u89a7\",\"query\":\"\"},\"links\":[]},{\"type\":\"page\",\"links\":[],\"data\":{\"id\":2,\"label\":null}}]','{\"resource_class_id\":[\"108\",\"113\"]}','2021-10-09 12:08:30','2021-10-16 02:38:48',1,0);
/*!40000 ALTER TABLE `site` ENABLE KEYS */;
UNLOCK TABLES;

--
-- Table structure for table `site_block_attachment`
--

DROP TABLE IF EXISTS `site_block_attachment`;
/*!40101 SET @saved_cs_client     = @@character_set_client */;
/*!40101 SET character_set_client = utf8 */;
CREATE TABLE `site_block_attachment` (
  `id` int(11) NOT NULL AUTO_INCREMENT,
  `block_id` int(11) NOT NULL,
  `item_id` int(11) DEFAULT NULL,
  `media_id` int(11) DEFAULT NULL,
  `caption` longtext COLLATE utf8mb4_unicode_ci NOT NULL,
  `position` int(11) NOT NULL,
  PRIMARY KEY (`id`),
  KEY `IDX_236473FEE9ED820C` (`block_id`),
  KEY `IDX_236473FE126F525E` (`item_id`),
  KEY `IDX_236473FEEA9FDD75` (`media_id`),
  KEY `block_position` (`block_id`,`position`),
  CONSTRAINT `FK_236473FE126F525E` FOREIGN KEY (`item_id`) REFERENCES `item` (`id`) ON DELETE SET NULL,
  CONSTRAINT `FK_236473FEE9ED820C` FOREIGN KEY (`block_id`) REFERENCES `site_page_block` (`id`),
  CONSTRAINT `FK_236473FEEA9FDD75` FOREIGN KEY (`media_id`) REFERENCES `media` (`id`) ON DELETE SET NULL
) ENGINE=InnoDB DEFAULT CHARSET=utf8mb4 COLLATE=utf8mb4_unicode_ci;
/*!40101 SET character_set_client = @saved_cs_client */;

--
-- Dumping data for table `site_block_attachment`
--

LOCK TABLES `site_block_attachment` WRITE;
/*!40000 ALTER TABLE `site_block_attachment` DISABLE KEYS */;
/*!40000 ALTER TABLE `site_block_attachment` ENABLE KEYS */;
UNLOCK TABLES;

--
-- Table structure for table `site_item_set`
--

DROP TABLE IF EXISTS `site_item_set`;
/*!40101 SET @saved_cs_client     = @@character_set_client */;
/*!40101 SET character_set_client = utf8 */;
CREATE TABLE `site_item_set` (
  `id` int(11) NOT NULL AUTO_INCREMENT,
  `site_id` int(11) NOT NULL,
  `item_set_id` int(11) NOT NULL,
  `position` int(11) DEFAULT NULL,
  PRIMARY KEY (`id`),
  UNIQUE KEY `UNIQ_D4CE134F6BD1646960278D7` (`site_id`,`item_set_id`),
  KEY `IDX_D4CE134F6BD1646` (`site_id`),
  KEY `IDX_D4CE134960278D7` (`item_set_id`),
  KEY `position` (`position`),
  CONSTRAINT `FK_D4CE134960278D7` FOREIGN KEY (`item_set_id`) REFERENCES `item_set` (`id`) ON DELETE CASCADE,
  CONSTRAINT `FK_D4CE134F6BD1646` FOREIGN KEY (`site_id`) REFERENCES `site` (`id`) ON DELETE CASCADE
) ENGINE=InnoDB DEFAULT CHARSET=utf8mb4 COLLATE=utf8mb4_unicode_ci;
/*!40101 SET character_set_client = @saved_cs_client */;

--
-- Dumping data for table `site_item_set`
--

LOCK TABLES `site_item_set` WRITE;
/*!40000 ALTER TABLE `site_item_set` DISABLE KEYS */;
/*!40000 ALTER TABLE `site_item_set` ENABLE KEYS */;
UNLOCK TABLES;

--
-- Table structure for table `site_page`
--

DROP TABLE IF EXISTS `site_page`;
/*!40101 SET @saved_cs_client     = @@character_set_client */;
/*!40101 SET character_set_client = utf8 */;
CREATE TABLE `site_page` (
  `id` int(11) NOT NULL AUTO_INCREMENT,
  `site_id` int(11) NOT NULL,
  `slug` varchar(190) COLLATE utf8mb4_unicode_ci NOT NULL,
  `title` varchar(190) COLLATE utf8mb4_unicode_ci NOT NULL,
  `is_public` tinyint(1) NOT NULL,
  `created` datetime NOT NULL,
  `modified` datetime DEFAULT NULL,
  PRIMARY KEY (`id`),
  UNIQUE KEY `UNIQ_2F900BD9F6BD1646989D9B62` (`site_id`,`slug`),
  KEY `IDX_2F900BD9F6BD1646` (`site_id`),
  CONSTRAINT `FK_2F900BD9F6BD1646` FOREIGN KEY (`site_id`) REFERENCES `site` (`id`)
) ENGINE=InnoDB AUTO_INCREMENT=3 DEFAULT CHARSET=utf8mb4 COLLATE=utf8mb4_unicode_ci;
/*!40101 SET character_set_client = @saved_cs_client */;

--
-- Dumping data for table `site_page`
--

LOCK TABLES `site_page` WRITE;
/*!40000 ALTER TABLE `site_page` DISABLE KEYS */;
INSERT INTO `site_page` VALUES (2,1,'welcome','ようこそ',1,'2021-10-09 13:45:37','2021-10-15 14:48:08');
/*!40000 ALTER TABLE `site_page` ENABLE KEYS */;
UNLOCK TABLES;

--
-- Table structure for table `site_page_block`
--

DROP TABLE IF EXISTS `site_page_block`;
/*!40101 SET @saved_cs_client     = @@character_set_client */;
/*!40101 SET character_set_client = utf8 */;
CREATE TABLE `site_page_block` (
  `id` int(11) NOT NULL AUTO_INCREMENT,
  `page_id` int(11) NOT NULL,
  `layout` varchar(80) COLLATE utf8mb4_unicode_ci NOT NULL,
  `data` longtext COLLATE utf8mb4_unicode_ci NOT NULL COMMENT '(DC2Type:json_array)',
  `position` int(11) NOT NULL,
  PRIMARY KEY (`id`),
  KEY `IDX_C593E731C4663E4` (`page_id`),
  KEY `page_position` (`page_id`,`position`),
  CONSTRAINT `FK_C593E731C4663E4` FOREIGN KEY (`page_id`) REFERENCES `site_page` (`id`)
) ENGINE=InnoDB AUTO_INCREMENT=5 DEFAULT CHARSET=utf8mb4 COLLATE=utf8mb4_unicode_ci;
/*!40101 SET character_set_client = @saved_cs_client */;

--
-- Dumping data for table `site_page_block`
--

LOCK TABLES `site_page_block` WRITE;
/*!40000 ALTER TABLE `site_page_block` DISABLE KEYS */;
INSERT INTO `site_page_block` VALUES (3,2,'html','{\"html\":\"<p>\\u30a2\\u30ca\\u30ed\\u30b0\\u30b2\\u30fc\\u30e0\\u30df\\u30e5\\u30fc\\u30b8\\u30a2\\u30e0\\u306e\\u30aa\\u30f3\\u30e9\\u30a4\\u30f3\\u76ee\\u9332\\u30b5\\u30fc\\u30d3\\u30b9\\u3002<\\/p>\\r\\n\\r\\n<p>\\u958b\\u767a\\u4e2d\\u3002<\\/p>\\r\\n\",\"divclass\":\"\"}',1),(4,2,'browsePreview','{\"resource_type\":\"items\",\"query\":\"resource_class_id%5B%5D=108&resource_class_id%5B%5D=113\",\"limit\":\"12\",\"components\":[\"resource-heading\",\"resource-body\",\"thumbnail\"],\"heading\":\"\",\"link-text\":\"Browse all\"}',2);
/*!40000 ALTER TABLE `site_page_block` ENABLE KEYS */;
UNLOCK TABLES;

--
-- Table structure for table `site_permission`
--

DROP TABLE IF EXISTS `site_permission`;
/*!40101 SET @saved_cs_client     = @@character_set_client */;
/*!40101 SET character_set_client = utf8 */;
CREATE TABLE `site_permission` (
  `id` int(11) NOT NULL AUTO_INCREMENT,
  `site_id` int(11) NOT NULL,
  `user_id` int(11) NOT NULL,
  `role` varchar(80) COLLATE utf8mb4_unicode_ci NOT NULL,
  PRIMARY KEY (`id`),
  UNIQUE KEY `UNIQ_C0401D6FF6BD1646A76ED395` (`site_id`,`user_id`),
  KEY `IDX_C0401D6FF6BD1646` (`site_id`),
  KEY `IDX_C0401D6FA76ED395` (`user_id`),
  CONSTRAINT `FK_C0401D6FA76ED395` FOREIGN KEY (`user_id`) REFERENCES `user` (`id`) ON DELETE CASCADE,
  CONSTRAINT `FK_C0401D6FF6BD1646` FOREIGN KEY (`site_id`) REFERENCES `site` (`id`) ON DELETE CASCADE
) ENGINE=InnoDB AUTO_INCREMENT=2 DEFAULT CHARSET=utf8mb4 COLLATE=utf8mb4_unicode_ci;
/*!40101 SET character_set_client = @saved_cs_client */;

--
-- Dumping data for table `site_permission`
--

LOCK TABLES `site_permission` WRITE;
/*!40000 ALTER TABLE `site_permission` DISABLE KEYS */;
INSERT INTO `site_permission` VALUES (1,1,1,'admin');
/*!40000 ALTER TABLE `site_permission` ENABLE KEYS */;
UNLOCK TABLES;

--
-- Table structure for table `site_setting`
--

DROP TABLE IF EXISTS `site_setting`;
/*!40101 SET @saved_cs_client     = @@character_set_client */;
/*!40101 SET character_set_client = utf8 */;
CREATE TABLE `site_setting` (
  `id` varchar(190) COLLATE utf8mb4_unicode_ci NOT NULL,
  `site_id` int(11) NOT NULL,
  `value` longtext COLLATE utf8mb4_unicode_ci NOT NULL COMMENT '(DC2Type:json_array)',
  PRIMARY KEY (`id`,`site_id`),
  KEY `IDX_64D05A53F6BD1646` (`site_id`),
  CONSTRAINT `FK_64D05A53F6BD1646` FOREIGN KEY (`site_id`) REFERENCES `site` (`id`) ON DELETE CASCADE
) ENGINE=InnoDB DEFAULT CHARSET=utf8mb4 COLLATE=utf8mb4_unicode_ci;
/*!40101 SET character_set_client = @saved_cs_client */;

--
-- Dumping data for table `site_setting`
--

LOCK TABLES `site_setting` WRITE;
/*!40000 ALTER TABLE `site_setting` DISABLE KEYS */;
INSERT INTO `site_setting` VALUES ('attachment_link_type',1,'\"item\"'),('browse_attached_items',1,'\"0\"'),('browse_body_property_term',1,'\"ag:datePublished\"'),('browse_heading_property_term',1,'\"dcterms:title\"'),('bulkexport_format_fields',1,'\"label\"'),('bulkexport_format_generic',1,'\"string\"'),('bulkexport_format_resource',1,'\"url_title\"'),('bulkexport_format_resource_property',1,'\"dcterms:identifier\"'),('bulkexport_format_uri',1,'\"uri_label\"'),('bulkexport_formatters',1,'[\"csv\",\"json-ld\",\"ods\",\"tsv\",\"txt\"]'),('bulkexport_limit',1,'\"1000\"'),('bulkexport_metadata',1,'[\"url\",\"o:resource_class\",\"properties_small\"]'),('bulkexport_metadata_exclude',1,'[\"properties_large\"]'),('bulkexport_template',1,'\"\"'),('css_editor_css',1,'\".resource.show #content > h2 + h3 { font-size: 12px; border-radius: 2px; }\\r\\n\"'),('css_editor_external_css',1,'[]'),('disable_jsonld_embed',1,'\"0\"'),('filter_locale_values',1,'\"0\"'),('googleanalytics_code',1,'\"\"'),('item_media_embed',1,'\"0\"'),('locale',1,'\"ja\"'),('search_apply_templates',1,'[\"2\"]'),('search_resource_names',1,'[\"items\"]'),('search_restrict_templates',1,'\"0\"'),('search_type',1,'\"sitewide\"'),('show_attached_pages',1,'\"1\"'),('show_locale_label',1,'\"1\"'),('show_page_pagination',1,'\"1\"'),('show_user_bar',1,'\"0\"'),('sitemaps_enablesitemap',1,'\"1\"'),('theme_settings_cozy',1,'{\"logo\":\"\",\"accent_color\":\"#089494\",\"nav_color\":\"#bfdcdc\",\"nav_depth\":\"0\",\"footer\":\"\\u00a9 2021- Analog Game Museum, All Rights Researved \\/ Powered by Omeka S\"}');
/*!40000 ALTER TABLE `site_setting` ENABLE KEYS */;
UNLOCK TABLES;

--
-- Table structure for table `user`
--

DROP TABLE IF EXISTS `user`;
/*!40101 SET @saved_cs_client     = @@character_set_client */;
/*!40101 SET character_set_client = utf8 */;
CREATE TABLE `user` (
  `id` int(11) NOT NULL AUTO_INCREMENT,
  `email` varchar(190) COLLATE utf8mb4_unicode_ci NOT NULL,
  `name` varchar(190) COLLATE utf8mb4_unicode_ci NOT NULL,
  `created` datetime NOT NULL,
  `modified` datetime DEFAULT NULL,
  `password_hash` varchar(60) COLLATE utf8mb4_unicode_ci DEFAULT NULL,
  `role` varchar(190) COLLATE utf8mb4_unicode_ci NOT NULL,
  `is_active` tinyint(1) NOT NULL,
  PRIMARY KEY (`id`),
  UNIQUE KEY `UNIQ_8D93D649E7927C74` (`email`)
) ENGINE=InnoDB AUTO_INCREMENT=15 DEFAULT CHARSET=utf8mb4 COLLATE=utf8mb4_unicode_ci;
/*!40101 SET character_set_client = @saved_cs_client */;

--
-- Dumping data for table `user`
--

LOCK TABLES `user` WRITE;
/*!40000 ALTER TABLE `user` DISABLE KEYS */;
INSERT INTO `user` VALUES (1,'fukudakz@gmail.com','fukudakz','2021-10-09 11:58:07','2021-10-09 11:58:07','$2y$10$c/nQyrcnsq3yrnfrWKB/cuL38hPD0PotupZL4vG/0kzXsSt7gVaiq','global_admin',1),(2,'keiichi.fujikura@nifty.ne.jp','keiichi.fujikura','2021-07-01 13:29:41','2021-07-01 15:11:17','$2y$10$EGZlQ3Q2Ja9Rsgdr/FISn.XFP6e7XDSYzcJcgfKCZF0Mr/S3iV.jO','site_admin',1),(3,'mnykt.ac@gmail.com','mnykt.ac','2021-07-01 13:30:16','2021-07-01 13:30:54','$2y$10$pOBkh08FhI3XOI5dYrEwTOQKBw/N.LLgJx.JoqeRn/bgkdrRC9gci','site_admin',1),(4,'inouenachi@gmail.com','inouenachi','2021-07-01 13:31:13','2021-07-01 13:31:27','$2y$10$emzrtSpttvpJoZZCzPJ9jONgogRJcDxdA73tQ/bsXpc5elihdVO4G','site_admin',1),(5,'unigames.jp@gmail.com','unigames.jp','2021-07-01 13:31:45','2021-07-01 13:32:44','$2y$10$EsGzY5U6imd6ixPb8FcljuLWR2xwF6sJ/L6FONGoxb451sLiJ8siu','site_admin',1),(6,'hinata@tsuru.ac.jp','hinata','2021-07-01 13:32:01','2021-07-01 13:32:20','$2y$10$vTiLqgBIjjEx0hFVd0NNnespSsImqrT8FooMIkQtWN0rLCVtrnp.6','site_admin',1),(7,'henauru3@hotmail.com','henauru3','2021-08-05 10:23:16','2021-08-05 10:23:45','$2y$10$iZpb37nepNvhXteANgmGwOItPaVRk6R9QAiHycuH7pCkJAMXsWVQW','site_admin',1),(8,'marumestring+slack@gmail.com','KITAJIMA, Akimasa','2021-08-05 11:07:51','2021-08-07 00:59:06','$2y$10$CacsuKnnM1W/LvVX7ThDwuJIf9O49FJvXKLHAqBNZiCJiekGQlo.G','site_admin',1),(9,'adoldqx@gmail.com','adoldqx','2021-08-05 13:23:04','2021-08-05 13:23:32','$2y$10$nm4QwY/f7Tdpr4MdhRiHIulU.Gscd000X7ynuEiOsWWEK5Nmsy1HS','site_admin',1),(10,'hugame.work@gmail.com','hugame','2021-08-05 13:25:50','2021-08-05 13:26:20','$2y$10$69lq66VvNvpsgT6HkYT6XOJAMJjLfLqKl.lMZzyFPkzbnN64Cl.nu','site_admin',1),(11,'sougou@analoggamemuseum.org','sougou','2021-09-27 07:58:48','2021-10-28 07:38:15','$2y$10$rVnIT7rGOfc91mcG8rxasOItOGupZZResCvIvcVl96g.9RDcHMeWW','author',1),(14,'test@yahoo.co.jp','test','2021-11-10 00:10:27','2021-11-10 00:10:27',NULL,'author',1);
/*!40000 ALTER TABLE `user` ENABLE KEYS */;
UNLOCK TABLES;

--
-- Table structure for table `user_setting`
--

DROP TABLE IF EXISTS `user_setting`;
/*!40101 SET @saved_cs_client     = @@character_set_client */;
/*!40101 SET character_set_client = utf8 */;
CREATE TABLE `user_setting` (
  `id` varchar(190) COLLATE utf8mb4_unicode_ci NOT NULL,
  `user_id` int(11) NOT NULL,
  `value` longtext COLLATE utf8mb4_unicode_ci NOT NULL COMMENT '(DC2Type:json_array)',
  PRIMARY KEY (`id`,`user_id`),
  KEY `IDX_C779A692A76ED395` (`user_id`),
  CONSTRAINT `FK_C779A692A76ED395` FOREIGN KEY (`user_id`) REFERENCES `user` (`id`) ON DELETE CASCADE
) ENGINE=InnoDB DEFAULT CHARSET=utf8mb4 COLLATE=utf8mb4_unicode_ci;
/*!40101 SET character_set_client = @saved_cs_client */;

--
-- Dumping data for table `user_setting`
--

LOCK TABLES `user_setting` WRITE;
/*!40000 ALTER TABLE `user_setting` DISABLE KEYS */;
INSERT INTO `user_setting` VALUES ('csv_import_automap_check_names_alone',1,'true'),('csv_import_delimiter',1,'\"\\t\"'),('csv_import_enclosure',1,'\"\\\"\"'),('csv_import_global_language',1,'\"\"'),('csv_import_identifier_property',1,'\"\"'),('csv_import_multivalue_separator',1,'\" | \"'),('csv_import_rows_by_batch',1,'20'),('default_item_sites',11,'[\"1\"]'),('default_resource_template',1,'\"\"'),('default_resource_template',11,'\"10\"'),('locale',1,'\"ja\"'),('locale',11,'\"ja\"');
/*!40000 ALTER TABLE `user_setting` ENABLE KEYS */;
UNLOCK TABLES;

--
-- Table structure for table `value`
--

DROP TABLE IF EXISTS `value`;
/*!40101 SET @saved_cs_client     = @@character_set_client */;
/*!40101 SET character_set_client = utf8 */;
CREATE TABLE `value` (
  `id` int(11) NOT NULL AUTO_INCREMENT,
  `resource_id` int(11) NOT NULL,
  `property_id` int(11) NOT NULL,
  `value_resource_id` int(11) DEFAULT NULL,
  `type` varchar(255) COLLATE utf8mb4_unicode_ci NOT NULL,
  `lang` varchar(255) COLLATE utf8mb4_unicode_ci DEFAULT NULL,
  `value` longtext COLLATE utf8mb4_unicode_ci DEFAULT NULL,
  `uri` longtext COLLATE utf8mb4_unicode_ci DEFAULT NULL,
  `is_public` tinyint(1) NOT NULL,
  PRIMARY KEY (`id`),
  KEY `IDX_1D77583489329D25` (`resource_id`),
  KEY `IDX_1D775834549213EC` (`property_id`),
  KEY `IDX_1D7758344BC72506` (`value_resource_id`),
  KEY `value` (`value`(190)),
  KEY `uri` (`uri`(190)),
  CONSTRAINT `FK_1D7758344BC72506` FOREIGN KEY (`value_resource_id`) REFERENCES `resource` (`id`) ON DELETE CASCADE,
  CONSTRAINT `FK_1D775834549213EC` FOREIGN KEY (`property_id`) REFERENCES `property` (`id`) ON DELETE CASCADE,
  CONSTRAINT `FK_1D77583489329D25` FOREIGN KEY (`resource_id`) REFERENCES `resource` (`id`)
) ENGINE=InnoDB AUTO_INCREMENT=1232 DEFAULT CHARSET=utf8mb4 COLLATE=utf8mb4_unicode_ci;
/*!40101 SET character_set_client = @saved_cs_client */;

--
-- Dumping data for table `value`
--

LOCK TABLES `value` WRITE;
/*!40000 ALTER TABLE `value` DISABLE KEYS */;
INSERT INTO `value` VALUES (1,85,1,NULL,'literal','','大創出版',NULL,1),(2,85,263,NULL,'literal','ja','大創出版',NULL,1),(3,85,263,NULL,'literal','en','Daiso Publishing',NULL,1),(4,85,263,NULL,'literal','ja-Hrkt','だいそう しゅっぱん',NULL,1),(5,86,1,NULL,'literal','','歴史人物かるた',NULL,1),(6,86,263,NULL,'literal','ja','歴史人物かるた',NULL,1),(7,86,263,NULL,'literal','en','Hiistorical Figures Karuta',NULL,1),(8,86,263,NULL,'literal','ja-Hrkt','れきし じんぶつ かるた',NULL,1),(9,86,263,NULL,'literal','ja-Latn','Rekisi jinbutsu Karuta',NULL,1),(10,86,208,NULL,'customvocab:6','ja','カードゲーム',NULL,1),(11,86,268,NULL,'literal','','イラスト: 並木モッズ',NULL,1),(12,86,268,NULL,'literal','','企画協力: アレス（株式会社 清月エンターテイメント）',NULL,1),(13,86,244,NULL,'literal','','2020',NULL,1),(14,86,224,85,'resource:item',NULL,NULL,NULL,1),(15,86,262,NULL,'literal','','STO-20-P8',NULL,1),(16,86,262,NULL,'literal','','D139',NULL,1),(17,86,262,NULL,'literal','','Lot No. 1505CB',NULL,1),(18,86,236,NULL,'literal','','4549131937473',NULL,1),(19,86,240,NULL,'literal','','大創出版お客様センター 03-5981-7203',NULL,1),(20,86,248,NULL,'literal','','1 Box',NULL,1),(21,86,219,NULL,'customvocab:1','ja','紙',NULL,1),(22,86,239,NULL,'literal','','絵札 44枚',NULL,1),(23,86,239,NULL,'literal','','読み札 44枚',NULL,1),(24,86,239,NULL,'literal','','予備札 11枚',NULL,1),(25,86,239,NULL,'literal','','音声案内札 1枚',NULL,1),(26,86,235,NULL,'literal','','6-',NULL,1),(27,86,258,NULL,'customvocab:4',NULL,'jpn',NULL,1),(28,86,258,NULL,'customvocab:4',NULL,'eng',NULL,1),(29,85,263,NULL,'literal','ja-Latn','Daiso syuppan',NULL,1),(30,85,234,NULL,'literal','','DAISO',NULL,1),(31,85,288,NULL,'literal','','2001-12-04',NULL,1),(32,85,290,NULL,'literal','',' 東京都豊島区巣鴨1丁目4番7号MKビル2F',NULL,1),(33,85,283,NULL,'uri',NULL,'Daiso','http://www.wikidata.org/entity/Q866991',1),(34,85,278,NULL,'uri',NULL,'','http://www.daiso-syuppan.com',1),(35,86,245,NULL,'literal','','「読み上げ音声付き」 - 容器より',NULL,1),(36,85,273,NULL,'uri',NULL,'','https://www.daiso-syuppan.com/company/',1),(37,87,1,NULL,'literal','','インスタンス',NULL,1),(38,88,1,NULL,'literal','','エージェント',NULL,1),(299,189,1,NULL,'literal',NULL,'MATAGOT',NULL,1),(300,189,237,NULL,'uri',NULL,NULL,'https://boardgamegeek.com/boardgamepublisher/5400/matagot',1),(301,189,263,NULL,'literal',NULL,'MATAGOT',NULL,1),(302,189,278,NULL,'uri',NULL,NULL,'https://www.matagot.com/',1),(303,189,288,NULL,'literal',NULL,'2005',NULL,1),(304,189,290,NULL,'literal',NULL,'96 rue de Miromesnil F-75008 Paris - France',NULL,1),(305,190,1,NULL,'literal',NULL,'GIFT10 INDUSTRY',NULL,1),(306,190,234,NULL,'literal',NULL,'ギフトテンインダストリ株式会社',NULL,1),(307,190,263,NULL,'literal',NULL,'GIFT10 INDUSTRY',NULL,1),(308,190,290,NULL,'literal',NULL,'国分寺市泉町3-37-34 マージュ西国分寺104',NULL,1),(309,191,1,NULL,'literal',NULL,'DAISO',NULL,1),(310,191,234,NULL,'literal',NULL,'（株）大創産業',NULL,1),(311,191,263,NULL,'literal',NULL,'ダイソー',NULL,1),(312,191,263,NULL,'literal',NULL,'DAISO',NULL,1),(313,191,290,NULL,'literal',NULL,'広島県東広島市西条吉行東1-4-14',NULL,1),(314,192,1,NULL,'literal',NULL,'ホビージャパン',NULL,1),(315,192,263,NULL,'literal','ja','ホビージャパン',NULL,1),(316,192,263,NULL,'literal','en','Hobby Japan',NULL,1),(317,192,283,NULL,'uri',NULL,NULL,'https://www.wikidata.org/wiki/Q3138899',1),(318,192,237,NULL,'uri',NULL,NULL,'https://www.boardgamegeek.com/boardgamepublisher/1391',1),(319,193,1,NULL,'literal',NULL,'ディライト・ワークス株式会社',NULL,1),(320,193,234,NULL,'literal',NULL,'DELiGHT WORKS Inc.',NULL,1),(321,193,263,NULL,'literal',NULL,'ディライト・ワークス株式会社',NULL,1),(322,194,1,NULL,'literal',NULL,'新紀元社',NULL,1),(323,194,263,NULL,'literal',NULL,'新紀元社',NULL,1),(324,194,278,NULL,'uri',NULL,NULL,'http://www.shinkigensha.co.jp/',1),(325,194,283,NULL,'uri',NULL,NULL,'https://www.wikidata.org/wiki/Q11503908',1),(326,195,1,NULL,'literal',NULL,'ソニー・マガジンズ',NULL,1),(327,195,263,NULL,'literal',NULL,'ソニー・マガジンズ',NULL,1),(328,195,283,NULL,'uri',NULL,NULL,'https://www.wikidata.org/wiki/Q11315206',1),(329,196,1,NULL,'literal',NULL,'社会思想社',NULL,1),(330,196,41,NULL,'literal',NULL,'1947/2002',NULL,1),(331,196,263,NULL,'literal',NULL,'社会思想社',NULL,1),(332,196,270,NULL,'uri',NULL,NULL,'https://viaf.org/viaf/148995429/',1),(333,196,270,NULL,'uri',NULL,NULL,'https://www.worldcat.org/identities/lccn-n85253874/',1),(334,196,270,NULL,'uri',NULL,NULL,'https://jpsearch.go.jp/entity/chname/%E7%A4%BE%E4%BC%9A%E6%80%9D%E6%83%B3%E7%A4%BE',1),(335,196,270,NULL,'uri',NULL,NULL,'https://mediaarts-db.bunka.go.jp/id/C46622',1),(336,196,283,NULL,'uri',NULL,NULL,'https://www.wikidata.org/wiki/Q4346358',1),(337,197,1,NULL,'literal',NULL,'グループSNE',NULL,1),(338,197,263,NULL,'literal','ja','グループSNE',NULL,1),(339,197,263,NULL,'literal','en','Group SNE',NULL,1),(340,197,288,NULL,'literal',NULL,'1987-10-01',NULL,1),(341,198,1,NULL,'literal',NULL,'McLeod Warner',NULL,1),(342,198,234,NULL,'literal',NULL,'McLeod Warner Ltd.',NULL,1),(343,198,263,NULL,'literal',NULL,'McLeod Warner',NULL,1),(344,199,1,NULL,'literal',NULL,'Asia Goal',NULL,1),(345,199,263,NULL,'literal',NULL,'Asia Goal limited',NULL,1),(346,199,278,NULL,'uri',NULL,NULL,'https://www.asiagoal.com.hk/',1),(347,200,1,NULL,'literal',NULL,'ラベンスバーガー',NULL,1),(348,200,234,NULL,'literal',NULL,'ラベンスバーガー',NULL,1),(349,200,237,NULL,'uri',NULL,NULL,'https://boardgamegeek.com/boardgamepublisher/34/ravensburger',1),(350,200,263,NULL,'literal',NULL,'Ravensburger',NULL,1),(351,200,283,NULL,'uri',NULL,NULL,'https://www.wikidata.org/wiki/Q697136',1),(352,201,1,NULL,'literal',NULL,'ハズブロ',NULL,1),(353,201,234,NULL,'literal',NULL,'ハズブロ',NULL,1),(354,201,237,NULL,'uri',NULL,NULL,'https://boardgamegeek.com/boardgamepublisher/51/hasbro',1),(355,201,263,NULL,'literal',NULL,'Hasbro',NULL,1),(356,201,278,NULL,'uri',NULL,NULL,'https://shop.hasbro.com/ja-jp',1),(357,201,283,NULL,'uri',NULL,NULL,'https://www.wikidata.org/wiki/Q501476',1),(358,202,1,NULL,'literal',NULL,'AMIGO Spiel',NULL,1),(359,202,234,NULL,'literal',NULL,'アミーゴ・シュピール',NULL,1),(360,202,263,NULL,'literal',NULL,'AMIGO Spiel',NULL,1),(361,202,278,NULL,'uri',NULL,NULL,'https://www.amigo-spiele.de/',1),(362,202,283,NULL,'uri',NULL,NULL,'https://www.wikidata.org/wiki/Q471190',1),(363,203,1,NULL,'literal',NULL,'Goldsieber Spiele',NULL,1),(364,203,234,NULL,'literal',NULL,'ゴルトジーバー・シュピーレ',NULL,1),(365,203,237,NULL,'uri',NULL,NULL,'https://boardgamegeek.com/boardgamepublisher/44/goldsieber-spiele',1),(366,203,263,NULL,'literal',NULL,'Goldsieber Spiele',NULL,1),(367,203,283,NULL,'uri',NULL,NULL,'https://www.wikidata.org/wiki/Q1536100',1),(368,204,1,NULL,'literal',NULL,'アバロンヒル',NULL,1),(369,204,234,NULL,'literal',NULL,'アバロンヒル',NULL,1),(370,204,263,NULL,'literal',NULL,'The Avalon Hill Game Company',NULL,1),(371,204,278,NULL,'uri',NULL,NULL,'https://avalonhill.wizards.com/',1),(372,204,283,NULL,'uri',NULL,NULL,'https://www.wikidata.org/wiki/Q790101',1),(373,205,1,NULL,'literal',NULL,'スモール出版',NULL,1),(374,205,263,NULL,'literal',NULL,'スモール出版',NULL,1),(375,205,263,NULL,'literal',NULL,'Small Light, Inc.',NULL,1),(376,205,278,NULL,'uri',NULL,NULL,'http://www.small-light.com/books/',1),(377,206,1,NULL,'literal',NULL,'すごろくや',NULL,1),(378,206,263,NULL,'literal',NULL,'すごろくや',NULL,1),(379,206,263,NULL,'literal',NULL,'Sugorokuya',NULL,1),(380,207,1,NULL,'literal',NULL,'Asmadi Games',NULL,1),(381,207,263,NULL,'literal',NULL,'Asmadi Games',NULL,1),(382,207,278,NULL,'uri',NULL,NULL,'https://asmadigames.com/',1),(383,208,1,NULL,'literal',NULL,'cosaic',NULL,1),(384,208,263,NULL,'literal',NULL,'cosaic',NULL,1),(385,208,234,NULL,'literal','ja','株式会社コザイク',NULL,1),(386,209,1,NULL,'literal',NULL,'エニックス',NULL,1),(387,209,263,NULL,'literal','ja','エニックス',NULL,1),(388,209,263,NULL,'literal','en','Enix',NULL,1),(389,209,41,NULL,'literal',NULL,'1975/2003',NULL,1),(390,209,283,NULL,'uri',NULL,'Enix','http://www.wikidata.org/entity/Q1343212',1),(391,209,237,NULL,'uri',NULL,NULL,'https://www.boardgamegeek.com/boardgamepublisher/1387',1),(392,209,270,NULL,'uri',NULL,NULL,'https://mediaarts-db.bunka.go.jp/id/C44832',1),(393,209,270,NULL,'uri',NULL,NULL,'https://viaf.org/viaf/254709772/',1),(394,209,270,NULL,'uri',NULL,NULL,'https://id.ndl.go.jp/auth/ndlna/00278399',1),(395,210,1,NULL,'literal',NULL,'Wizards of the Coast',NULL,1),(396,210,263,NULL,'literal','en','Wizards of the Coast',NULL,1),(397,210,288,NULL,'literal',NULL,'1990',NULL,1),(398,210,41,NULL,'literal',NULL,'1990',NULL,1),(399,210,283,NULL,'uri',NULL,'Wizards of the Coast','http://www.wikidata.org/entity/Q1135204',1),(400,210,237,NULL,'uri',NULL,NULL,'https://www.boardgamegeek.com/boardgamepublisher/13',1),(401,210,270,NULL,'uri',NULL,NULL,'https://mediaarts-db.bunka.go.jp/id/C44787',1),(402,210,270,NULL,'uri',NULL,NULL,'https://viaf.org/viaf/142058082/',1),(403,211,1,NULL,'literal',NULL,'アナログゲームミュージアム',NULL,1),(404,211,41,NULL,'literal',NULL,'2021',NULL,1),(405,211,263,NULL,'literal',NULL,'アナログゲームミュージアム',NULL,1),(406,211,263,NULL,'literal',NULL,'Analog Game Museum',NULL,1),(407,212,1,NULL,'literal',NULL,'ニューゲームズオーダー',NULL,1),(408,212,263,NULL,'literal','ja','ニューゲームズオーダー',NULL,1),(409,212,263,NULL,'literal','en','New Games Order',NULL,1),(410,212,234,NULL,'literal','ja','合同会社ニューゲームズオーダー',NULL,1),(411,212,234,NULL,'literal','en','New Games Order, LLC.',NULL,1),(412,212,288,NULL,'literal',NULL,'2009-03-04',NULL,1),(413,212,290,NULL,'literal','ja','東京都立川市柴崎町3-10-6 イチカワビル2階',NULL,1),(414,212,290,NULL,'literal','en','Ichikawa Bldg. 2F, 3-10-6 Shibasaki-cho, Tachikawa-shi, Tokyo 190-0023 JAPAN',NULL,1),(415,212,283,NULL,'Wikidata:mediawiki:all',NULL,'new games order',NULL,1),(416,213,1,NULL,'literal',NULL,'メビウスゲームス',NULL,1),(417,213,263,NULL,'literal','ja','メビウスゲームス',NULL,1),(418,213,263,NULL,'literal','en','Mebius Games',NULL,1),(494,289,1,NULL,'literal',NULL,'François Rouzé',NULL,1),(495,289,141,NULL,'literal',NULL,'François',NULL,1),(496,289,145,NULL,'literal',NULL,'Rouzé',NULL,1),(497,289,263,NULL,'literal',NULL,'フランソワ・ルゼ',NULL,1),(498,289,263,NULL,'literal',NULL,'François Rouzé',NULL,1),(499,290,1,NULL,'literal',NULL,'斎籐純',NULL,1),(500,290,141,NULL,'literal',NULL,'純',NULL,1),(501,290,145,NULL,'literal',NULL,'斎籐',NULL,1),(502,290,263,NULL,'literal',NULL,'斎籐純',NULL,1),(503,291,1,NULL,'literal',NULL,'鈴木正一',NULL,1),(504,291,141,NULL,'literal',NULL,'正一',NULL,1),(505,291,145,NULL,'literal',NULL,'鈴木',NULL,1),(506,291,263,NULL,'literal',NULL,'鈴木正一',NULL,1),(507,292,1,NULL,'literal',NULL,'ジェームズ・F・ダニガン',NULL,1),(508,292,141,NULL,'literal',NULL,'ジェームズ',NULL,1),(509,292,141,NULL,'literal',NULL,'James',NULL,1),(510,292,145,NULL,'literal',NULL,'ダニガン',NULL,1),(511,292,145,NULL,'literal',NULL,'Dunnigan',NULL,1),(512,292,234,NULL,'literal',NULL,'James F. Dunnigan',NULL,1),(513,292,263,NULL,'literal',NULL,'ジェームズ・F・ダニガン',NULL,1),(514,292,283,NULL,'uri',NULL,'James F. Dunnigan','https://www.wikidata.org/entity/Q4590991',1),(515,292,284,NULL,'literal',NULL,'1943',NULL,1),(516,293,1,NULL,'literal',NULL,'カナイ セイジ',NULL,1),(517,293,141,NULL,'literal',NULL,'セイジ',NULL,1),(518,293,145,NULL,'literal',NULL,'カナイ',NULL,1),(519,293,234,NULL,'literal',NULL,'Kanai Seiji',NULL,1),(520,293,245,NULL,'literal',NULL,'ゲームデザイナー。「カナイ製作所」代表。',NULL,1),(521,293,263,NULL,'literal',NULL,'カナイ セイジ',NULL,1),(522,294,1,NULL,'literal',NULL,'刈谷圭司',NULL,1),(523,294,141,NULL,'literal',NULL,'圭司',NULL,1),(524,294,145,NULL,'literal',NULL,'刈谷',NULL,1),(525,294,263,NULL,'literal',NULL,'刈谷圭司',NULL,1),(526,295,1,NULL,'literal',NULL,'田嶋安恵',NULL,1),(527,295,141,NULL,'literal',NULL,'安恵',NULL,1),(528,295,145,NULL,'literal',NULL,'田嶋',NULL,1),(529,295,263,NULL,'literal',NULL,'田嶋安恵',NULL,1),(530,296,1,NULL,'literal',NULL,'川人忠明',NULL,1),(531,296,141,NULL,'literal',NULL,'忠明',NULL,1),(532,296,145,NULL,'literal',NULL,'川人',NULL,1),(533,296,263,NULL,'literal',NULL,'川人忠明',NULL,1),(534,297,1,NULL,'literal',NULL,'友野詳',NULL,1),(535,297,141,NULL,'literal',NULL,'詳',NULL,1),(536,297,145,NULL,'literal',NULL,'友野',NULL,1),(537,297,263,NULL,'literal',NULL,'友野詳',NULL,1),(538,297,283,NULL,'uri',NULL,NULL,'https://www.wikidata.org/wiki/Q11410403',1),(539,298,1,NULL,'literal',NULL,'松田道弘',NULL,1),(540,298,141,NULL,'literal',NULL,'道弘',NULL,1),(541,298,145,NULL,'literal',NULL,'松田',NULL,1),(542,298,263,NULL,'literal',NULL,'松田道弘',NULL,1),(543,298,283,NULL,'uri',NULL,NULL,'https://www.wikidata.org/wiki/Q11532161',1),(544,299,1,NULL,'literal',NULL,'安田均',NULL,1),(545,299,141,NULL,'literal',NULL,'均',NULL,1),(546,299,145,NULL,'literal',NULL,'安田',NULL,1),(547,299,263,NULL,'literal',NULL,'安田均',NULL,1),(548,299,263,NULL,'literal',NULL,'やすだ ひとし',NULL,1),(549,299,263,NULL,'literal',NULL,'Yasuda Hitoshi',NULL,1),(550,299,270,NULL,'uri',NULL,NULL,'https://viaf.org/viaf/74060093/',1),(551,299,270,NULL,'uri',NULL,NULL,'https://id.ndl.go.jp/auth/ndlna/00114967',1),(552,299,283,NULL,'uri',NULL,'Hitoshi Yasuda','https://www.wikidata.org/entity/Q11451018',1),(553,299,284,NULL,'literal',NULL,'1950-01-25',NULL,1),(554,300,1,NULL,'literal',NULL,'ドリス・マテーウス',NULL,1),(555,300,141,NULL,'literal',NULL,'Doris',NULL,1),(556,300,145,NULL,'literal',NULL,'Matthäus',NULL,1),(557,300,234,NULL,'literal',NULL,'ドリス・マテーウス',NULL,1),(558,300,234,NULL,'literal',NULL,'Doris Nestel',NULL,1),(559,300,237,NULL,'uri',NULL,NULL,'https://boardgamegeek.com/boardgamedesigner/74/doris-matthaus',1),(560,300,263,NULL,'literal',NULL,'Doris Matthäus',NULL,1),(561,300,283,NULL,'uri',NULL,NULL,'https://www.wikidata.org/wiki/Q97864',1),(562,301,1,NULL,'literal',NULL,'ライナー・クニツィア',NULL,1),(563,301,141,NULL,'literal',NULL,'Reiner',NULL,1),(564,301,145,NULL,'literal',NULL,'Knizia',NULL,1),(565,301,234,NULL,'literal',NULL,'ライナー・クニツィア',NULL,1),(566,301,234,NULL,'literal',NULL,'ライナー・クニツィーア',NULL,1),(567,301,237,NULL,'uri',NULL,NULL,'https://boardgamegeek.com/boardgamedesigner/2/reiner-knizia',1),(568,301,263,NULL,'literal',NULL,'Reiner Knizia',NULL,1),(569,301,283,NULL,'uri',NULL,NULL,'https://www.wikidata.org/wiki/Q61838',1),(570,302,1,NULL,'literal',NULL,'シド・サクソン',NULL,1),(571,302,41,NULL,'literal',NULL,'1920-2002',NULL,1),(572,302,141,NULL,'literal',NULL,'Sid',NULL,1),(573,302,145,NULL,'literal',NULL,'Sackson',NULL,1),(574,302,234,NULL,'literal',NULL,'シド・サクソン',NULL,1),(575,302,237,NULL,'uri',NULL,NULL,'https://boardgamegeek.com/boardgamedesigner/4/sid-sackson',1),(576,302,263,NULL,'literal',NULL,'Sid Sackson',NULL,1),(577,302,283,NULL,'uri',NULL,NULL,'https://www.wikidata.org/wiki/Q323323',1),(578,303,1,NULL,'literal',NULL,'オリファー・フロイデンライヒ',NULL,1),(579,303,141,NULL,'literal',NULL,'Oliver',NULL,1),(580,303,145,NULL,'literal',NULL,'Freudenreich',NULL,1),(581,303,234,NULL,'literal',NULL,'オリファー・フロイデンライヒ',NULL,1),(582,303,237,NULL,'uri',NULL,NULL,'https://boardgamegeek.com/boardgamedesigner/11901/oliver-freudenreich',1),(583,303,263,NULL,'literal',NULL,'Oliver Freudenreich',NULL,1),(584,304,1,NULL,'literal',NULL,'ヴォルフガング・クラマー',NULL,1),(585,304,141,NULL,'literal',NULL,'Wolfgang',NULL,1),(586,304,145,NULL,'literal',NULL,'Kramer',NULL,1),(587,304,234,NULL,'literal',NULL,'ヴォルフガング・クラマー',NULL,1),(588,304,237,NULL,'uri',NULL,NULL,'https://boardgamegeek.com/boardgamedesigner/7/wolfgang-kramer',1),(589,304,263,NULL,'literal',NULL,'Wolfgang Kramer',NULL,1),(590,304,283,NULL,'uri',NULL,NULL,'https://www.wikidata.org/wiki/Q66063',1),(591,305,1,NULL,'literal',NULL,'ヴェルナー・ホーデル',NULL,1),(592,305,141,NULL,'literal',NULL,'Werner',NULL,1),(593,305,145,NULL,'literal',NULL,'Hodel',NULL,1),(594,305,234,NULL,'literal',NULL,'ヴェルナー・ホーデル',NULL,1),(595,305,237,NULL,'uri',NULL,'Werner Hodel','https://boardgamegeek.com/boardgamedesigner/130/werner-hodel',1),(596,305,263,NULL,'literal',NULL,'Werner Hodel',NULL,1),(597,305,283,NULL,'uri',NULL,NULL,'https://www.wikidata.org/wiki/Q2561510',1),(598,306,1,NULL,'literal','','ボードゲームカタログ202',NULL,1),(599,306,263,NULL,'literal','','ボードゲームカタログ202',NULL,1),(600,306,263,NULL,'literal','','BOARDGAME CATALOG',NULL,1),(601,306,268,NULL,'literal','','編: すごろくや',NULL,1),(602,306,268,NULL,'literal','','監修・構成: 丸田康司',NULL,1),(603,306,224,205,'resource:item',NULL,NULL,NULL,1),(604,306,244,NULL,'literal','','2018-03',NULL,1),(605,306,258,NULL,'literal','','jpn',NULL,1),(606,306,185,NULL,'literal','','798',NULL,1),(607,306,249,NULL,'literal','','冊子',NULL,1),(608,306,248,NULL,'literal','','135ページ',NULL,1),(609,306,246,NULL,'literal','','21cm',NULL,1),(610,306,266,NULL,'literal','','1800円',NULL,1),(611,307,1,NULL,'literal','','ゲームを斬る',NULL,1),(612,307,263,NULL,'literal','','ゲームを斬る',NULL,1),(613,307,268,NULL,'literal','','安田均著',NULL,1),(614,307,195,299,'resource:item',NULL,NULL,NULL,1),(615,307,224,194,'resource:item',NULL,NULL,NULL,1),(616,307,244,NULL,'literal','','2006-05',NULL,1),(617,307,271,NULL,'literal','','Role&Roll Books',NULL,1),(618,307,258,NULL,'literal','','日本語',NULL,1),(619,307,241,NULL,'literal','','2006',NULL,1),(620,307,253,NULL,'literal','','4775304569',NULL,1),(621,307,249,NULL,'literal','','冊子',NULL,1),(622,307,248,NULL,'literal','','335p',NULL,1),(623,308,1,NULL,'literal','','小説アクア・ステップ 1 素敵な恋敵 (ライバル)',NULL,1),(624,308,263,NULL,'literal','','小説アクア・ステップ',NULL,1),(625,308,234,NULL,'literal','','素敵な恋敵 (ライバル)',NULL,1),(626,308,280,NULL,'literal','','1',NULL,1),(627,308,268,NULL,'literal','','安田均・友野詳原作',NULL,1),(628,308,268,NULL,'literal','','川人忠明著',NULL,1),(629,308,268,NULL,'literal','','田嶋安恵画',NULL,1),(630,308,224,195,'resource:item',NULL,NULL,NULL,1),(631,308,244,NULL,'literal','','2001-02-01',NULL,1),(632,308,271,NULL,'literal','','Sony Magazines NOVELS',NULL,1),(633,308,258,NULL,'literal','','日本語',NULL,1),(634,308,241,NULL,'literal','','2001',NULL,1),(635,308,253,NULL,'literal','','4789716627',NULL,1),(636,308,249,NULL,'literal','','冊子',NULL,1),(637,308,248,NULL,'literal','','189 p',NULL,1),(638,308,246,NULL,'literal','','19 cm',NULL,1),(639,308,266,NULL,'literal','','¥790',NULL,1),(640,309,1,NULL,'literal','','ベストゲーム・カタログ',NULL,1),(641,309,263,NULL,'literal','ja','ベストゲーム・カタログ',NULL,1),(642,309,234,NULL,'literal','','遊びの新世界をパトロール',NULL,1),(643,309,268,NULL,'literal','','松田道弘',NULL,1),(644,309,224,196,'resource:item',NULL,NULL,NULL,1),(645,309,244,NULL,'literal','','1993-10',NULL,1),(646,309,271,NULL,'literal','','現代教養文庫',NULL,1),(647,309,258,NULL,'literal','','日本語',NULL,1),(648,309,241,NULL,'literal','','1993',NULL,1),(649,309,253,NULL,'literal','','4390114824',NULL,1),(650,309,249,NULL,'literal','','冊子',NULL,1),(651,309,248,NULL,'literal','','335, iv p.',NULL,1),(652,309,246,NULL,'literal','','15cm',NULL,1),(653,309,266,NULL,'literal','','¥699',NULL,1),(654,310,1,NULL,'literal','','ドラゴンクエスト 上 甦るロト英雄伝説',NULL,1),(655,310,263,NULL,'literal','','ドラゴンクエスト',NULL,1),(656,310,234,NULL,'literal','','甦るロト英雄伝説',NULL,1),(657,310,280,NULL,'literal','','上',NULL,1),(658,310,268,NULL,'literal','','編: エニックス出版局',NULL,1),(659,310,224,209,'resource:item',NULL,NULL,NULL,1),(660,310,244,NULL,'literal','','1991-05',NULL,1),(661,310,271,NULL,'literal','','エニックス文庫',NULL,1),(662,310,271,NULL,'literal','','ゲームブック',NULL,1),(663,310,258,NULL,'literal','','jpn',NULL,1),(664,310,253,NULL,'literal','','4900527157',NULL,1),(665,310,185,NULL,'literal','','798',NULL,1),(666,310,248,NULL,'literal','','280 ページ',NULL,1),(667,310,246,NULL,'literal','','15 cm',NULL,1),(668,311,1,NULL,'literal','','ウォーゲームハンドブック',NULL,1),(669,311,1,NULL,'literal','','うぉー げーむ はんどぶっく',NULL,1),(670,311,263,NULL,'literal','','ウォーゲームハンドブック',NULL,1),(671,311,234,NULL,'literal','','The complete wargames handbook: How to play, design and find them',NULL,1),(672,311,268,NULL,'literal','','著: ジェームズ・F・ダニガン',NULL,1),(673,311,268,NULL,'literal','','訳: 鈴木正一',NULL,1),(674,311,268,NULL,'literal','','編: 斎籐純',NULL,1),(675,311,195,292,'resource:item',NULL,NULL,NULL,1),(676,311,224,192,'resource:item',NULL,NULL,NULL,1),(677,311,244,NULL,'literal','','1982-11-25',NULL,1),(678,311,258,NULL,'literal','','jpn',NULL,1),(679,311,241,NULL,'literal','','1982',NULL,1),(680,311,253,NULL,'literal','','4938461005',NULL,1),(681,311,249,NULL,'literal','','冊子',NULL,1),(682,312,1,NULL,'literal',NULL,'ドラゴンクエスト 下 死闘!竜王の島',NULL,1),(683,312,263,NULL,'literal',NULL,'ドラゴンクエスト',NULL,1),(684,312,234,NULL,'literal',NULL,'死闘!竜王の島',NULL,1),(685,312,280,NULL,'literal',NULL,'下',NULL,1),(686,312,268,NULL,'literal',NULL,'編: エニックス出版局',NULL,1),(687,312,224,209,'resource:item',NULL,NULL,NULL,1),(688,312,244,NULL,'literal',NULL,'1991-05',NULL,1),(689,312,271,NULL,'literal',NULL,'エニックス文庫',NULL,1),(690,312,271,NULL,'literal',NULL,'ゲームブック',NULL,1),(691,312,258,NULL,'literal',NULL,'jpn',NULL,1),(692,312,253,NULL,'literal',NULL,'4900527165',NULL,1),(693,312,249,NULL,'literal',NULL,'冊子',NULL,1),(694,312,248,NULL,'literal',NULL,'281ページ',NULL,1),(695,312,246,NULL,'literal',NULL,'15 cm',NULL,1),(696,312,266,NULL,'literal',NULL,'490円 (税込)',NULL,1),(697,312,273,NULL,'uri',NULL,NULL,'https://iss.ndl.go.jp/books/R100000002-I000002156525-00',1),(698,310,273,NULL,'uri',NULL,'','https://iss.ndl.go.jp/books/R100000002-I000002156524-00',1),(699,311,246,NULL,'literal','','21cm',NULL,1),(700,311,266,NULL,'literal','','1600円',NULL,1),(701,309,245,NULL,'literal','','『遊びの世界の味覚地図』（1988, 社会思想社）の改題',NULL,1),(702,308,245,NULL,'literal','','特別付録『小説アクア・ステップ・アップ』を2倍楽しむ! ボードゲームガイド / 刈谷圭司（グループSNE） p.[153]-189',NULL,1),(703,307,246,NULL,'literal','','18cm',NULL,1),(704,307,266,NULL,'literal','','¥1200',NULL,1),(705,306,245,NULL,'literal','','「「ボードゲームカタログ201」(2013年刊)の改題、最新改訂版 」 - https://iss.ndl.go.jp/books/R100000002-I028884782-00',NULL,1),(706,313,1,NULL,'literal',NULL,'https://cover.openbd.jp/9784905158530.jpg',NULL,1),(707,314,1,NULL,'literal','','翔泳社',NULL,1),(708,314,263,NULL,'literal','','翔泳社',NULL,1),(709,314,263,NULL,'literal','en','Shoeisha',NULL,1),(710,314,278,NULL,'uri',NULL,'','https://www.shoeisha.co.jp',1),(711,315,1,NULL,'literal','','ゲームメカニクス大全 ボードゲームに学ぶ「おもしろさ」の仕掛け',NULL,1),(712,315,263,NULL,'literal','ja','ゲームメカニクス大全 ボードゲームに学ぶ「おもしろさ」の仕掛け',NULL,1),(713,315,263,NULL,'literal','en','Building Blocks of Tabletop Game Design - An Encyclopedia of Mechanisms',NULL,1),(714,315,263,NULL,'literal','ja-Hrkt','げーむ めかにくす たいぜん ぼーどげーむ に まなぶ おもしろさ の しかけ',NULL,1),(715,315,268,NULL,'literal','','著: Geoffrey Englestein, Isaac Shalev',NULL,1),(716,315,268,NULL,'literal','','訳: 小野卓也',NULL,1),(717,315,268,NULL,'literal','','調査協力: すごろくや',NULL,1),(718,316,1,NULL,'literal','','Geoffrey Engelstein',NULL,1),(719,316,263,NULL,'literal','en','Geoffrey Engelstein',NULL,1),(720,316,263,NULL,'literal','ja','ジェフェリー・エンゲルステーン',NULL,1),(721,316,139,NULL,'literal','en','Geffrey',NULL,1),(722,316,145,NULL,'literal','en','Engelstein',NULL,1),(723,316,273,315,'resource',NULL,NULL,NULL,1),(724,314,273,315,'resource',NULL,NULL,NULL,1),(725,317,1,NULL,'literal','','Isaac Shalev',NULL,1),(726,317,263,NULL,'literal','en','Isaac Shalev',NULL,1),(727,317,263,NULL,'literal','ja','アイザック・シェレブ',NULL,1),(728,317,139,NULL,'literal','en','Isaac',NULL,1),(729,317,145,NULL,'literal','en','Shalev',NULL,1),(730,317,273,315,'resource',NULL,NULL,NULL,1),(731,315,195,316,'resource:item',NULL,NULL,NULL,1),(732,315,195,317,'resource:item',NULL,NULL,NULL,1),(733,315,224,314,'resource:item',NULL,NULL,NULL,1),(734,315,244,NULL,'literal','','2020-10-12',NULL,1),(735,315,258,NULL,'customvocab:4',NULL,'jpn',NULL,1),(736,315,241,NULL,'literal','','©2020',NULL,1),(737,315,253,NULL,'literal','','9784798164731',NULL,1),(738,315,185,NULL,'literal','','プログラミング・開発（B2-14）',NULL,1),(739,315,185,NULL,'literal','','NDC: 798',NULL,1),(740,315,185,NULL,'literal','','NDLC: KD958',NULL,1),(741,315,249,NULL,'customvocab:2','ja','冊子',NULL,1),(742,315,248,NULL,'literal','','583 ページ',NULL,1),(743,315,246,NULL,'literal','','21 cm',NULL,1),(744,315,266,NULL,'literal','','3980円 + 税',NULL,1),(745,318,1,NULL,'literal',NULL,'https://cover.openbd.jp/9784798164731.jpg',NULL,1),(746,319,1,NULL,'literal',NULL,'The Last Brave',NULL,1),(747,319,208,NULL,'literal',NULL,'カードゲーム',NULL,1),(748,319,219,NULL,'literal',NULL,'紙',NULL,1),(749,319,220,NULL,'literal',NULL,'プレイヤーの脱落',NULL,1),(750,319,220,NULL,'literal',NULL,'プレイヤー別固有能力',NULL,1),(751,319,220,NULL,'literal',NULL,'バトルカード（攻撃値-防御値）',NULL,1),(752,319,234,NULL,'literal',NULL,'ラスブレ',NULL,1),(753,319,235,NULL,'literal',NULL,'10-',NULL,1),(754,319,236,NULL,'literal',NULL,'4580560590020',NULL,1),(755,319,237,NULL,'uri',NULL,NULL,'https://boardgamegeek.com/boardgame/281920/',1),(756,319,238,NULL,'uri',NULL,NULL,'https://bodoge.hoobby.net/games/last-brave',1),(757,319,239,NULL,'literal',NULL,'カード 28枚',NULL,1),(758,319,239,NULL,'literal',NULL,'説明書 1枚',NULL,1),(759,319,240,NULL,'literal',NULL,'03-5656-9377',NULL,1),(760,319,244,NULL,'literal',NULL,'2018-12-13',NULL,1),(761,319,248,NULL,'literal',NULL,'1 Box',NULL,1),(762,319,258,NULL,'literal',NULL,'jpn',NULL,1),(763,319,259,NULL,'literal',NULL,'紙葉',NULL,1),(764,319,260,NULL,'literal',NULL,'The Last Brave 遊び方説明書',NULL,1),(765,319,263,NULL,'literal',NULL,'The Last Brave',NULL,1),(766,319,263,NULL,'literal',NULL,'ザ・ラストブレイブ',NULL,1),(767,319,264,NULL,'literal',NULL,'2021/03/07',NULL,1),(768,319,265,NULL,'literal',NULL,'10分',NULL,1),(769,319,266,NULL,'literal',NULL,'2,037円 (税込)',NULL,1),(770,319,268,NULL,'literal',NULL,'ディライトゲームズ株式会社',NULL,1),(771,319,268,NULL,'literal',NULL,'ゲームデザイン: カナイセイジ',NULL,1),(772,319,268,NULL,'literal',NULL,'カナイ製作所',NULL,1),(773,319,270,NULL,'uri',NULL,'勇士創像バトルロイヤルカードゲーム The Last Brave ゲームデザイン カナイセイジ 一般発売：2018年12月13日（木）','https://www.delightworks.co.jp/games/boardgame/thelastbrave/',1),(774,319,270,NULL,'uri',NULL,'The Last Brave 遊び方説明書 pdf','https://www.delightworks.co.jp/games/boardgame/thelastbrave/pdf/manual.pdf',1),(775,320,1,NULL,'literal','','テストプレイなんてしてないよ',NULL,1),(776,320,263,NULL,'literal','','テストプレイなんてしてないよ',NULL,1),(777,320,263,NULL,'literal','','Testo purei nante shite naiyo',NULL,1),(778,320,263,NULL,'literal','','We Didn\'t Playtest this at All',NULL,1),(779,320,208,NULL,'literal','','カードゲーム',NULL,1),(780,320,268,NULL,'literal','','Author: Chris Cieslik',NULL,1),(781,320,268,NULL,'literal','','Translation: Hitoshi Yasuda / Group SNE',NULL,1),(782,320,268,NULL,'literal','','Graphic: Mia Matsuda',NULL,1),(783,320,268,NULL,'literal','','Testplay: Nobody',NULL,1),(784,320,244,NULL,'literal','','2017-10-26',NULL,1),(785,320,224,207,'resource:item',NULL,NULL,NULL,1),(786,320,198,208,'resource:item',NULL,NULL,NULL,1),(787,320,196,334,'resource:item',NULL,NULL,NULL,1),(788,320,241,NULL,'literal','','©2017',NULL,1),(789,320,283,NULL,'Wikidata:mediawiki:all','','We Didn\'t Playtest This At All','http://www.wikidata.org/entity/Q80054460',1),(790,320,236,NULL,'literal','','4571398990731',NULL,1),(791,320,249,NULL,'customvocab:7','ja','箱',NULL,1),(792,320,248,NULL,'literal','','1 Box',NULL,1),(793,320,246,NULL,'literal','','14.8 * 10.8 * 2.8 cm',NULL,1),(794,320,282,NULL,'literal','','280 g',NULL,1),(795,320,219,NULL,'literal','','紙',NULL,1),(796,320,239,NULL,'literal','','90 cards',NULL,1),(797,320,239,NULL,'literal','','1 rulebook',NULL,1),(798,320,264,NULL,'literal','','2-10',NULL,1),(799,320,265,NULL,'literal','','1-5 min',NULL,1),(800,321,1,NULL,'literal','','テストプレイなんてしてないよ ゾンビとバナナ',NULL,1),(801,321,263,NULL,'literal','ja','テストプレイなんてしてないよ ゾンビとバナナ',NULL,1),(802,321,263,NULL,'literal','en','We Didn\'t Playtest This Pasted-On Theme at All!',NULL,1),(803,321,263,NULL,'literal','ja-Hrkt','てすと ぷれい なんて して ないよ ぞんび と ばなな',NULL,1),(804,321,263,NULL,'literal','ja-Latn','Tesuto purei nante shite naiyo zonbi to banana',NULL,1),(805,321,208,NULL,'literal','','カードゲーム',NULL,1),(806,321,268,NULL,'literal','','Author: Chris Cieslik',NULL,1),(807,321,268,NULL,'literal','','Translation: Hitoshi Yasuda / Group SNE',NULL,1),(808,321,268,NULL,'literal','','Graphic: Mia Matsuda',NULL,1),(809,321,268,NULL,'literal','','Testplay: Nobody',NULL,1),(810,321,268,NULL,'literal','','Print: Fuji Printing Co.,Ltd.',NULL,1),(811,321,244,NULL,'literal','','2020',NULL,1),(812,321,224,207,'resource:item',NULL,NULL,NULL,1),(813,321,198,208,'resource:item',NULL,NULL,NULL,1),(814,321,196,334,'resource:item',NULL,NULL,NULL,1),(815,321,237,NULL,'uri',NULL,'','https://boardgamegeek.com/boardgame/147445/we-didnt-playtest-pasted-theme-all',1),(816,321,249,NULL,'customvocab:7','ja','箱',NULL,1),(817,322,1,NULL,'literal',NULL,'枯山水',NULL,1),(818,322,263,NULL,'literal','ja','枯山水',NULL,1),(819,322,263,NULL,'literal','ja-Hrkt','かれさんすい',NULL,1),(820,322,263,NULL,'literal','ja-Latn','Karesansui',NULL,1),(821,322,279,NULL,'literal',NULL,'新装版',NULL,1),(822,322,208,NULL,'customvocab:6','ja','ボードゲーム',NULL,1),(823,322,268,NULL,'literal',NULL,'作: 山田空太',NULL,1),(824,322,268,NULL,'literal',NULL,'画: ママダユースケ',NULL,1),(825,322,268,NULL,'literal',NULL,'造形制作協力: 謙信',NULL,1),(826,322,268,NULL,'literal',NULL,'制作: ニューゲームズオーダー',NULL,1),(827,322,244,NULL,'literal',NULL,'2014',NULL,1),(828,322,224,212,'resource:item',NULL,NULL,NULL,1),(829,322,196,335,'resource:item',NULL,NULL,NULL,1),(830,322,241,NULL,'literal',NULL,'©2014',NULL,1),(831,322,220,NULL,'literal',NULL,'タイル・カード配置',NULL,1),(832,322,266,NULL,'literal',NULL,'8,640円 (税込)',NULL,1),(833,322,249,NULL,'customvocab:7','ja','箱',NULL,1),(834,322,248,NULL,'literal',NULL,'1 Box',NULL,1),(835,322,246,NULL,'literal',NULL,'22.8 * 32 * 7 cm',NULL,1),(836,322,219,NULL,'literal',NULL,'紙',NULL,1),(837,322,219,NULL,'literal',NULL,'ビニール',NULL,1),(838,322,219,NULL,'literal',NULL,'石',NULL,1),(839,322,239,NULL,'literal',NULL,'寺院ボード 1枚',NULL,1),(840,322,239,NULL,'literal',NULL,'庭園ボード 1枚',NULL,1),(841,322,239,NULL,'literal',NULL,'砂紋タイル 80枚',NULL,1),(842,322,239,NULL,'literal',NULL,'石 25個 (横石 6個、立石 (小) 7個、臥石 4個、立石 (大) 5個、船石 3個)',NULL,1),(843,322,239,NULL,'literal',NULL,'名庭園カード 14枚',NULL,1),(844,322,239,NULL,'literal',NULL,'作庭家カード 9枚',NULL,1),(845,322,239,NULL,'literal',NULL,'禅僧駒 4個',NULL,1),(846,322,239,NULL,'literal',NULL,'円相駒 4個',NULL,1),(847,323,1,NULL,'literal','','ROOM-25',NULL,1),(848,323,263,NULL,'literal','','ROOM-25',NULL,1),(849,323,263,NULL,'literal','','矩陣密室-25',NULL,1),(850,323,263,NULL,'literal','','ルーム25',NULL,1),(851,323,263,NULL,'literal','','ROOM-25',NULL,1),(852,323,208,NULL,'literal','','ボードゲーム',NULL,1),(853,323,244,NULL,'literal','','2013',NULL,1),(854,323,224,189,'resource:item',NULL,NULL,NULL,1),(855,323,198,192,'resource:item',NULL,NULL,NULL,1),(856,323,241,NULL,'literal','','2013',NULL,1),(857,323,220,NULL,'literal','','正体隠匿・隠蔽',NULL,1),(858,323,220,NULL,'literal','','ブラフ',NULL,1),(859,323,220,NULL,'literal','','グリッド移動',NULL,1),(860,323,220,NULL,'literal','','チーム戦',NULL,1),(861,323,220,NULL,'literal','','アクション事前決定',NULL,1),(862,323,237,NULL,'uri',NULL,'','https://boardgamegeek.com/boardgame/127024/room-25',1),(863,323,238,NULL,'uri',NULL,'','https://bodoge.hoobby.net/games/room-25',1),(864,323,262,NULL,'literal','','SR00-001/2013-05/FRNS-047',NULL,1),(865,323,248,NULL,'literal','','1 Box',NULL,1),(866,323,246,NULL,'literal','','17.3 * 23.3 * 4.4',NULL,1),(867,323,219,NULL,'literal','','紙',NULL,1),(868,323,264,NULL,'literal','','1-6',NULL,1),(869,323,265,NULL,'literal','','30 min',NULL,1),(870,323,235,NULL,'literal','','13-',NULL,1),(871,323,258,NULL,'literal','','jpn',NULL,1),(872,323,258,NULL,'literal','','deu',NULL,1),(873,323,258,NULL,'literal','','chi',NULL,1),(874,323,258,NULL,'literal','','eng',NULL,1),(875,324,1,NULL,'literal',NULL,'ガイスター',NULL,1),(876,324,263,NULL,'literal',NULL,'ガイスター',NULL,1),(877,324,263,NULL,'literal',NULL,'Geister',NULL,1),(878,324,208,NULL,'literal',NULL,'ボードゲーム',NULL,1),(879,324,268,NULL,'literal',NULL,'Inventor: Alex Randolph',NULL,1),(880,324,244,NULL,'literal',NULL,'2012',NULL,1),(881,324,198,213,'resource:item',NULL,NULL,NULL,1),(882,324,220,NULL,'literal',NULL,'グリッド移動',NULL,1),(883,324,283,NULL,'uri',NULL,'Ghosts','http://www.wikidata.org/entity/Q5557399',1),(884,324,262,NULL,'literal',NULL,'No. 1804',NULL,1),(885,324,236,NULL,'literal',NULL,'4580215110153',NULL,1),(886,324,248,NULL,'literal',NULL,'1 Box',NULL,1),(887,324,246,NULL,'literal',NULL,'22.4 * 22.4 * 5.2 cm',NULL,1),(888,324,282,NULL,'literal',NULL,'486 g',NULL,1),(889,324,219,NULL,'customvocab:1','ja','紙',NULL,1),(890,324,219,NULL,'customvocab:1','ja','プラスチック',NULL,1),(891,324,239,NULL,'literal',NULL,'ゲームボード 1',NULL,1),(892,324,239,NULL,'literal',NULL,'オバケコマ 16',NULL,1),(893,324,239,NULL,'literal',NULL,'マーカー 16本（赤・青各8本）',NULL,1),(894,324,239,NULL,'literal',NULL,'ルールシート 1',NULL,1),(895,324,264,NULL,'literal',NULL,'2',NULL,1),(896,324,265,NULL,'literal',NULL,'10-20 min',NULL,1),(897,324,235,NULL,'literal',NULL,'8-',NULL,1),(898,324,258,NULL,'literal',NULL,'jpn',NULL,1),(899,325,1,NULL,'literal','','DUNGEONS & DRAGONS STARTER SET',NULL,1),(900,325,263,NULL,'literal','','DUNGEONS & DRAGONS STARTER SET',NULL,1),(901,325,208,NULL,'literal','','テーブルトークRPG　∥　ロールプレイング',NULL,1),(902,325,268,NULL,'literal','','WIZARDS OF THE COAST',NULL,1),(903,325,244,NULL,'literal','','2010',NULL,1),(904,325,224,210,'resource:item',NULL,NULL,NULL,1),(905,325,241,NULL,'literal','','©2010',NULL,1),(906,325,266,NULL,'literal','','＄19.99',NULL,1),(907,325,248,NULL,'literal','','1 Box',NULL,1),(908,325,219,NULL,'literal','','紙',NULL,1),(909,325,219,NULL,'literal','','プラスチック',NULL,1),(910,325,239,NULL,'literal','','Dungeon\'s Masters Book 64 p',NULL,1),(911,325,239,NULL,'literal','','Character sheet 5枚',NULL,1),(912,325,239,NULL,'literal','','Battle map 2枚',NULL,1),(913,325,239,NULL,'literal','','Power cards 63枚',NULL,1),(914,325,239,NULL,'literal','','Token 56個',NULL,1),(915,325,239,NULL,'literal','','4面ダイス 1個',NULL,1),(916,325,239,NULL,'literal','','12面ダイス 1個',NULL,1),(917,325,239,NULL,'literal','','8面ダイス 1個',NULL,1),(918,325,239,NULL,'literal','','10面ダイス 1個',NULL,1),(919,325,239,NULL,'literal','','20面ダイス 1個',NULL,1),(920,325,239,NULL,'literal','','6面ダイス 1個',NULL,1),(921,325,235,NULL,'literal','','12-',NULL,1),(922,326,1,NULL,'literal',NULL,'怪盗ルパニャンの予告状',NULL,1),(923,326,263,NULL,'literal','ja','怪盗ルパニャンの予告状',NULL,1),(924,326,263,NULL,'literal','en','Notice of Thief Rupanyan',NULL,1),(925,326,263,NULL,'literal','es','AVISO DO LADRÃO RUPANYAN',NULL,1),(926,326,263,NULL,'literal','ja-Hrkt','かいとう るぱにゃん の よこくじょう',NULL,1),(927,326,208,NULL,'customvocab:6','ja','カードゲーム',NULL,1),(928,326,224,85,'resource:item',NULL,NULL,NULL,1),(929,326,262,NULL,'literal',NULL,'STO-20-P10',NULL,1),(930,326,262,NULL,'literal',NULL,'E008',NULL,1),(931,326,262,NULL,'literal',NULL,'No. 211',NULL,1),(932,326,236,NULL,'literal',NULL,'4549131937589',NULL,1),(933,326,249,NULL,'customvocab:7','ja','箱',NULL,1),(934,326,248,NULL,'literal',NULL,'1 Box',NULL,1),(935,326,219,NULL,'customvocab:1','ja','紙',NULL,1),(936,326,239,NULL,'literal',NULL,'カード 55枚',NULL,1),(937,327,1,NULL,'literal','','アラビアの壺',NULL,1),(938,327,263,NULL,'literal','','アラビアの壺',NULL,1),(939,327,234,NULL,'literal','','THE ARABIAN POTS',NULL,1),(940,327,208,NULL,'literal','','ボードゲーム',NULL,1),(941,327,268,NULL,'literal','','GIFT10 INDUSTRY',NULL,1),(942,327,224,190,'resource:item',NULL,NULL,NULL,1),(943,327,220,NULL,'literal','','メモリー　∥　記憶',NULL,1),(944,327,237,NULL,'uri',NULL,'','https://boardgamegeek.com/boardgame/179956/arabian-pots',1),(945,327,238,NULL,'uri',NULL,'','https://bodoge.hoobby.net/games/the-arabian-pots',1),(946,327,270,NULL,'uri',NULL,'公式サイト','https://gift10industry.myshopify.com/products/arabianpot',1),(947,327,240,NULL,'literal','','info@gift10.net',NULL,1),(948,327,266,NULL,'literal','','5800yen',NULL,1),(949,327,248,NULL,'literal','','1 Box',NULL,1),(950,327,219,NULL,'literal','','プラスチック',NULL,1),(951,327,239,NULL,'literal','','ボード1枚',NULL,1),(952,327,239,NULL,'literal','','壺10個',NULL,1),(953,327,264,NULL,'literal','','3',NULL,1),(954,327,264,NULL,'literal','','2-5',NULL,1),(955,327,264,NULL,'literal','','3-5',NULL,1),(956,327,264,NULL,'literal','','2-4',NULL,1),(957,327,264,NULL,'literal','','6-10',NULL,1),(958,327,265,NULL,'literal','','5min',NULL,1),(959,327,265,NULL,'literal','','10min',NULL,1),(960,327,265,NULL,'literal','','15min',NULL,1),(961,327,265,NULL,'literal','','5min',NULL,1),(962,327,265,NULL,'literal','','20min',NULL,1),(963,327,235,NULL,'literal','','3-',NULL,1),(964,327,235,NULL,'literal','','4-',NULL,1),(965,327,235,NULL,'literal','','5-',NULL,1),(966,327,235,NULL,'literal','','6-',NULL,1),(967,327,235,NULL,'literal','','12-',NULL,1),(968,327,259,NULL,'literal','','冊子',NULL,1),(969,327,291,NULL,'literal','','11ページ',NULL,1),(970,327,291,NULL,'literal','','2ページ',NULL,1),(971,327,260,NULL,'literal','','アラビアの壺ルールブック',NULL,1),(972,327,260,NULL,'literal','','ようこそアラビアの壺の世界へ',NULL,1),(973,328,1,NULL,'literal','','クッキングカード',NULL,1),(974,328,263,NULL,'literal','','クッキングカード',NULL,1),(975,328,263,NULL,'literal','','Cooking cards',NULL,1),(976,328,263,NULL,'literal','','CARTĀO DE ALIMENTOS',NULL,1),(977,328,271,NULL,'literal','','知育玩具350',NULL,1),(978,328,271,NULL,'literal','','Educational toys',NULL,1),(979,328,208,NULL,'literal','','カードゲーム',NULL,1),(980,328,268,NULL,'literal','','DAISO',NULL,1),(981,328,224,85,'resource:item',NULL,NULL,NULL,1),(982,328,220,NULL,'literal','','セットコレクション',NULL,1),(983,328,262,NULL,'literal','','STO-20=P10 D-162',NULL,1),(984,328,236,NULL,'literal','','459131946772',NULL,1),(985,328,266,NULL,'literal','','100 yen',NULL,1),(986,328,248,NULL,'literal','','1 Box',NULL,1),(987,328,246,NULL,'literal','','5 * 7.2 cm',NULL,1),(988,328,219,NULL,'literal','','紙',NULL,1),(989,328,239,NULL,'literal','','カード 32枚',NULL,1),(990,328,235,NULL,'literal','','3-',NULL,1),(991,328,258,NULL,'literal','','jpn',NULL,1),(992,328,260,NULL,'literal','','あそびかた',NULL,1),(993,329,1,NULL,'literal','','ミッドナイトパーティ',NULL,1),(994,329,263,NULL,'literal','','鬼馬精霊派對',NULL,1),(995,329,234,NULL,'literal','','ミッドナイトパーティ',NULL,1),(996,329,234,NULL,'literal','','GHOST PARTY',NULL,1),(997,329,234,NULL,'literal','','Mitternachtsparty',NULL,1),(998,329,234,NULL,'literal','','Escape from the Hidden Castle',NULL,1),(999,329,234,NULL,'literal','','ヒューゴ',NULL,1),(1000,329,234,NULL,'literal','','HUGO',NULL,1),(1001,329,208,NULL,'literal','','ボードゲーム',NULL,1),(1002,329,268,NULL,'literal','','Wolfgang Kramer',NULL,1),(1003,329,224,200,'resource:item',NULL,NULL,NULL,1),(1004,329,198,199,'resource:item',NULL,NULL,NULL,1),(1005,329,196,304,'resource:item',NULL,NULL,NULL,1),(1006,329,241,NULL,'literal','','1998',NULL,1),(1007,329,220,NULL,'literal','','ダイスロール',NULL,1),(1008,329,220,NULL,'literal','','出目移動',NULL,1),(1009,329,220,NULL,'literal','','プレイヤーの脱落',NULL,1),(1010,329,237,NULL,'uri',NULL,'','https://boardgamegeek.com/boardgame/444/escape-hidden-castle',1),(1011,329,238,NULL,'uri',NULL,'','https://bodoge.hoobby.net/games/mitternachtsparty',1),(1012,329,236,NULL,'literal','','4005556261826',NULL,1),(1013,329,249,NULL,'customvocab:7','ja','箱',NULL,1),(1014,329,248,NULL,'literal','','1 Box',NULL,1),(1015,329,246,NULL,'literal','','27 * 38 cm',NULL,1),(1016,329,219,NULL,'literal','','紙',NULL,1),(1017,329,219,NULL,'literal','','プラスチック',NULL,1),(1018,329,239,NULL,'literal','','招待客コマ 30',NULL,1),(1019,329,239,NULL,'literal','','おばけ（ヒューゴ）コマ 1',NULL,1),(1020,329,239,NULL,'literal','','ダイス 1',NULL,1),(1021,329,239,NULL,'literal','','ボード 1',NULL,1),(1022,330,1,NULL,'literal','','ハリウッド',NULL,1),(1023,330,263,NULL,'literal','','Traumfabrik',NULL,1),(1024,330,234,NULL,'literal','','ハリウッド',NULL,1),(1025,330,234,NULL,'literal','','Dream Factory',NULL,1),(1026,330,234,NULL,'literal','','ドリームファクトリー',NULL,1),(1027,330,234,NULL,'literal','','Wer macht den besten Film?',NULL,1),(1028,330,208,NULL,'literal','','ボードゲーム',NULL,1),(1029,330,268,NULL,'literal','','Reiner Knizia',NULL,1),(1030,330,224,201,'resource:item',NULL,NULL,NULL,1),(1031,330,198,213,'resource:item',NULL,NULL,NULL,1),(1032,330,196,301,'resource:item',NULL,NULL,NULL,1),(1033,330,241,NULL,'literal','','2000',NULL,1),(1034,330,220,NULL,'literal','','タイル・カード配置',NULL,1),(1035,330,237,NULL,'uri',NULL,'','https://boardgamegeek.com/boardgame/904/dream-factory',1),(1036,330,238,NULL,'uri',NULL,'','https://bodoge.hoobby.net/games/dream-factory',1),(1037,330,236,NULL,'literal','','5023117593017',NULL,1),(1038,330,248,NULL,'literal','','1 Box',NULL,1),(1039,330,246,NULL,'literal','','27 * 45 cm',NULL,1),(1040,330,219,NULL,'literal','','紙',NULL,1),(1041,330,239,NULL,'literal','','ゲームボード1, ついたて5, 台本22, 契約書チップ50(+1), プロダクションチップ93, 作品ポイントチップ30, 映画賞11, カメラコマ1',NULL,1),(1042,330,264,NULL,'literal','','2-5',NULL,1),(1043,330,265,NULL,'literal','','45min',NULL,1),(1044,330,235,NULL,'literal','','12-',NULL,1),(1045,330,258,NULL,'literal','','deu',NULL,1),(1046,331,1,NULL,'literal','','アクワイア',NULL,1),(1047,331,263,NULL,'literal','','Acquire',NULL,1),(1048,331,263,NULL,'literal','','アクワイア',NULL,1),(1049,331,208,NULL,'literal','','ボードゲーム',NULL,1),(1050,331,224,204,'resource:item',NULL,NULL,NULL,1),(1051,331,241,NULL,'literal','','1976',NULL,1),(1052,331,220,NULL,'literal','','タイル・カード配置',NULL,1),(1053,331,237,NULL,'uri',NULL,'','https://boardgamegeek.com/boardgame/5/acquire',1),(1054,331,238,NULL,'uri',NULL,'','https://bodoge.hoobby.net/games/acquire',1),(1055,331,283,NULL,'uri',NULL,'','https://www.wikidata.org/wiki/Q342547',1),(1056,331,236,NULL,'literal','','45708001409',NULL,1),(1057,331,248,NULL,'literal','','1 Box',NULL,1),(1058,331,246,NULL,'literal','','29 * 22 cm',NULL,1),(1059,331,264,NULL,'literal','','2-6',NULL,1),(1060,331,265,NULL,'literal','','75 min',NULL,1),(1061,331,258,NULL,'literal','','eng',NULL,1),(1062,331,259,NULL,'literal','','紙葉',NULL,1),(1063,332,1,NULL,'literal',NULL,'Tanz der Hornochsen!',NULL,1),(1064,332,263,NULL,'literal',NULL,'Tanz der Hornochsen!',NULL,1),(1065,332,208,NULL,'literal',NULL,'ボードゲーム',NULL,1),(1066,332,224,202,'resource:item',NULL,NULL,NULL,1),(1067,332,198,213,'resource:item',NULL,NULL,NULL,1),(1068,332,196,304,'resource:item',NULL,NULL,NULL,1),(1069,332,220,NULL,'literal',NULL,'チキンレース',NULL,1),(1070,332,220,NULL,'literal',NULL,'タイル・カード配置',NULL,1),(1071,332,220,NULL,'literal',NULL,'バースト',NULL,1),(1072,332,237,NULL,'uri',NULL,NULL,'https://boardgamegeek.com/boardgame/13005/tanz-der-hornochsen',1),(1073,332,238,NULL,'uri',NULL,NULL,'https://bodoge.hoobby.net/games/tanz-der-hornochsen',1),(1074,332,236,NULL,'literal',NULL,'4007396043303',NULL,1),(1075,332,249,NULL,'customvocab:7','ja','箱',NULL,1),(1076,332,248,NULL,'literal',NULL,'1 Box',NULL,1),(1077,332,246,NULL,'literal',NULL,'27 * 38 cm',NULL,1),(1078,332,219,NULL,'literal',NULL,'紙',NULL,1),(1079,332,239,NULL,'literal',NULL,'タイル 99',NULL,1),(1080,332,239,NULL,'literal',NULL,'コマ 8',NULL,1),(1081,332,239,NULL,'literal',NULL,'目隠し 8',NULL,1),(1082,332,239,NULL,'literal',NULL,'ボード 1',NULL,1),(1083,332,239,NULL,'literal',NULL,'マニュアル 1',NULL,1),(1084,332,264,NULL,'literal',NULL,'2-8',NULL,1),(1085,332,265,NULL,'literal',NULL,'45 min',NULL,1),(1086,332,235,NULL,'literal',NULL,'8-',NULL,1),(1087,332,258,NULL,'literal',NULL,'deu',NULL,1),(1088,332,259,NULL,'literal',NULL,'シート',NULL,1),(1089,332,292,NULL,'literal',NULL,'失点回避',NULL,1),(1090,333,1,NULL,'literal','','ミシシッピ・クイーン',NULL,1),(1091,333,263,NULL,'literal','','Mississippi Queen',NULL,1),(1092,333,234,NULL,'literal','','ミシシッピ・クイーン',NULL,1),(1093,333,208,NULL,'literal','','ボードゲーム',NULL,1),(1094,333,224,203,'resource:item',NULL,NULL,NULL,1),(1095,333,198,213,'resource:item',NULL,NULL,NULL,1),(1096,333,196,305,'resource:item',NULL,NULL,NULL,1),(1097,333,241,NULL,'literal','','1997',NULL,1),(1098,333,220,NULL,'literal','','出目移動',NULL,1),(1099,333,220,NULL,'literal','','ダイスロール',NULL,1),(1100,333,220,NULL,'literal','','グリッド移動',NULL,1),(1101,333,220,NULL,'literal','','プレイヤーの脱落',NULL,1),(1102,333,237,NULL,'uri',NULL,'Mississippi Queen','https://boardgamegeek.com/boardgame/256/mississippi-queen',1),(1103,333,238,NULL,'uri',NULL,'ミシシッピ・クイーン','https://bodoge.hoobby.net/games/mississippi-queen',1),(1104,333,283,NULL,'uri',NULL,'Mississippi Queen','http://www.wikidata.org/entity/Q972726',1),(1105,333,236,NULL,'literal','','4006592670887',NULL,1),(1106,333,248,NULL,'literal','','1 Box',NULL,1),(1107,333,246,NULL,'literal','','38 * 26 cm',NULL,1),(1108,333,219,NULL,'literal','','紙',NULL,1),(1109,333,219,NULL,'literal','','プラスチック',NULL,1),(1110,333,239,NULL,'literal','','河川タイル 12',NULL,1),(1111,333,239,NULL,'literal','','上陸地点タイル 1',NULL,1),(1112,333,239,NULL,'literal','','計測棒 1',NULL,1),(1113,333,239,NULL,'literal','','蒸気船コマ 5',NULL,1),(1114,333,239,NULL,'literal','','メーター 10',NULL,1),(1115,333,239,NULL,'literal','','乗客 16',NULL,1),(1116,333,239,NULL,'literal','','方向ダイス 1',NULL,1),(1117,333,239,NULL,'literal','','シール 1',NULL,1),(1118,333,264,NULL,'literal','','3-5',NULL,1),(1119,333,265,NULL,'literal','','30-40',NULL,1),(1120,333,235,NULL,'literal','','10-',NULL,1),(1121,333,258,NULL,'literal','','deu',NULL,1),(1122,325,258,NULL,'literal','','eng',NULL,1),(1123,333,259,NULL,'literal','','紙葉',NULL,1),(1124,333,189,NULL,'literal','','ドイツ年間ゲーム大賞 1997',NULL,1),(1125,333,189,NULL,'literal','','Spiel des Jahres Winner',NULL,1),(1126,332,292,NULL,'literal',NULL,'ボード・ニムト',NULL,1),(1127,332,189,NULL,'literal',NULL,'Spiel des Jahres Recommended',NULL,1),(1128,332,189,NULL,'literal',NULL,'Spiel der Spiele Hit für Familien Recommended',NULL,1),(1129,331,292,NULL,'literal','','株式投資',NULL,1),(1130,330,258,NULL,'literal','','jpn',NULL,1),(1131,330,259,NULL,'literal','','冊子',NULL,1),(1132,330,292,NULL,'literal','','映画制作',NULL,1),(1133,329,239,NULL,'literal','','説明書 1',NULL,1),(1134,329,264,NULL,'literal','','2-8',NULL,1),(1135,328,292,NULL,'literal','','料理',NULL,1),(1136,327,292,NULL,'literal','','視覚障碍者と健常者が一緒に遊べるという事に主観をおいたゲームデザイン。',NULL,1),(1137,326,264,NULL,'literal',NULL,'2-4',NULL,1),(1138,324,259,NULL,'customvocab:2','ja','シート',NULL,1),(1139,323,259,NULL,'literal','','冊子',NULL,1),(1140,323,291,NULL,'literal','','8ページ, 3冊',NULL,1),(1141,322,239,NULL,'literal',NULL,'早見表 4枚',NULL,1),(1142,321,248,NULL,'literal','','1 Box',NULL,1),(1143,321,246,NULL,'literal','','10 * 13 * 3 cm',NULL,1),(1144,320,235,NULL,'literal','','13-',NULL,1),(1145,320,258,NULL,'literal','','jpn',NULL,1),(1146,333,189,NULL,'literal','','Essener Feder Best Written Rules Winner',NULL,1),(1147,333,192,NULL,'literal','','川',NULL,1),(1148,333,192,NULL,'literal','','New Orleans',NULL,1),(1149,333,192,NULL,'literal','','ニューオリンズ',NULL,1),(1150,333,192,NULL,'literal','','蒸気船',NULL,1),(1151,333,193,NULL,'literal','','1871',NULL,1),(1152,333,222,NULL,'literal','','その他',NULL,1),(1153,321,282,NULL,'literal','','270 g',NULL,1),(1154,321,219,NULL,'customvocab:1','ja','紙',NULL,1),(1155,334,1,NULL,'literal',NULL,'Chris Cieslik',NULL,1),(1156,334,263,NULL,'literal','en','Chris Cieslik',NULL,1),(1157,320,259,NULL,'literal','','冊子',NULL,1),(1158,321,239,NULL,'literal','','90 cards',NULL,1),(1159,321,239,NULL,'literal','','1 rulebook',NULL,1),(1160,321,264,NULL,'literal','','2-10',NULL,1),(1161,321,265,NULL,'literal','','1-5 分',NULL,1),(1162,321,235,NULL,'literal','','13-',NULL,1),(1163,321,258,NULL,'literal','','jpn',NULL,1),(1164,321,259,NULL,'literal','','冊子',NULL,1),(1165,321,260,NULL,'literal','','テストプレイなんてしてないよ ゾンビとバナナ',NULL,1),(1166,321,273,NULL,'literal','','容器',NULL,1),(1167,321,273,NULL,'literal','','https://asmadigames.com/buy-games.php 英語版タイトル取得元: Asmadi GAMES: GAME STORE',NULL,1),(1168,320,273,NULL,'literal','','https://www.amazon.co.jp/dp/B0761STXV6 出版日取得元',NULL,1),(1169,335,1,NULL,'literal','','山田空太',NULL,1),(1170,335,263,NULL,'literal','','山田空太',NULL,1),(1171,335,263,NULL,'literal','ja-Hrkt','やまだくうた',NULL,1),(1172,335,139,NULL,'literal','','空太',NULL,1),(1173,335,145,NULL,'literal','','山田',NULL,1),(1174,335,273,NULL,'uri',NULL,'','https://twitter.com/postmanrace',1),(1175,335,273,322,'resource',NULL,NULL,NULL,1),(1176,322,258,NULL,'literal',NULL,'jpn',NULL,1),(1177,326,258,NULL,'literal',NULL,'jpn',NULL,1),(1178,326,292,NULL,'literal',NULL,'名画「最高の晩餐」',NULL,1),(1179,326,292,NULL,'literal',NULL,'猫',NULL,1),(1180,326,273,NULL,'literal',NULL,'容器',NULL,1),(1182,332,189,NULL,'literal',NULL,'ドイツ年間ゲーム大賞ノミネート',NULL,1),(1183,332,189,NULL,'literal',NULL,'オーストリアゲーム賞ノミネート',NULL,1),(1184,332,190,NULL,'literal',NULL,'牛',NULL,1),(1185,332,192,NULL,'literal',NULL,'牧場',NULL,1),(1186,332,222,NULL,'literal',NULL,'コミカル',NULL,1),(1187,329,265,NULL,'literal','','30 min',NULL,1),(1188,329,235,NULL,'literal','','6-',NULL,1),(1189,329,258,NULL,'literal','','chi',NULL,1),(1190,329,258,NULL,'literal','','eng',NULL,1),(1191,329,259,NULL,'literal','','冊子',NULL,1),(1192,329,292,NULL,'literal','','レース',NULL,1),(1193,212,278,NULL,'uri',NULL,NULL,'https://www.newgamesorder.jp/',1),(1194,212,273,322,'resource:item',NULL,NULL,NULL,1),(1195,213,290,NULL,'literal','ja','東京都文京区後楽1-1-15 梅澤ビル5階',NULL,1),(1196,213,278,NULL,'uri',NULL,NULL,'https://www.mobius-games.co.jp/',1),(1197,213,273,NULL,'literal',NULL,'https://www.mobius-games.co.jp/',NULL,1),(1198,212,273,NULL,'uri',NULL,NULL,'https://www.newgamesorder.jp/',1),(1199,210,270,NULL,'uri',NULL,NULL,'https://id.ndl.go.jp/auth/ndlna/001323137',1),(1200,210,278,NULL,'uri',NULL,NULL,'https://company.wizards.com/',1),(1201,210,273,NULL,'uri',NULL,NULL,'https://company.wizards.com/',1),(1202,208,234,NULL,'literal','en','cosaic Co., Ltd.',NULL,1),(1203,208,288,NULL,'literal',NULL,'2012-07-20',NULL,1),(1204,208,290,NULL,'literal',NULL,'大阪府吹田市',NULL,1),(1205,208,278,NULL,'uri',NULL,NULL,'http://www.cosaic.co.jp/',1),(1206,208,273,NULL,'uri',NULL,NULL,'http://www.cosaic.co.jp/',1),(1207,208,273,320,'resource:item',NULL,NULL,NULL,1),(1208,197,290,NULL,'literal',NULL,'兵庫県神戸市中央区',NULL,1),(1209,197,283,NULL,'Wikidata:mediawiki:all',NULL,'Group SNE','http://www.wikidata.org/entity/Q5611191',1),(1210,197,237,NULL,'uri',NULL,NULL,'https://www.boardgamegeek.com/boardgamepublisher/1386/group-sne',1),(1211,197,270,NULL,'uri',NULL,NULL,'https://mediaarts-db.bunka.go.jp/id/C46757',1),(1212,197,270,NULL,'uri',NULL,NULL,'https://viaf.org/viaf/251138529/',1),(1213,197,270,NULL,'uri',NULL,NULL,'https://id.ndl.go.jp/auth/ndlna/00279383',1),(1214,197,278,NULL,'uri',NULL,NULL,'http://www.groupsne.co.jp/',1),(1215,197,273,NULL,'uri',NULL,NULL,'http://www.groupsne.co.jp/',1),(1216,192,270,NULL,'uri',NULL,NULL,'https://viaf.org/viaf/256988648/',1),(1217,192,270,NULL,'uri',NULL,NULL,'https://id.ndl.go.jp/auth/ndlna/00720053',1),(1218,192,278,NULL,'uri',NULL,NULL,'http://hobbyjapan.co.jp/',1),(1219,192,273,NULL,'uri',NULL,NULL,'http://www.hobbyjapan.co.jp/',1),(1220,322,273,NULL,'literal',NULL,'価格取得元 Table Games in the World - 世界のボードゲーム情報サイト. http://www.tgiw.info/2015/08/karesansui_ver2.html (accessed 2018-10-03)',NULL,1),(1221,334,237,NULL,'uri',NULL,NULL,'https://boardgamegeek.com/boardgamedesigner/7011/chris-cieslik',1),(1222,334,278,NULL,'uri',NULL,NULL,'https://twitter.com/asmadigames',1),(1223,324,291,NULL,'literal',NULL,'1枚',NULL,1),(1224,324,273,NULL,'literal',NULL,'公開日取得元 https://www.amazon.co.jp/dp/B0078WZSK0',NULL,1);
/*!40000 ALTER TABLE `value` ENABLE KEYS */;
UNLOCK TABLES;

--
-- Table structure for table `vocabulary`
--

DROP TABLE IF EXISTS `vocabulary`;
/*!40101 SET @saved_cs_client     = @@character_set_client */;
/*!40101 SET character_set_client = utf8 */;
CREATE TABLE `vocabulary` (
  `id` int(11) NOT NULL AUTO_INCREMENT,
  `owner_id` int(11) DEFAULT NULL,
  `namespace_uri` varchar(190) COLLATE utf8mb4_unicode_ci NOT NULL,
  `prefix` varchar(190) COLLATE utf8mb4_unicode_ci NOT NULL,
  `label` varchar(255) COLLATE utf8mb4_unicode_ci NOT NULL,
  `comment` longtext COLLATE utf8mb4_unicode_ci DEFAULT NULL,
  PRIMARY KEY (`id`),
  UNIQUE KEY `UNIQ_9099C97B9B267FDF` (`namespace_uri`),
  UNIQUE KEY `UNIQ_9099C97B93B1868E` (`prefix`),
  KEY `IDX_9099C97B7E3C61F9` (`owner_id`),
  CONSTRAINT `FK_9099C97B7E3C61F9` FOREIGN KEY (`owner_id`) REFERENCES `user` (`id`) ON DELETE SET NULL
) ENGINE=InnoDB AUTO_INCREMENT=7 DEFAULT CHARSET=utf8mb4 COLLATE=utf8mb4_unicode_ci;
/*!40101 SET character_set_client = @saved_cs_client */;

--
-- Dumping data for table `vocabulary`
--

LOCK TABLES `vocabulary` WRITE;
/*!40000 ALTER TABLE `vocabulary` DISABLE KEYS */;
INSERT INTO `vocabulary` VALUES (1,NULL,'http://purl.org/dc/terms/','dcterms','Dublin Core','Basic resource metadata (DCMI Metadata Terms)'),(2,NULL,'http://purl.org/dc/dcmitype/','dctype','Dublin Core Type','Basic resource types (DCMI Type Vocabulary)'),(3,NULL,'http://purl.org/ontology/bibo/','bibo','Bibliographic Ontology','Bibliographic metadata (BIBO)'),(4,NULL,'http://xmlns.com/foaf/0.1/','foaf','Friend of a Friend','Relationships between people and organizations (FOAF)'),(5,1,'https://www.analoggamemuseum.org/ontology/','ag','Analog Game Ontology',NULL),(6,1,'https://schema.org/','schema','schema',NULL);
/*!40000 ALTER TABLE `vocabulary` ENABLE KEYS */;
UNLOCK TABLES;
/*!40103 SET TIME_ZONE=@OLD_TIME_ZONE */;

/*!40101 SET SQL_MODE=@OLD_SQL_MODE */;
/*!40014 SET FOREIGN_KEY_CHECKS=@OLD_FOREIGN_KEY_CHECKS */;
/*!40014 SET UNIQUE_CHECKS=@OLD_UNIQUE_CHECKS */;
/*!40101 SET CHARACTER_SET_CLIENT=@OLD_CHARACTER_SET_CLIENT */;
/*!40101 SET CHARACTER_SET_RESULTS=@OLD_CHARACTER_SET_RESULTS */;
/*!40101 SET COLLATION_CONNECTION=@OLD_COLLATION_CONNECTION */;
/*!40111 SET SQL_NOTES=@OLD_SQL_NOTES */;

-- Dump completed on 2021-11-22  1:45:23
